<?xml version="1.0" encoding="UTF-8"?>
<gpx creator="StravaGPX" version="1.1" xmlns="http://www.topografix.com/GPX/1/1" xmlns:xsi="http://www.w3.org/2001/XMLSchema-instance" xsi:schemaLocation="http://www.topografix.com/GPX/1/1 http://www.topografix.com/GPX/1/1/gpx.xsd">
 <metadata>
  <time>2026-04-04T13:36:55Z</time>
 </metadata>
 <trk>
  <name>Petite Camargue nur französische Seite</name>
  <type>cycling</type>
  <trkseg>
   <trkpt lat="47.5691630" lon="7.5904120">
    <ele>255.6</ele>
    <time>2026-04-04T13:36:55Z</time>
   </trkpt>
   <trkpt lat="47.5691330" lon="7.5904100">
    <ele>255.6</ele>
    <time>2026-04-04T13:36:56Z</time>
   </trkpt>
   <trkpt lat="47.5691310" lon="7.5904070">
    <ele>255.6</ele>
    <time>2026-04-04T13:36:57Z</time>
   </trkpt>
   <trkpt lat="47.5691350" lon="7.5904050">
    <ele>255.6</ele>
    <time>2026-04-04T13:36:58Z</time>
   </trkpt>
   <trkpt lat="47.5691380" lon="7.5904030">
    <ele>255.6</ele>
    <time>2026-04-04T13:36:59Z</time>
   </trkpt>
   <trkpt lat="47.5691410" lon="7.5904010">
    <ele>255.6</ele>
    <time>2026-04-04T13:37:00Z</time>
   </trkpt>
   <trkpt lat="47.5691450" lon="7.5903990">
    <ele>255.6</ele>
    <time>2026-04-04T13:37:01Z</time>
   </trkpt>
   <trkpt lat="47.5691480" lon="7.5903970">
    <ele>255.6</ele>
    <time>2026-04-04T13:37:02Z</time>
   </trkpt>
   <trkpt lat="47.5691510" lon="7.5903950">
    <ele>255.6</ele>
    <time>2026-04-04T13:37:03Z</time>
   </trkpt>
   <trkpt lat="47.5691550" lon="7.5903930">
    <ele>255.6</ele>
    <time>2026-04-04T13:37:04Z</time>
   </trkpt>
   <trkpt lat="47.5691580" lon="7.5903910">
    <ele>255.6</ele>
    <time>2026-04-04T13:37:05Z</time>
   </trkpt>
   <trkpt lat="47.5691610" lon="7.5903890">
    <ele>255.6</ele>
    <time>2026-04-04T13:37:06Z</time>
   </trkpt>
   <trkpt lat="47.5691650" lon="7.5903870">
    <ele>255.6</ele>
    <time>2026-04-04T13:37:07Z</time>
   </trkpt>
   <trkpt lat="47.5691680" lon="7.5903850">
    <ele>255.6</ele>
    <time>2026-04-04T13:37:08Z</time>
   </trkpt>
   <trkpt lat="47.5691710" lon="7.5903830">
    <ele>255.6</ele>
    <time>2026-04-04T13:37:09Z</time>
   </trkpt>
   <trkpt lat="47.5691750" lon="7.5903810">
    <ele>255.6</ele>
    <time>2026-04-04T13:37:10Z</time>
   </trkpt>
   <trkpt lat="47.5691780" lon="7.5903790">
    <ele>255.6</ele>
    <time>2026-04-04T13:37:11Z</time>
   </trkpt>
   <trkpt lat="47.5692280" lon="7.5903160">
    <ele>255.5</ele>
    <time>2026-04-04T13:37:12Z</time>
   </trkpt>
   <trkpt lat="47.5692540" lon="7.5902630">
    <ele>255.5</ele>
    <time>2026-04-04T13:37:13Z</time>
   </trkpt>
   <trkpt lat="47.5692830" lon="7.5902500">
    <ele>255.5</ele>
    <time>2026-04-04T13:37:14Z</time>
   </trkpt>
   <trkpt lat="47.5693120" lon="7.5902280">
    <ele>255.5</ele>
    <time>2026-04-04T13:37:15Z</time>
   </trkpt>
   <trkpt lat="47.5693390" lon="7.5902120">
    <ele>255.4</ele>
    <time>2026-04-04T13:37:16Z</time>
   </trkpt>
   <trkpt lat="47.5693690" lon="7.5902040">
    <ele>255.4</ele>
    <time>2026-04-04T13:37:17Z</time>
   </trkpt>
   <trkpt lat="47.5694040" lon="7.5901990">
    <ele>255.3</ele>
    <time>2026-04-04T13:37:18Z</time>
   </trkpt>
   <trkpt lat="47.5694150" lon="7.5901990">
    <ele>255.3</ele>
    <time>2026-04-04T13:37:19Z</time>
   </trkpt>
   <trkpt lat="47.5694490" lon="7.5901970">
    <ele>255.3</ele>
    <time>2026-04-04T13:37:20Z</time>
   </trkpt>
   <trkpt lat="47.5694600" lon="7.5901960">
    <ele>255.3</ele>
    <time>2026-04-04T13:37:21Z</time>
   </trkpt>
   <trkpt lat="47.5694820" lon="7.5901710">
    <ele>255.2</ele>
    <time>2026-04-04T13:37:22Z</time>
   </trkpt>
   <trkpt lat="47.5695120" lon="7.5901580">
    <ele>255.2</ele>
    <time>2026-04-04T13:37:23Z</time>
   </trkpt>
   <trkpt lat="47.5695520" lon="7.5901640">
    <ele>255.1</ele>
    <time>2026-04-04T13:37:24Z</time>
   </trkpt>
   <trkpt lat="47.5695870" lon="7.5901680">
    <ele>255.1</ele>
    <time>2026-04-04T13:37:25Z</time>
   </trkpt>
   <trkpt lat="47.5696290" lon="7.5901850">
    <ele>255.0</ele>
    <time>2026-04-04T13:37:26Z</time>
   </trkpt>
   <trkpt lat="47.5696700" lon="7.5902030">
    <ele>255.0</ele>
    <time>2026-04-04T13:37:27Z</time>
   </trkpt>
   <trkpt lat="47.5697080" lon="7.5902150">
    <ele>254.9</ele>
    <time>2026-04-04T13:37:28Z</time>
   </trkpt>
   <trkpt lat="47.5697490" lon="7.5902230">
    <ele>254.9</ele>
    <time>2026-04-04T13:37:29Z</time>
   </trkpt>
   <trkpt lat="47.5697890" lon="7.5902210">
    <ele>254.9</ele>
    <time>2026-04-04T13:37:30Z</time>
   </trkpt>
   <trkpt lat="47.5698330" lon="7.5902170">
    <ele>254.9</ele>
    <time>2026-04-04T13:37:31Z</time>
   </trkpt>
   <trkpt lat="47.5698740" lon="7.5902210">
    <ele>254.8</ele>
    <time>2026-04-04T13:37:32Z</time>
   </trkpt>
   <trkpt lat="47.5699020" lon="7.5902290">
    <ele>254.8</ele>
    <time>2026-04-04T13:37:33Z</time>
   </trkpt>
   <trkpt lat="47.5699300" lon="7.5902390">
    <ele>254.7</ele>
    <time>2026-04-04T13:37:34Z</time>
   </trkpt>
   <trkpt lat="47.5699660" lon="7.5902430">
    <ele>254.7</ele>
    <time>2026-04-04T13:37:35Z</time>
   </trkpt>
   <trkpt lat="47.5699960" lon="7.5902370">
    <ele>254.6</ele>
    <time>2026-04-04T13:37:36Z</time>
   </trkpt>
   <trkpt lat="47.5700260" lon="7.5902200">
    <ele>254.5</ele>
    <time>2026-04-04T13:37:37Z</time>
   </trkpt>
   <trkpt lat="47.5700570" lon="7.5902090">
    <ele>254.5</ele>
    <time>2026-04-04T13:37:38Z</time>
   </trkpt>
   <trkpt lat="47.5700910" lon="7.5901960">
    <ele>254.4</ele>
    <time>2026-04-04T13:37:39Z</time>
   </trkpt>
   <trkpt lat="47.5701230" lon="7.5901750">
    <ele>254.3</ele>
    <time>2026-04-04T13:37:40Z</time>
   </trkpt>
   <trkpt lat="47.5701570" lon="7.5901520">
    <ele>254.3</ele>
    <time>2026-04-04T13:37:41Z</time>
   </trkpt>
   <trkpt lat="47.5701900" lon="7.5901200">
    <ele>254.2</ele>
    <time>2026-04-04T13:37:42Z</time>
   </trkpt>
   <trkpt lat="47.5702200" lon="7.5900920">
    <ele>254.2</ele>
    <time>2026-04-04T13:37:43Z</time>
   </trkpt>
   <trkpt lat="47.5702500" lon="7.5900660">
    <ele>254.1</ele>
    <time>2026-04-04T13:37:44Z</time>
   </trkpt>
   <trkpt lat="47.5702790" lon="7.5900430">
    <ele>254.1</ele>
    <time>2026-04-04T13:37:45Z</time>
   </trkpt>
   <trkpt lat="47.5703070" lon="7.5900200">
    <ele>254.1</ele>
    <time>2026-04-04T13:37:46Z</time>
   </trkpt>
   <trkpt lat="47.5703330" lon="7.5899960">
    <ele>254.1</ele>
    <time>2026-04-04T13:37:47Z</time>
   </trkpt>
   <trkpt lat="47.5703570" lon="7.5899750">
    <ele>254.1</ele>
    <time>2026-04-04T13:37:48Z</time>
   </trkpt>
   <trkpt lat="47.5703840" lon="7.5899580">
    <ele>254.2</ele>
    <time>2026-04-04T13:37:49Z</time>
   </trkpt>
   <trkpt lat="47.5704130" lon="7.5899480">
    <ele>254.2</ele>
    <time>2026-04-04T13:37:50Z</time>
   </trkpt>
   <trkpt lat="47.5704410" lon="7.5899430">
    <ele>254.3</ele>
    <time>2026-04-04T13:37:51Z</time>
   </trkpt>
   <trkpt lat="47.5704790" lon="7.5899320">
    <ele>254.2</ele>
    <time>2026-04-04T13:37:52Z</time>
   </trkpt>
   <trkpt lat="47.5704910" lon="7.5899270">
    <ele>254.2</ele>
    <time>2026-04-04T13:37:53Z</time>
   </trkpt>
   <trkpt lat="47.5705210" lon="7.5899020">
    <ele>254.2</ele>
    <time>2026-04-04T13:37:54Z</time>
   </trkpt>
   <trkpt lat="47.5705290" lon="7.5898910">
    <ele>254.2</ele>
    <time>2026-04-04T13:37:55Z</time>
   </trkpt>
   <trkpt lat="47.5705440" lon="7.5898410">
    <ele>254.3</ele>
    <time>2026-04-04T13:37:56Z</time>
   </trkpt>
   <trkpt lat="47.5705470" lon="7.5898210">
    <ele>254.3</ele>
    <time>2026-04-04T13:37:57Z</time>
   </trkpt>
   <trkpt lat="47.5705530" lon="7.5897760">
    <ele>254.3</ele>
    <time>2026-04-04T13:37:58Z</time>
   </trkpt>
   <trkpt lat="47.5705610" lon="7.5897280">
    <ele>254.4</ele>
    <time>2026-04-04T13:37:59Z</time>
   </trkpt>
   <trkpt lat="47.5705660" lon="7.5896770">
    <ele>254.4</ele>
    <time>2026-04-04T13:38:00Z</time>
   </trkpt>
   <trkpt lat="47.5705690" lon="7.5896250">
    <ele>254.5</ele>
    <time>2026-04-04T13:38:01Z</time>
   </trkpt>
   <trkpt lat="47.5705680" lon="7.5895730">
    <ele>254.5</ele>
    <time>2026-04-04T13:38:02Z</time>
   </trkpt>
   <trkpt lat="47.5705660" lon="7.5895220">
    <ele>254.5</ele>
    <time>2026-04-04T13:38:03Z</time>
   </trkpt>
   <trkpt lat="47.5705630" lon="7.5894710">
    <ele>254.6</ele>
    <time>2026-04-04T13:38:04Z</time>
   </trkpt>
   <trkpt lat="47.5705600" lon="7.5894210">
    <ele>254.6</ele>
    <time>2026-04-04T13:38:05Z</time>
   </trkpt>
   <trkpt lat="47.5705570" lon="7.5893720">
    <ele>254.7</ele>
    <time>2026-04-04T13:38:06Z</time>
   </trkpt>
   <trkpt lat="47.5705560" lon="7.5893220">
    <ele>254.8</ele>
    <time>2026-04-04T13:38:07Z</time>
   </trkpt>
   <trkpt lat="47.5705550" lon="7.5892720">
    <ele>254.9</ele>
    <time>2026-04-04T13:38:08Z</time>
   </trkpt>
   <trkpt lat="47.5705530" lon="7.5892210">
    <ele>255.0</ele>
    <time>2026-04-04T13:38:09Z</time>
   </trkpt>
   <trkpt lat="47.5705510" lon="7.5891720">
    <ele>255.1</ele>
    <time>2026-04-04T13:38:10Z</time>
   </trkpt>
   <trkpt lat="47.5705490" lon="7.5891240">
    <ele>255.2</ele>
    <time>2026-04-04T13:38:11Z</time>
   </trkpt>
   <trkpt lat="47.5705490" lon="7.5890750">
    <ele>255.4</ele>
    <time>2026-04-04T13:38:12Z</time>
   </trkpt>
   <trkpt lat="47.5705490" lon="7.5890240">
    <ele>255.5</ele>
    <time>2026-04-04T13:38:13Z</time>
   </trkpt>
   <trkpt lat="47.5705470" lon="7.5889750">
    <ele>255.6</ele>
    <time>2026-04-04T13:38:14Z</time>
   </trkpt>
   <trkpt lat="47.5705450" lon="7.5889260">
    <ele>255.8</ele>
    <time>2026-04-04T13:38:15Z</time>
   </trkpt>
   <trkpt lat="47.5705420" lon="7.5888780">
    <ele>255.9</ele>
    <time>2026-04-04T13:38:16Z</time>
   </trkpt>
   <trkpt lat="47.5705400" lon="7.5888290">
    <ele>256.1</ele>
    <time>2026-04-04T13:38:17Z</time>
   </trkpt>
   <trkpt lat="47.5705390" lon="7.5887820">
    <ele>256.2</ele>
    <time>2026-04-04T13:38:18Z</time>
   </trkpt>
   <trkpt lat="47.5705400" lon="7.5887330">
    <ele>256.4</ele>
    <time>2026-04-04T13:38:19Z</time>
   </trkpt>
   <trkpt lat="47.5705390" lon="7.5886840">
    <ele>256.5</ele>
    <time>2026-04-04T13:38:20Z</time>
   </trkpt>
   <trkpt lat="47.5705390" lon="7.5886350">
    <ele>256.6</ele>
    <time>2026-04-04T13:38:21Z</time>
   </trkpt>
   <trkpt lat="47.5705390" lon="7.5885870">
    <ele>256.8</ele>
    <time>2026-04-04T13:38:22Z</time>
   </trkpt>
   <trkpt lat="47.5705380" lon="7.5885410">
    <ele>256.9</ele>
    <time>2026-04-04T13:38:23Z</time>
   </trkpt>
   <trkpt lat="47.5705360" lon="7.5884930">
    <ele>257.0</ele>
    <time>2026-04-04T13:38:24Z</time>
   </trkpt>
   <trkpt lat="47.5705350" lon="7.5884450">
    <ele>257.1</ele>
    <time>2026-04-04T13:38:25Z</time>
   </trkpt>
   <trkpt lat="47.5705350" lon="7.5883980">
    <ele>257.3</ele>
    <time>2026-04-04T13:38:26Z</time>
   </trkpt>
   <trkpt lat="47.5705340" lon="7.5883530">
    <ele>257.4</ele>
    <time>2026-04-04T13:38:27Z</time>
   </trkpt>
   <trkpt lat="47.5705320" lon="7.5883060">
    <ele>257.5</ele>
    <time>2026-04-04T13:38:28Z</time>
   </trkpt>
   <trkpt lat="47.5705290" lon="7.5882610">
    <ele>257.6</ele>
    <time>2026-04-04T13:38:29Z</time>
   </trkpt>
   <trkpt lat="47.5705280" lon="7.5882130">
    <ele>257.7</ele>
    <time>2026-04-04T13:38:30Z</time>
   </trkpt>
   <trkpt lat="47.5705280" lon="7.5881660">
    <ele>257.9</ele>
    <time>2026-04-04T13:38:31Z</time>
   </trkpt>
   <trkpt lat="47.5705280" lon="7.5881180">
    <ele>258.0</ele>
    <time>2026-04-04T13:38:32Z</time>
   </trkpt>
   <trkpt lat="47.5705280" lon="7.5880700">
    <ele>258.1</ele>
    <time>2026-04-04T13:38:33Z</time>
   </trkpt>
   <trkpt lat="47.5705290" lon="7.5880240">
    <ele>258.2</ele>
    <time>2026-04-04T13:38:34Z</time>
   </trkpt>
   <trkpt lat="47.5705280" lon="7.5879760">
    <ele>258.4</ele>
    <time>2026-04-04T13:38:35Z</time>
   </trkpt>
   <trkpt lat="47.5705280" lon="7.5879280">
    <ele>258.5</ele>
    <time>2026-04-04T13:38:36Z</time>
   </trkpt>
   <trkpt lat="47.5705280" lon="7.5878810">
    <ele>258.6</ele>
    <time>2026-04-04T13:38:37Z</time>
   </trkpt>
   <trkpt lat="47.5705280" lon="7.5878330">
    <ele>258.8</ele>
    <time>2026-04-04T13:38:38Z</time>
   </trkpt>
   <trkpt lat="47.5705280" lon="7.5877860">
    <ele>258.9</ele>
    <time>2026-04-04T13:38:39Z</time>
   </trkpt>
   <trkpt lat="47.5705300" lon="7.5877390">
    <ele>259.0</ele>
    <time>2026-04-04T13:38:40Z</time>
   </trkpt>
   <trkpt lat="47.5705340" lon="7.5876910">
    <ele>259.1</ele>
    <time>2026-04-04T13:38:41Z</time>
   </trkpt>
   <trkpt lat="47.5705390" lon="7.5876450">
    <ele>259.3</ele>
    <time>2026-04-04T13:38:42Z</time>
   </trkpt>
   <trkpt lat="47.5705430" lon="7.5875970">
    <ele>259.4</ele>
    <time>2026-04-04T13:38:43Z</time>
   </trkpt>
   <trkpt lat="47.5705490" lon="7.5875480">
    <ele>259.5</ele>
    <time>2026-04-04T13:38:44Z</time>
   </trkpt>
   <trkpt lat="47.5705570" lon="7.5875020">
    <ele>259.6</ele>
    <time>2026-04-04T13:38:45Z</time>
   </trkpt>
   <trkpt lat="47.5705660" lon="7.5874570">
    <ele>259.7</ele>
    <time>2026-04-04T13:38:46Z</time>
   </trkpt>
   <trkpt lat="47.5705780" lon="7.5874130">
    <ele>259.8</ele>
    <time>2026-04-04T13:38:47Z</time>
   </trkpt>
   <trkpt lat="47.5705910" lon="7.5873700">
    <ele>259.9</ele>
    <time>2026-04-04T13:38:48Z</time>
   </trkpt>
   <trkpt lat="47.5706050" lon="7.5873270">
    <ele>260.0</ele>
    <time>2026-04-04T13:38:49Z</time>
   </trkpt>
   <trkpt lat="47.5706170" lon="7.5872820">
    <ele>260.2</ele>
    <time>2026-04-04T13:38:50Z</time>
   </trkpt>
   <trkpt lat="47.5706260" lon="7.5872360">
    <ele>260.3</ele>
    <time>2026-04-04T13:38:51Z</time>
   </trkpt>
   <trkpt lat="47.5706340" lon="7.5871920">
    <ele>260.4</ele>
    <time>2026-04-04T13:38:52Z</time>
   </trkpt>
   <trkpt lat="47.5706420" lon="7.5871450">
    <ele>260.5</ele>
    <time>2026-04-04T13:38:53Z</time>
   </trkpt>
   <trkpt lat="47.5706470" lon="7.5870970">
    <ele>260.6</ele>
    <time>2026-04-04T13:38:54Z</time>
   </trkpt>
   <trkpt lat="47.5706530" lon="7.5870520">
    <ele>260.7</ele>
    <time>2026-04-04T13:38:55Z</time>
   </trkpt>
   <trkpt lat="47.5706570" lon="7.5870060">
    <ele>260.8</ele>
    <time>2026-04-04T13:38:56Z</time>
   </trkpt>
   <trkpt lat="47.5706590" lon="7.5869610">
    <ele>260.9</ele>
    <time>2026-04-04T13:38:57Z</time>
   </trkpt>
   <trkpt lat="47.5706600" lon="7.5869170">
    <ele>261.0</ele>
    <time>2026-04-04T13:38:58Z</time>
   </trkpt>
   <trkpt lat="47.5706610" lon="7.5868720">
    <ele>261.1</ele>
    <time>2026-04-04T13:38:59Z</time>
   </trkpt>
   <trkpt lat="47.5706630" lon="7.5868280">
    <ele>261.2</ele>
    <time>2026-04-04T13:39:00Z</time>
   </trkpt>
   <trkpt lat="47.5706630" lon="7.5867820">
    <ele>261.3</ele>
    <time>2026-04-04T13:39:01Z</time>
   </trkpt>
   <trkpt lat="47.5706630" lon="7.5867350">
    <ele>261.3</ele>
    <time>2026-04-04T13:39:02Z</time>
   </trkpt>
   <trkpt lat="47.5706640" lon="7.5866880">
    <ele>261.4</ele>
    <time>2026-04-04T13:39:03Z</time>
   </trkpt>
   <trkpt lat="47.5706660" lon="7.5866410">
    <ele>261.5</ele>
    <time>2026-04-04T13:39:04Z</time>
   </trkpt>
   <trkpt lat="47.5706660" lon="7.5865940">
    <ele>261.5</ele>
    <time>2026-04-04T13:39:05Z</time>
   </trkpt>
   <trkpt lat="47.5706680" lon="7.5865480">
    <ele>261.6</ele>
    <time>2026-04-04T13:39:06Z</time>
   </trkpt>
   <trkpt lat="47.5706730" lon="7.5865010">
    <ele>261.7</ele>
    <time>2026-04-04T13:39:07Z</time>
   </trkpt>
   <trkpt lat="47.5706770" lon="7.5864530">
    <ele>261.7</ele>
    <time>2026-04-04T13:39:08Z</time>
   </trkpt>
   <trkpt lat="47.5706800" lon="7.5864060">
    <ele>261.8</ele>
    <time>2026-04-04T13:39:09Z</time>
   </trkpt>
   <trkpt lat="47.5706810" lon="7.5863590">
    <ele>261.9</ele>
    <time>2026-04-04T13:39:10Z</time>
   </trkpt>
   <trkpt lat="47.5706810" lon="7.5863120">
    <ele>261.9</ele>
    <time>2026-04-04T13:39:11Z</time>
   </trkpt>
   <trkpt lat="47.5706820" lon="7.5862650">
    <ele>262.0</ele>
    <time>2026-04-04T13:39:12Z</time>
   </trkpt>
   <trkpt lat="47.5706840" lon="7.5862170">
    <ele>262.0</ele>
    <time>2026-04-04T13:39:13Z</time>
   </trkpt>
   <trkpt lat="47.5706860" lon="7.5861700">
    <ele>262.1</ele>
    <time>2026-04-04T13:39:14Z</time>
   </trkpt>
   <trkpt lat="47.5706860" lon="7.5861220">
    <ele>262.1</ele>
    <time>2026-04-04T13:39:15Z</time>
   </trkpt>
   <trkpt lat="47.5706860" lon="7.5860750">
    <ele>262.2</ele>
    <time>2026-04-04T13:39:16Z</time>
   </trkpt>
   <trkpt lat="47.5706860" lon="7.5860250">
    <ele>262.3</ele>
    <time>2026-04-04T13:39:17Z</time>
   </trkpt>
   <trkpt lat="47.5706850" lon="7.5859740">
    <ele>262.3</ele>
    <time>2026-04-04T13:39:18Z</time>
   </trkpt>
   <trkpt lat="47.5706850" lon="7.5859240">
    <ele>262.4</ele>
    <time>2026-04-04T13:39:19Z</time>
   </trkpt>
   <trkpt lat="47.5706850" lon="7.5858750">
    <ele>262.4</ele>
    <time>2026-04-04T13:39:20Z</time>
   </trkpt>
   <trkpt lat="47.5706880" lon="7.5858280">
    <ele>262.4</ele>
    <time>2026-04-04T13:39:21Z</time>
   </trkpt>
   <trkpt lat="47.5706900" lon="7.5857810">
    <ele>262.5</ele>
    <time>2026-04-04T13:39:22Z</time>
   </trkpt>
   <trkpt lat="47.5706920" lon="7.5857330">
    <ele>262.5</ele>
    <time>2026-04-04T13:39:23Z</time>
   </trkpt>
   <trkpt lat="47.5706920" lon="7.5856860">
    <ele>262.5</ele>
    <time>2026-04-04T13:39:24Z</time>
   </trkpt>
   <trkpt lat="47.5706920" lon="7.5856400">
    <ele>262.6</ele>
    <time>2026-04-04T13:39:25Z</time>
   </trkpt>
   <trkpt lat="47.5706920" lon="7.5855930">
    <ele>262.6</ele>
    <time>2026-04-04T13:39:26Z</time>
   </trkpt>
   <trkpt lat="47.5706920" lon="7.5855470">
    <ele>262.6</ele>
    <time>2026-04-04T13:39:27Z</time>
   </trkpt>
   <trkpt lat="47.5706910" lon="7.5854990">
    <ele>262.6</ele>
    <time>2026-04-04T13:39:28Z</time>
   </trkpt>
   <trkpt lat="47.5706900" lon="7.5854530">
    <ele>262.6</ele>
    <time>2026-04-04T13:39:29Z</time>
   </trkpt>
   <trkpt lat="47.5706890" lon="7.5854060">
    <ele>262.6</ele>
    <time>2026-04-04T13:39:30Z</time>
   </trkpt>
   <trkpt lat="47.5706880" lon="7.5853620">
    <ele>262.6</ele>
    <time>2026-04-04T13:39:31Z</time>
   </trkpt>
   <trkpt lat="47.5706870" lon="7.5853160">
    <ele>262.6</ele>
    <time>2026-04-04T13:39:32Z</time>
   </trkpt>
   <trkpt lat="47.5706850" lon="7.5852670">
    <ele>262.6</ele>
    <time>2026-04-04T13:39:33Z</time>
   </trkpt>
   <trkpt lat="47.5706830" lon="7.5852160">
    <ele>262.6</ele>
    <time>2026-04-04T13:39:34Z</time>
   </trkpt>
   <trkpt lat="47.5706820" lon="7.5851650">
    <ele>262.6</ele>
    <time>2026-04-04T13:39:35Z</time>
   </trkpt>
   <trkpt lat="47.5706820" lon="7.5851150">
    <ele>262.6</ele>
    <time>2026-04-04T13:39:36Z</time>
   </trkpt>
   <trkpt lat="47.5706820" lon="7.5850660">
    <ele>262.6</ele>
    <time>2026-04-04T13:39:37Z</time>
   </trkpt>
   <trkpt lat="47.5706810" lon="7.5850170">
    <ele>262.6</ele>
    <time>2026-04-04T13:39:38Z</time>
   </trkpt>
   <trkpt lat="47.5706810" lon="7.5849680">
    <ele>262.6</ele>
    <time>2026-04-04T13:39:39Z</time>
   </trkpt>
   <trkpt lat="47.5706810" lon="7.5849170">
    <ele>262.6</ele>
    <time>2026-04-04T13:39:40Z</time>
   </trkpt>
   <trkpt lat="47.5706810" lon="7.5848650">
    <ele>262.6</ele>
    <time>2026-04-04T13:39:41Z</time>
   </trkpt>
   <trkpt lat="47.5706810" lon="7.5848120">
    <ele>262.6</ele>
    <time>2026-04-04T13:39:42Z</time>
   </trkpt>
   <trkpt lat="47.5706820" lon="7.5847590">
    <ele>262.6</ele>
    <time>2026-04-04T13:39:43Z</time>
   </trkpt>
   <trkpt lat="47.5706830" lon="7.5847030">
    <ele>262.5</ele>
    <time>2026-04-04T13:39:44Z</time>
   </trkpt>
   <trkpt lat="47.5706820" lon="7.5846470">
    <ele>262.5</ele>
    <time>2026-04-04T13:39:45Z</time>
   </trkpt>
   <trkpt lat="47.5706830" lon="7.5845910">
    <ele>262.5</ele>
    <time>2026-04-04T13:39:46Z</time>
   </trkpt>
   <trkpt lat="47.5706820" lon="7.5845340">
    <ele>262.4</ele>
    <time>2026-04-04T13:39:47Z</time>
   </trkpt>
   <trkpt lat="47.5706830" lon="7.5844760">
    <ele>262.4</ele>
    <time>2026-04-04T13:39:48Z</time>
   </trkpt>
   <trkpt lat="47.5706840" lon="7.5844190">
    <ele>262.3</ele>
    <time>2026-04-04T13:39:49Z</time>
   </trkpt>
   <trkpt lat="47.5706850" lon="7.5843650">
    <ele>262.3</ele>
    <time>2026-04-04T13:39:50Z</time>
   </trkpt>
   <trkpt lat="47.5706870" lon="7.5843120">
    <ele>262.2</ele>
    <time>2026-04-04T13:39:51Z</time>
   </trkpt>
   <trkpt lat="47.5706880" lon="7.5842600">
    <ele>262.2</ele>
    <time>2026-04-04T13:39:52Z</time>
   </trkpt>
   <trkpt lat="47.5706880" lon="7.5842070">
    <ele>262.1</ele>
    <time>2026-04-04T13:39:53Z</time>
   </trkpt>
   <trkpt lat="47.5706880" lon="7.5841530">
    <ele>262.0</ele>
    <time>2026-04-04T13:39:54Z</time>
   </trkpt>
   <trkpt lat="47.5706880" lon="7.5840980">
    <ele>262.0</ele>
    <time>2026-04-04T13:39:55Z</time>
   </trkpt>
   <trkpt lat="47.5706890" lon="7.5840420">
    <ele>261.9</ele>
    <time>2026-04-04T13:39:56Z</time>
   </trkpt>
   <trkpt lat="47.5706890" lon="7.5839840">
    <ele>261.8</ele>
    <time>2026-04-04T13:39:57Z</time>
   </trkpt>
   <trkpt lat="47.5706890" lon="7.5839260">
    <ele>261.7</ele>
    <time>2026-04-04T13:39:58Z</time>
   </trkpt>
   <trkpt lat="47.5706920" lon="7.5838660">
    <ele>261.6</ele>
    <time>2026-04-04T13:39:59Z</time>
   </trkpt>
   <trkpt lat="47.5706930" lon="7.5838060">
    <ele>261.5</ele>
    <time>2026-04-04T13:40:00Z</time>
   </trkpt>
   <trkpt lat="47.5706920" lon="7.5837440">
    <ele>261.4</ele>
    <time>2026-04-04T13:40:01Z</time>
   </trkpt>
   <trkpt lat="47.5706930" lon="7.5836820">
    <ele>261.3</ele>
    <time>2026-04-04T13:40:02Z</time>
   </trkpt>
   <trkpt lat="47.5706930" lon="7.5836200">
    <ele>261.2</ele>
    <time>2026-04-04T13:40:03Z</time>
   </trkpt>
   <trkpt lat="47.5706940" lon="7.5835580">
    <ele>261.1</ele>
    <time>2026-04-04T13:40:04Z</time>
   </trkpt>
   <trkpt lat="47.5706930" lon="7.5834970">
    <ele>261.0</ele>
    <time>2026-04-04T13:40:05Z</time>
   </trkpt>
   <trkpt lat="47.5706940" lon="7.5834360">
    <ele>260.9</ele>
    <time>2026-04-04T13:40:06Z</time>
   </trkpt>
   <trkpt lat="47.5706950" lon="7.5833750">
    <ele>260.8</ele>
    <time>2026-04-04T13:40:07Z</time>
   </trkpt>
   <trkpt lat="47.5706960" lon="7.5833140">
    <ele>260.7</ele>
    <time>2026-04-04T13:40:08Z</time>
   </trkpt>
   <trkpt lat="47.5706960" lon="7.5832510">
    <ele>260.5</ele>
    <time>2026-04-04T13:40:09Z</time>
   </trkpt>
   <trkpt lat="47.5706960" lon="7.5831860">
    <ele>260.4</ele>
    <time>2026-04-04T13:40:10Z</time>
   </trkpt>
   <trkpt lat="47.5706950" lon="7.5831210">
    <ele>260.3</ele>
    <time>2026-04-04T13:40:11Z</time>
   </trkpt>
   <trkpt lat="47.5706870" lon="7.5830510">
    <ele>260.1</ele>
    <time>2026-04-04T13:40:12Z</time>
   </trkpt>
   <trkpt lat="47.5706770" lon="7.5829870">
    <ele>260.0</ele>
    <time>2026-04-04T13:40:13Z</time>
   </trkpt>
   <trkpt lat="47.5706610" lon="7.5829320">
    <ele>259.9</ele>
    <time>2026-04-04T13:40:14Z</time>
   </trkpt>
   <trkpt lat="47.5706450" lon="7.5828800">
    <ele>259.8</ele>
    <time>2026-04-04T13:40:15Z</time>
   </trkpt>
   <trkpt lat="47.5706450" lon="7.5828290">
    <ele>259.8</ele>
    <time>2026-04-04T13:40:16Z</time>
   </trkpt>
   <trkpt lat="47.5706610" lon="7.5827950">
    <ele>259.8</ele>
    <time>2026-04-04T13:40:17Z</time>
   </trkpt>
   <trkpt lat="47.5706980" lon="7.5827820">
    <ele>259.8</ele>
    <time>2026-04-04T13:40:18Z</time>
   </trkpt>
   <trkpt lat="47.5707110" lon="7.5827830">
    <ele>259.8</ele>
    <time>2026-04-04T13:40:19Z</time>
   </trkpt>
   <trkpt lat="47.5707450" lon="7.5827870">
    <ele>259.7</ele>
    <time>2026-04-04T13:40:20Z</time>
   </trkpt>
   <trkpt lat="47.5707550" lon="7.5827900">
    <ele>259.7</ele>
    <time>2026-04-04T13:40:21Z</time>
   </trkpt>
   <trkpt lat="47.5707890" lon="7.5827980">
    <ele>259.7</ele>
    <time>2026-04-04T13:40:22Z</time>
   </trkpt>
   <trkpt lat="47.5708010" lon="7.5828000">
    <ele>259.7</ele>
    <time>2026-04-04T13:40:23Z</time>
   </trkpt>
   <trkpt lat="47.5708360" lon="7.5828060">
    <ele>259.8</ele>
    <time>2026-04-04T13:40:24Z</time>
   </trkpt>
   <trkpt lat="47.5708470" lon="7.5828070">
    <ele>259.8</ele>
    <time>2026-04-04T13:40:25Z</time>
   </trkpt>
   <trkpt lat="47.5708790" lon="7.5827870">
    <ele>259.9</ele>
    <time>2026-04-04T13:40:26Z</time>
   </trkpt>
   <trkpt lat="47.5708900" lon="7.5827750">
    <ele>259.9</ele>
    <time>2026-04-04T13:40:27Z</time>
   </trkpt>
   <trkpt lat="47.5709120" lon="7.5827420">
    <ele>259.8</ele>
    <time>2026-04-04T13:40:28Z</time>
   </trkpt>
   <trkpt lat="47.5709280" lon="7.5826980">
    <ele>259.7</ele>
    <time>2026-04-04T13:40:29Z</time>
   </trkpt>
   <trkpt lat="47.5709400" lon="7.5826460">
    <ele>259.5</ele>
    <time>2026-04-04T13:40:30Z</time>
   </trkpt>
   <trkpt lat="47.5709510" lon="7.5825910">
    <ele>259.4</ele>
    <time>2026-04-04T13:40:31Z</time>
   </trkpt>
   <trkpt lat="47.5709600" lon="7.5825340">
    <ele>259.3</ele>
    <time>2026-04-04T13:40:32Z</time>
   </trkpt>
   <trkpt lat="47.5709680" lon="7.5824720">
    <ele>259.1</ele>
    <time>2026-04-04T13:40:33Z</time>
   </trkpt>
   <trkpt lat="47.5709720" lon="7.5824070">
    <ele>258.9</ele>
    <time>2026-04-04T13:40:34Z</time>
   </trkpt>
   <trkpt lat="47.5709720" lon="7.5823390">
    <ele>258.8</ele>
    <time>2026-04-04T13:40:35Z</time>
   </trkpt>
   <trkpt lat="47.5709740" lon="7.5822700">
    <ele>258.6</ele>
    <time>2026-04-04T13:40:36Z</time>
   </trkpt>
   <trkpt lat="47.5709490" lon="7.5821850">
    <ele>258.4</ele>
    <time>2026-04-04T13:40:37Z</time>
   </trkpt>
   <trkpt lat="47.5709490" lon="7.5821130">
    <ele>258.3</ele>
    <time>2026-04-04T13:40:38Z</time>
   </trkpt>
   <trkpt lat="47.5709480" lon="7.5820450">
    <ele>258.2</ele>
    <time>2026-04-04T13:40:39Z</time>
   </trkpt>
   <trkpt lat="47.5709510" lon="7.5819710">
    <ele>258.0</ele>
    <time>2026-04-04T13:40:40Z</time>
   </trkpt>
   <trkpt lat="47.5709510" lon="7.5819010">
    <ele>257.9</ele>
    <time>2026-04-04T13:40:41Z</time>
   </trkpt>
   <trkpt lat="47.5709490" lon="7.5818350">
    <ele>257.8</ele>
    <time>2026-04-04T13:40:42Z</time>
   </trkpt>
   <trkpt lat="47.5709480" lon="7.5817650">
    <ele>257.7</ele>
    <time>2026-04-04T13:40:43Z</time>
   </trkpt>
   <trkpt lat="47.5709460" lon="7.5817000">
    <ele>257.6</ele>
    <time>2026-04-04T13:40:44Z</time>
   </trkpt>
   <trkpt lat="47.5709450" lon="7.5816320">
    <ele>257.6</ele>
    <time>2026-04-04T13:40:45Z</time>
   </trkpt>
   <trkpt lat="47.5709440" lon="7.5815610">
    <ele>257.5</ele>
    <time>2026-04-04T13:40:46Z</time>
   </trkpt>
   <trkpt lat="47.5709450" lon="7.5815060">
    <ele>257.4</ele>
    <time>2026-04-04T13:40:47Z</time>
   </trkpt>
   <trkpt lat="47.5709430" lon="7.5814520">
    <ele>257.4</ele>
    <time>2026-04-04T13:40:48Z</time>
   </trkpt>
   <trkpt lat="47.5709480" lon="7.5814060">
    <ele>257.3</ele>
    <time>2026-04-04T13:40:49Z</time>
   </trkpt>
   <trkpt lat="47.5709520" lon="7.5813600">
    <ele>257.2</ele>
    <time>2026-04-04T13:40:50Z</time>
   </trkpt>
   <trkpt lat="47.5709660" lon="7.5813200">
    <ele>257.1</ele>
    <time>2026-04-04T13:40:51Z</time>
   </trkpt>
   <trkpt lat="47.5709930" lon="7.5812970">
    <ele>257.1</ele>
    <time>2026-04-04T13:40:52Z</time>
   </trkpt>
   <trkpt lat="47.5710250" lon="7.5812960">
    <ele>257.0</ele>
    <time>2026-04-04T13:40:53Z</time>
   </trkpt>
   <trkpt lat="47.5710530" lon="7.5813150">
    <ele>256.9</ele>
    <time>2026-04-04T13:40:54Z</time>
   </trkpt>
   <trkpt lat="47.5710740" lon="7.5813540">
    <ele>256.8</ele>
    <time>2026-04-04T13:40:55Z</time>
   </trkpt>
   <trkpt lat="47.5710770" lon="7.5813980">
    <ele>256.7</ele>
    <time>2026-04-04T13:40:56Z</time>
   </trkpt>
   <trkpt lat="47.5710650" lon="7.5814390">
    <ele>256.7</ele>
    <time>2026-04-04T13:40:57Z</time>
   </trkpt>
   <trkpt lat="47.5710460" lon="7.5814800">
    <ele>256.7</ele>
    <time>2026-04-04T13:40:58Z</time>
   </trkpt>
   <trkpt lat="47.5710310" lon="7.5815230">
    <ele>256.6</ele>
    <time>2026-04-04T13:40:59Z</time>
   </trkpt>
   <trkpt lat="47.5710180" lon="7.5815700">
    <ele>256.6</ele>
    <time>2026-04-04T13:41:00Z</time>
   </trkpt>
   <trkpt lat="47.5710070" lon="7.5816180">
    <ele>256.6</ele>
    <time>2026-04-04T13:41:01Z</time>
   </trkpt>
   <trkpt lat="47.5709980" lon="7.5816690">
    <ele>256.5</ele>
    <time>2026-04-04T13:41:02Z</time>
   </trkpt>
   <trkpt lat="47.5709940" lon="7.5817230">
    <ele>256.5</ele>
    <time>2026-04-04T13:41:03Z</time>
   </trkpt>
   <trkpt lat="47.5709930" lon="7.5817790">
    <ele>256.5</ele>
    <time>2026-04-04T13:41:04Z</time>
   </trkpt>
   <trkpt lat="47.5709970" lon="7.5818330">
    <ele>256.5</ele>
    <time>2026-04-04T13:41:05Z</time>
   </trkpt>
   <trkpt lat="47.5710020" lon="7.5818860">
    <ele>256.4</ele>
    <time>2026-04-04T13:41:06Z</time>
   </trkpt>
   <trkpt lat="47.5710110" lon="7.5819420">
    <ele>256.3</ele>
    <time>2026-04-04T13:41:07Z</time>
   </trkpt>
   <trkpt lat="47.5710190" lon="7.5819970">
    <ele>256.3</ele>
    <time>2026-04-04T13:41:08Z</time>
   </trkpt>
   <trkpt lat="47.5710240" lon="7.5820550">
    <ele>256.2</ele>
    <time>2026-04-04T13:41:09Z</time>
   </trkpt>
   <trkpt lat="47.5710230" lon="7.5821140">
    <ele>256.2</ele>
    <time>2026-04-04T13:41:10Z</time>
   </trkpt>
   <trkpt lat="47.5710160" lon="7.5821720">
    <ele>256.1</ele>
    <time>2026-04-04T13:41:11Z</time>
   </trkpt>
   <trkpt lat="47.5710060" lon="7.5822310">
    <ele>256.0</ele>
    <time>2026-04-04T13:41:12Z</time>
   </trkpt>
   <trkpt lat="47.5710010" lon="7.5822930">
    <ele>256.0</ele>
    <time>2026-04-04T13:41:13Z</time>
   </trkpt>
   <trkpt lat="47.5710020" lon="7.5823550">
    <ele>256.0</ele>
    <time>2026-04-04T13:41:14Z</time>
   </trkpt>
   <trkpt lat="47.5710050" lon="7.5824190">
    <ele>255.9</ele>
    <time>2026-04-04T13:41:15Z</time>
   </trkpt>
   <trkpt lat="47.5710070" lon="7.5824810">
    <ele>255.9</ele>
    <time>2026-04-04T13:41:16Z</time>
   </trkpt>
   <trkpt lat="47.5710180" lon="7.5825370">
    <ele>255.9</ele>
    <time>2026-04-04T13:41:17Z</time>
   </trkpt>
   <trkpt lat="47.5710190" lon="7.5825930">
    <ele>255.9</ele>
    <time>2026-04-04T13:41:18Z</time>
   </trkpt>
   <trkpt lat="47.5710200" lon="7.5826480">
    <ele>255.9</ele>
    <time>2026-04-04T13:41:19Z</time>
   </trkpt>
   <trkpt lat="47.5710200" lon="7.5827030">
    <ele>255.8</ele>
    <time>2026-04-04T13:41:20Z</time>
   </trkpt>
   <trkpt lat="47.5710170" lon="7.5827560">
    <ele>255.8</ele>
    <time>2026-04-04T13:41:21Z</time>
   </trkpt>
   <trkpt lat="47.5710150" lon="7.5828100">
    <ele>255.9</ele>
    <time>2026-04-04T13:41:22Z</time>
   </trkpt>
   <trkpt lat="47.5710240" lon="7.5828600">
    <ele>255.8</ele>
    <time>2026-04-04T13:41:23Z</time>
   </trkpt>
   <trkpt lat="47.5710290" lon="7.5829120">
    <ele>255.8</ele>
    <time>2026-04-04T13:41:24Z</time>
   </trkpt>
   <trkpt lat="47.5710400" lon="7.5829610">
    <ele>255.7</ele>
    <time>2026-04-04T13:41:25Z</time>
   </trkpt>
   <trkpt lat="47.5710570" lon="7.5830070">
    <ele>255.6</ele>
    <time>2026-04-04T13:41:26Z</time>
   </trkpt>
   <trkpt lat="47.5710790" lon="7.5830530">
    <ele>255.5</ele>
    <time>2026-04-04T13:41:27Z</time>
   </trkpt>
   <trkpt lat="47.5710990" lon="7.5830980">
    <ele>255.5</ele>
    <time>2026-04-04T13:41:28Z</time>
   </trkpt>
   <trkpt lat="47.5711180" lon="7.5831380">
    <ele>255.4</ele>
    <time>2026-04-04T13:41:29Z</time>
   </trkpt>
   <trkpt lat="47.5711390" lon="7.5831770">
    <ele>255.4</ele>
    <time>2026-04-04T13:41:30Z</time>
   </trkpt>
   <trkpt lat="47.5711630" lon="7.5832160">
    <ele>255.4</ele>
    <time>2026-04-04T13:41:31Z</time>
   </trkpt>
   <trkpt lat="47.5711880" lon="7.5832530">
    <ele>255.3</ele>
    <time>2026-04-04T13:41:32Z</time>
   </trkpt>
   <trkpt lat="47.5712200" lon="7.5832880">
    <ele>255.0</ele>
    <time>2026-04-04T13:41:33Z</time>
   </trkpt>
   <trkpt lat="47.5712530" lon="7.5833190">
    <ele>254.9</ele>
    <time>2026-04-04T13:41:34Z</time>
   </trkpt>
   <trkpt lat="47.5712860" lon="7.5833460">
    <ele>254.7</ele>
    <time>2026-04-04T13:41:35Z</time>
   </trkpt>
   <trkpt lat="47.5713200" lon="7.5833740">
    <ele>254.5</ele>
    <time>2026-04-04T13:41:36Z</time>
   </trkpt>
   <trkpt lat="47.5713580" lon="7.5834020">
    <ele>254.2</ele>
    <time>2026-04-04T13:41:37Z</time>
   </trkpt>
   <trkpt lat="47.5713990" lon="7.5834250">
    <ele>254.0</ele>
    <time>2026-04-04T13:41:38Z</time>
   </trkpt>
   <trkpt lat="47.5714430" lon="7.5834440">
    <ele>253.7</ele>
    <time>2026-04-04T13:41:39Z</time>
   </trkpt>
   <trkpt lat="47.5714910" lon="7.5834600">
    <ele>253.5</ele>
    <time>2026-04-04T13:41:40Z</time>
   </trkpt>
   <trkpt lat="47.5715450" lon="7.5834720">
    <ele>253.2</ele>
    <time>2026-04-04T13:41:41Z</time>
   </trkpt>
   <trkpt lat="47.5716020" lon="7.5834780">
    <ele>252.9</ele>
    <time>2026-04-04T13:41:42Z</time>
   </trkpt>
   <trkpt lat="47.5716590" lon="7.5834830">
    <ele>252.5</ele>
    <time>2026-04-04T13:41:43Z</time>
   </trkpt>
   <trkpt lat="47.5717180" lon="7.5834940">
    <ele>252.2</ele>
    <time>2026-04-04T13:41:44Z</time>
   </trkpt>
   <trkpt lat="47.5717730" lon="7.5834880">
    <ele>251.8</ele>
    <time>2026-04-04T13:41:45Z</time>
   </trkpt>
   <trkpt lat="47.5718290" lon="7.5834900">
    <ele>251.5</ele>
    <time>2026-04-04T13:41:46Z</time>
   </trkpt>
   <trkpt lat="47.5718950" lon="7.5834820">
    <ele>251.1</ele>
    <time>2026-04-04T13:41:47Z</time>
   </trkpt>
   <trkpt lat="47.5719570" lon="7.5834830">
    <ele>250.7</ele>
    <time>2026-04-04T13:41:48Z</time>
   </trkpt>
   <trkpt lat="47.5720230" lon="7.5834820">
    <ele>250.3</ele>
    <time>2026-04-04T13:41:49Z</time>
   </trkpt>
   <trkpt lat="47.5720900" lon="7.5834840">
    <ele>249.9</ele>
    <time>2026-04-04T13:41:50Z</time>
   </trkpt>
   <trkpt lat="47.5721660" lon="7.5834850">
    <ele>249.5</ele>
    <time>2026-04-04T13:41:51Z</time>
   </trkpt>
   <trkpt lat="47.5722440" lon="7.5834870">
    <ele>249.3</ele>
    <time>2026-04-04T13:41:52Z</time>
   </trkpt>
   <trkpt lat="47.5723210" lon="7.5835110">
    <ele>249.2</ele>
    <time>2026-04-04T13:41:53Z</time>
   </trkpt>
   <trkpt lat="47.5723960" lon="7.5835430">
    <ele>249.1</ele>
    <time>2026-04-04T13:41:54Z</time>
   </trkpt>
   <trkpt lat="47.5724500" lon="7.5835760">
    <ele>249.1</ele>
    <time>2026-04-04T13:41:55Z</time>
   </trkpt>
   <trkpt lat="47.5725090" lon="7.5835990">
    <ele>249.1</ele>
    <time>2026-04-04T13:41:56Z</time>
   </trkpt>
   <trkpt lat="47.5725660" lon="7.5836210">
    <ele>249.1</ele>
    <time>2026-04-04T13:41:57Z</time>
   </trkpt>
   <trkpt lat="47.5726200" lon="7.5836330">
    <ele>249.1</ele>
    <time>2026-04-04T13:41:58Z</time>
   </trkpt>
   <trkpt lat="47.5726700" lon="7.5836300">
    <ele>249.1</ele>
    <time>2026-04-04T13:41:59Z</time>
   </trkpt>
   <trkpt lat="47.5727240" lon="7.5836230">
    <ele>249.1</ele>
    <time>2026-04-04T13:42:00Z</time>
   </trkpt>
   <trkpt lat="47.5727780" lon="7.5836040">
    <ele>249.1</ele>
    <time>2026-04-04T13:42:01Z</time>
   </trkpt>
   <trkpt lat="47.5728430" lon="7.5836000">
    <ele>249.2</ele>
    <time>2026-04-04T13:42:02Z</time>
   </trkpt>
   <trkpt lat="47.5728720" lon="7.5835710">
    <ele>249.2</ele>
    <time>2026-04-04T13:42:03Z</time>
   </trkpt>
   <trkpt lat="47.5729090" lon="7.5835720">
    <ele>249.1</ele>
    <time>2026-04-04T13:42:04Z</time>
   </trkpt>
   <trkpt lat="47.5729600" lon="7.5835700">
    <ele>249.1</ele>
    <time>2026-04-04T13:42:05Z</time>
   </trkpt>
   <trkpt lat="47.5730040" lon="7.5835740">
    <ele>249.1</ele>
    <time>2026-04-04T13:42:06Z</time>
   </trkpt>
   <trkpt lat="47.5730490" lon="7.5835570">
    <ele>249.1</ele>
    <time>2026-04-04T13:42:07Z</time>
   </trkpt>
   <trkpt lat="47.5730960" lon="7.5835530">
    <ele>249.1</ele>
    <time>2026-04-04T13:42:08Z</time>
   </trkpt>
   <trkpt lat="47.5731400" lon="7.5835520">
    <ele>249.2</ele>
    <time>2026-04-04T13:42:09Z</time>
   </trkpt>
   <trkpt lat="47.5731940" lon="7.5835390">
    <ele>249.2</ele>
    <time>2026-04-04T13:42:10Z</time>
   </trkpt>
   <trkpt lat="47.5732450" lon="7.5835270">
    <ele>249.2</ele>
    <time>2026-04-04T13:42:11Z</time>
   </trkpt>
   <trkpt lat="47.5732900" lon="7.5835090">
    <ele>249.2</ele>
    <time>2026-04-04T13:42:12Z</time>
   </trkpt>
   <trkpt lat="47.5733240" lon="7.5834720">
    <ele>249.2</ele>
    <time>2026-04-04T13:42:13Z</time>
   </trkpt>
   <trkpt lat="47.5733470" lon="7.5834240">
    <ele>249.2</ele>
    <time>2026-04-04T13:42:14Z</time>
   </trkpt>
   <trkpt lat="47.5733840" lon="7.5833960">
    <ele>249.2</ele>
    <time>2026-04-04T13:42:15Z</time>
   </trkpt>
   <trkpt lat="47.5734240" lon="7.5833980">
    <ele>249.2</ele>
    <time>2026-04-04T13:42:16Z</time>
   </trkpt>
   <trkpt lat="47.5734570" lon="7.5833710">
    <ele>249.1</ele>
    <time>2026-04-04T13:42:17Z</time>
   </trkpt>
   <trkpt lat="47.5735050" lon="7.5833560">
    <ele>249.1</ele>
    <time>2026-04-04T13:42:18Z</time>
   </trkpt>
   <trkpt lat="47.5735550" lon="7.5833510">
    <ele>249.1</ele>
    <time>2026-04-04T13:42:19Z</time>
   </trkpt>
   <trkpt lat="47.5735960" lon="7.5833440">
    <ele>249.1</ele>
    <time>2026-04-04T13:42:20Z</time>
   </trkpt>
   <trkpt lat="47.5736270" lon="7.5833320">
    <ele>249.1</ele>
    <time>2026-04-04T13:42:21Z</time>
   </trkpt>
   <trkpt lat="47.5736660" lon="7.5833080">
    <ele>249.1</ele>
    <time>2026-04-04T13:42:22Z</time>
   </trkpt>
   <trkpt lat="47.5737070" lon="7.5832850">
    <ele>249.1</ele>
    <time>2026-04-04T13:42:23Z</time>
   </trkpt>
   <trkpt lat="47.5737470" lon="7.5832690">
    <ele>249.1</ele>
    <time>2026-04-04T13:42:24Z</time>
   </trkpt>
   <trkpt lat="47.5737820" lon="7.5832570">
    <ele>249.1</ele>
    <time>2026-04-04T13:42:25Z</time>
   </trkpt>
   <trkpt lat="47.5738250" lon="7.5832730">
    <ele>249.1</ele>
    <time>2026-04-04T13:42:26Z</time>
   </trkpt>
   <trkpt lat="47.5738590" lon="7.5832600">
    <ele>249.1</ele>
    <time>2026-04-04T13:42:27Z</time>
   </trkpt>
   <trkpt lat="47.5739090" lon="7.5832600">
    <ele>249.1</ele>
    <time>2026-04-04T13:42:28Z</time>
   </trkpt>
   <trkpt lat="47.5739450" lon="7.5832600">
    <ele>249.1</ele>
    <time>2026-04-04T13:42:29Z</time>
   </trkpt>
   <trkpt lat="47.5739830" lon="7.5832710">
    <ele>249.1</ele>
    <time>2026-04-04T13:42:30Z</time>
   </trkpt>
   <trkpt lat="47.5740220" lon="7.5832790">
    <ele>249.1</ele>
    <time>2026-04-04T13:42:31Z</time>
   </trkpt>
   <trkpt lat="47.5740620" lon="7.5832910">
    <ele>249.1</ele>
    <time>2026-04-04T13:42:32Z</time>
   </trkpt>
   <trkpt lat="47.5741040" lon="7.5832770">
    <ele>249.1</ele>
    <time>2026-04-04T13:42:33Z</time>
   </trkpt>
   <trkpt lat="47.5741420" lon="7.5832710">
    <ele>249.1</ele>
    <time>2026-04-04T13:42:34Z</time>
   </trkpt>
   <trkpt lat="47.5741810" lon="7.5832650">
    <ele>249.1</ele>
    <time>2026-04-04T13:42:35Z</time>
   </trkpt>
   <trkpt lat="47.5742190" lon="7.5832550">
    <ele>249.1</ele>
    <time>2026-04-04T13:42:36Z</time>
   </trkpt>
   <trkpt lat="47.5742580" lon="7.5832420">
    <ele>249.1</ele>
    <time>2026-04-04T13:42:37Z</time>
   </trkpt>
   <trkpt lat="47.5742960" lon="7.5832290">
    <ele>249.1</ele>
    <time>2026-04-04T13:42:38Z</time>
   </trkpt>
   <trkpt lat="47.5743340" lon="7.5832130">
    <ele>249.1</ele>
    <time>2026-04-04T13:42:39Z</time>
   </trkpt>
   <trkpt lat="47.5743740" lon="7.5831950">
    <ele>249.1</ele>
    <time>2026-04-04T13:42:40Z</time>
   </trkpt>
   <trkpt lat="47.5744150" lon="7.5831860">
    <ele>249.1</ele>
    <time>2026-04-04T13:42:41Z</time>
   </trkpt>
   <trkpt lat="47.5744580" lon="7.5831830">
    <ele>249.1</ele>
    <time>2026-04-04T13:42:42Z</time>
   </trkpt>
   <trkpt lat="47.5744940" lon="7.5831800">
    <ele>249.1</ele>
    <time>2026-04-04T13:42:43Z</time>
   </trkpt>
   <trkpt lat="47.5745300" lon="7.5831790">
    <ele>249.1</ele>
    <time>2026-04-04T13:42:44Z</time>
   </trkpt>
   <trkpt lat="47.5745640" lon="7.5831880">
    <ele>249.1</ele>
    <time>2026-04-04T13:42:45Z</time>
   </trkpt>
   <trkpt lat="47.5746030" lon="7.5831850">
    <ele>249.1</ele>
    <time>2026-04-04T13:42:46Z</time>
   </trkpt>
   <trkpt lat="47.5746410" lon="7.5831820">
    <ele>249.1</ele>
    <time>2026-04-04T13:42:47Z</time>
   </trkpt>
   <trkpt lat="47.5746770" lon="7.5831790">
    <ele>249.1</ele>
    <time>2026-04-04T13:42:48Z</time>
   </trkpt>
   <trkpt lat="47.5747140" lon="7.5831750">
    <ele>249.1</ele>
    <time>2026-04-04T13:42:49Z</time>
   </trkpt>
   <trkpt lat="47.5747490" lon="7.5831670">
    <ele>249.1</ele>
    <time>2026-04-04T13:42:50Z</time>
   </trkpt>
   <trkpt lat="47.5747850" lon="7.5831600">
    <ele>249.1</ele>
    <time>2026-04-04T13:42:51Z</time>
   </trkpt>
   <trkpt lat="47.5748220" lon="7.5831510">
    <ele>249.1</ele>
    <time>2026-04-04T13:42:52Z</time>
   </trkpt>
   <trkpt lat="47.5748610" lon="7.5831420">
    <ele>249.1</ele>
    <time>2026-04-04T13:42:53Z</time>
   </trkpt>
   <trkpt lat="47.5749000" lon="7.5831360">
    <ele>249.1</ele>
    <time>2026-04-04T13:42:54Z</time>
   </trkpt>
   <trkpt lat="47.5749380" lon="7.5831300">
    <ele>249.1</ele>
    <time>2026-04-04T13:42:55Z</time>
   </trkpt>
   <trkpt lat="47.5749740" lon="7.5831270">
    <ele>249.1</ele>
    <time>2026-04-04T13:42:56Z</time>
   </trkpt>
   <trkpt lat="47.5750120" lon="7.5831250">
    <ele>249.2</ele>
    <time>2026-04-04T13:42:57Z</time>
   </trkpt>
   <trkpt lat="47.5750500" lon="7.5831190">
    <ele>249.2</ele>
    <time>2026-04-04T13:42:58Z</time>
   </trkpt>
   <trkpt lat="47.5750870" lon="7.5831110">
    <ele>249.2</ele>
    <time>2026-04-04T13:42:59Z</time>
   </trkpt>
   <trkpt lat="47.5751250" lon="7.5831050">
    <ele>249.2</ele>
    <time>2026-04-04T13:43:00Z</time>
   </trkpt>
   <trkpt lat="47.5751620" lon="7.5831000">
    <ele>249.2</ele>
    <time>2026-04-04T13:43:01Z</time>
   </trkpt>
   <trkpt lat="47.5751970" lon="7.5830920">
    <ele>249.2</ele>
    <time>2026-04-04T13:43:02Z</time>
   </trkpt>
   <trkpt lat="47.5752270" lon="7.5830850">
    <ele>249.3</ele>
    <time>2026-04-04T13:43:03Z</time>
   </trkpt>
   <trkpt lat="47.5752550" lon="7.5830770">
    <ele>249.3</ele>
    <time>2026-04-04T13:43:04Z</time>
   </trkpt>
   <trkpt lat="47.5752840" lon="7.5830710">
    <ele>249.3</ele>
    <time>2026-04-04T13:43:05Z</time>
   </trkpt>
   <trkpt lat="47.5753150" lon="7.5830660">
    <ele>249.3</ele>
    <time>2026-04-04T13:43:06Z</time>
   </trkpt>
   <trkpt lat="47.5753480" lon="7.5830630">
    <ele>249.3</ele>
    <time>2026-04-04T13:43:07Z</time>
   </trkpt>
   <trkpt lat="47.5753820" lon="7.5830620">
    <ele>249.3</ele>
    <time>2026-04-04T13:43:08Z</time>
   </trkpt>
   <trkpt lat="47.5754150" lon="7.5830640">
    <ele>249.4</ele>
    <time>2026-04-04T13:43:09Z</time>
   </trkpt>
   <trkpt lat="47.5754470" lon="7.5830660">
    <ele>249.4</ele>
    <time>2026-04-04T13:43:10Z</time>
   </trkpt>
   <trkpt lat="47.5754830" lon="7.5830650">
    <ele>249.4</ele>
    <time>2026-04-04T13:43:11Z</time>
   </trkpt>
   <trkpt lat="47.5755180" lon="7.5830600">
    <ele>249.4</ele>
    <time>2026-04-04T13:43:12Z</time>
   </trkpt>
   <trkpt lat="47.5755520" lon="7.5830530">
    <ele>249.5</ele>
    <time>2026-04-04T13:43:13Z</time>
   </trkpt>
   <trkpt lat="47.5755820" lon="7.5830500">
    <ele>249.5</ele>
    <time>2026-04-04T13:43:14Z</time>
   </trkpt>
   <trkpt lat="47.5756130" lon="7.5830470">
    <ele>249.5</ele>
    <time>2026-04-04T13:43:15Z</time>
   </trkpt>
   <trkpt lat="47.5756470" lon="7.5830460">
    <ele>249.5</ele>
    <time>2026-04-04T13:43:16Z</time>
   </trkpt>
   <trkpt lat="47.5756800" lon="7.5830360">
    <ele>249.5</ele>
    <time>2026-04-04T13:43:17Z</time>
   </trkpt>
   <trkpt lat="47.5757130" lon="7.5830190">
    <ele>249.6</ele>
    <time>2026-04-04T13:43:18Z</time>
   </trkpt>
   <trkpt lat="47.5757470" lon="7.5830030">
    <ele>249.6</ele>
    <time>2026-04-04T13:43:19Z</time>
   </trkpt>
   <trkpt lat="47.5757810" lon="7.5829890">
    <ele>249.6</ele>
    <time>2026-04-04T13:43:20Z</time>
   </trkpt>
   <trkpt lat="47.5758160" lon="7.5829780">
    <ele>249.6</ele>
    <time>2026-04-04T13:43:21Z</time>
   </trkpt>
   <trkpt lat="47.5758500" lon="7.5829670">
    <ele>249.6</ele>
    <time>2026-04-04T13:43:22Z</time>
   </trkpt>
   <trkpt lat="47.5758810" lon="7.5829610">
    <ele>249.7</ele>
    <time>2026-04-04T13:43:23Z</time>
   </trkpt>
   <trkpt lat="47.5759130" lon="7.5829560">
    <ele>249.7</ele>
    <time>2026-04-04T13:43:24Z</time>
   </trkpt>
   <trkpt lat="47.5759440" lon="7.5829490">
    <ele>249.7</ele>
    <time>2026-04-04T13:43:25Z</time>
   </trkpt>
   <trkpt lat="47.5759780" lon="7.5829440">
    <ele>249.7</ele>
    <time>2026-04-04T13:43:26Z</time>
   </trkpt>
   <trkpt lat="47.5760140" lon="7.5829420">
    <ele>249.8</ele>
    <time>2026-04-04T13:43:27Z</time>
   </trkpt>
   <trkpt lat="47.5760490" lon="7.5829430">
    <ele>249.8</ele>
    <time>2026-04-04T13:43:28Z</time>
   </trkpt>
   <trkpt lat="47.5760820" lon="7.5829460">
    <ele>249.8</ele>
    <time>2026-04-04T13:43:29Z</time>
   </trkpt>
   <trkpt lat="47.5761160" lon="7.5829500">
    <ele>249.8</ele>
    <time>2026-04-04T13:43:30Z</time>
   </trkpt>
   <trkpt lat="47.5761490" lon="7.5829530">
    <ele>249.8</ele>
    <time>2026-04-04T13:43:31Z</time>
   </trkpt>
   <trkpt lat="47.5761820" lon="7.5829580">
    <ele>249.8</ele>
    <time>2026-04-04T13:43:32Z</time>
   </trkpt>
   <trkpt lat="47.5762190" lon="7.5829590">
    <ele>249.8</ele>
    <time>2026-04-04T13:43:33Z</time>
   </trkpt>
   <trkpt lat="47.5762540" lon="7.5829630">
    <ele>249.9</ele>
    <time>2026-04-04T13:43:34Z</time>
   </trkpt>
   <trkpt lat="47.5762890" lon="7.5829640">
    <ele>249.9</ele>
    <time>2026-04-04T13:43:35Z</time>
   </trkpt>
   <trkpt lat="47.5763260" lon="7.5829630">
    <ele>249.9</ele>
    <time>2026-04-04T13:43:36Z</time>
   </trkpt>
   <trkpt lat="47.5763610" lon="7.5829610">
    <ele>249.9</ele>
    <time>2026-04-04T13:43:37Z</time>
   </trkpt>
   <trkpt lat="47.5763950" lon="7.5829580">
    <ele>249.9</ele>
    <time>2026-04-04T13:43:38Z</time>
   </trkpt>
   <trkpt lat="47.5764290" lon="7.5829540">
    <ele>249.9</ele>
    <time>2026-04-04T13:43:39Z</time>
   </trkpt>
   <trkpt lat="47.5764650" lon="7.5829520">
    <ele>249.9</ele>
    <time>2026-04-04T13:43:40Z</time>
   </trkpt>
   <trkpt lat="47.5765010" lon="7.5829490">
    <ele>249.9</ele>
    <time>2026-04-04T13:43:41Z</time>
   </trkpt>
   <trkpt lat="47.5765370" lon="7.5829450">
    <ele>249.9</ele>
    <time>2026-04-04T13:43:42Z</time>
   </trkpt>
   <trkpt lat="47.5765720" lon="7.5829410">
    <ele>249.9</ele>
    <time>2026-04-04T13:43:43Z</time>
   </trkpt>
   <trkpt lat="47.5766040" lon="7.5829380">
    <ele>249.9</ele>
    <time>2026-04-04T13:43:44Z</time>
   </trkpt>
   <trkpt lat="47.5766380" lon="7.5829360">
    <ele>249.9</ele>
    <time>2026-04-04T13:43:45Z</time>
   </trkpt>
   <trkpt lat="47.5766730" lon="7.5829340">
    <ele>249.9</ele>
    <time>2026-04-04T13:43:46Z</time>
   </trkpt>
   <trkpt lat="47.5767070" lon="7.5829310">
    <ele>249.9</ele>
    <time>2026-04-04T13:43:47Z</time>
   </trkpt>
   <trkpt lat="47.5767420" lon="7.5829280">
    <ele>249.9</ele>
    <time>2026-04-04T13:43:48Z</time>
   </trkpt>
   <trkpt lat="47.5767770" lon="7.5829260">
    <ele>249.9</ele>
    <time>2026-04-04T13:43:49Z</time>
   </trkpt>
   <trkpt lat="47.5768120" lon="7.5829230">
    <ele>249.9</ele>
    <time>2026-04-04T13:43:50Z</time>
   </trkpt>
   <trkpt lat="47.5768470" lon="7.5829210">
    <ele>249.9</ele>
    <time>2026-04-04T13:43:51Z</time>
   </trkpt>
   <trkpt lat="47.5768820" lon="7.5829180">
    <ele>249.9</ele>
    <time>2026-04-04T13:43:52Z</time>
   </trkpt>
   <trkpt lat="47.5769170" lon="7.5829160">
    <ele>249.9</ele>
    <time>2026-04-04T13:43:53Z</time>
   </trkpt>
   <trkpt lat="47.5769530" lon="7.5829130">
    <ele>249.9</ele>
    <time>2026-04-04T13:43:54Z</time>
   </trkpt>
   <trkpt lat="47.5769880" lon="7.5829130">
    <ele>249.9</ele>
    <time>2026-04-04T13:43:55Z</time>
   </trkpt>
   <trkpt lat="47.5770240" lon="7.5829140">
    <ele>249.9</ele>
    <time>2026-04-04T13:43:56Z</time>
   </trkpt>
   <trkpt lat="47.5770610" lon="7.5829120">
    <ele>249.9</ele>
    <time>2026-04-04T13:43:57Z</time>
   </trkpt>
   <trkpt lat="47.5770980" lon="7.5829100">
    <ele>249.9</ele>
    <time>2026-04-04T13:43:58Z</time>
   </trkpt>
   <trkpt lat="47.5771340" lon="7.5829090">
    <ele>249.9</ele>
    <time>2026-04-04T13:43:59Z</time>
   </trkpt>
   <trkpt lat="47.5771710" lon="7.5829070">
    <ele>249.9</ele>
    <time>2026-04-04T13:44:00Z</time>
   </trkpt>
   <trkpt lat="47.5772080" lon="7.5829050">
    <ele>249.9</ele>
    <time>2026-04-04T13:44:01Z</time>
   </trkpt>
   <trkpt lat="47.5772440" lon="7.5829030">
    <ele>249.9</ele>
    <time>2026-04-04T13:44:02Z</time>
   </trkpt>
   <trkpt lat="47.5772790" lon="7.5829010">
    <ele>250.0</ele>
    <time>2026-04-04T13:44:03Z</time>
   </trkpt>
   <trkpt lat="47.5773130" lon="7.5828980">
    <ele>250.0</ele>
    <time>2026-04-04T13:44:04Z</time>
   </trkpt>
   <trkpt lat="47.5773460" lon="7.5828970">
    <ele>250.0</ele>
    <time>2026-04-04T13:44:05Z</time>
   </trkpt>
   <trkpt lat="47.5773800" lon="7.5828950">
    <ele>250.0</ele>
    <time>2026-04-04T13:44:06Z</time>
   </trkpt>
   <trkpt lat="47.5774140" lon="7.5828920">
    <ele>250.0</ele>
    <time>2026-04-04T13:44:07Z</time>
   </trkpt>
   <trkpt lat="47.5774480" lon="7.5828860">
    <ele>250.0</ele>
    <time>2026-04-04T13:44:08Z</time>
   </trkpt>
   <trkpt lat="47.5774820" lon="7.5828840">
    <ele>250.0</ele>
    <time>2026-04-04T13:44:09Z</time>
   </trkpt>
   <trkpt lat="47.5775180" lon="7.5828820">
    <ele>250.0</ele>
    <time>2026-04-04T13:44:10Z</time>
   </trkpt>
   <trkpt lat="47.5775510" lon="7.5828810">
    <ele>250.0</ele>
    <time>2026-04-04T13:44:11Z</time>
   </trkpt>
   <trkpt lat="47.5775840" lon="7.5828790">
    <ele>250.0</ele>
    <time>2026-04-04T13:44:12Z</time>
   </trkpt>
   <trkpt lat="47.5776180" lon="7.5828770">
    <ele>250.0</ele>
    <time>2026-04-04T13:44:13Z</time>
   </trkpt>
   <trkpt lat="47.5776520" lon="7.5828740">
    <ele>250.0</ele>
    <time>2026-04-04T13:44:14Z</time>
   </trkpt>
   <trkpt lat="47.5776860" lon="7.5828700">
    <ele>250.0</ele>
    <time>2026-04-04T13:44:15Z</time>
   </trkpt>
   <trkpt lat="47.5777200" lon="7.5828680">
    <ele>250.0</ele>
    <time>2026-04-04T13:44:16Z</time>
   </trkpt>
   <trkpt lat="47.5777550" lon="7.5828650">
    <ele>250.0</ele>
    <time>2026-04-04T13:44:17Z</time>
   </trkpt>
   <trkpt lat="47.5777890" lon="7.5828610">
    <ele>250.0</ele>
    <time>2026-04-04T13:44:18Z</time>
   </trkpt>
   <trkpt lat="47.5778230" lon="7.5828560">
    <ele>250.0</ele>
    <time>2026-04-04T13:44:19Z</time>
   </trkpt>
   <trkpt lat="47.5778560" lon="7.5828550">
    <ele>250.0</ele>
    <time>2026-04-04T13:44:20Z</time>
   </trkpt>
   <trkpt lat="47.5778890" lon="7.5828560">
    <ele>250.0</ele>
    <time>2026-04-04T13:44:21Z</time>
   </trkpt>
   <trkpt lat="47.5779220" lon="7.5828550">
    <ele>250.0</ele>
    <time>2026-04-04T13:44:22Z</time>
   </trkpt>
   <trkpt lat="47.5779570" lon="7.5828530">
    <ele>250.0</ele>
    <time>2026-04-04T13:44:23Z</time>
   </trkpt>
   <trkpt lat="47.5779930" lon="7.5828520">
    <ele>250.0</ele>
    <time>2026-04-04T13:44:24Z</time>
   </trkpt>
   <trkpt lat="47.5780310" lon="7.5828500">
    <ele>250.0</ele>
    <time>2026-04-04T13:44:25Z</time>
   </trkpt>
   <trkpt lat="47.5780670" lon="7.5828480">
    <ele>249.9</ele>
    <time>2026-04-04T13:44:26Z</time>
   </trkpt>
   <trkpt lat="47.5781040" lon="7.5828430">
    <ele>249.9</ele>
    <time>2026-04-04T13:44:27Z</time>
   </trkpt>
   <trkpt lat="47.5781410" lon="7.5828410">
    <ele>249.9</ele>
    <time>2026-04-04T13:44:28Z</time>
   </trkpt>
   <trkpt lat="47.5781760" lon="7.5828410">
    <ele>249.9</ele>
    <time>2026-04-04T13:44:29Z</time>
   </trkpt>
   <trkpt lat="47.5782130" lon="7.5828410">
    <ele>249.9</ele>
    <time>2026-04-04T13:44:30Z</time>
   </trkpt>
   <trkpt lat="47.5782470" lon="7.5828400">
    <ele>249.9</ele>
    <time>2026-04-04T13:44:31Z</time>
   </trkpt>
   <trkpt lat="47.5782810" lon="7.5828400">
    <ele>249.9</ele>
    <time>2026-04-04T13:44:32Z</time>
   </trkpt>
   <trkpt lat="47.5783170" lon="7.5828390">
    <ele>249.9</ele>
    <time>2026-04-04T13:44:33Z</time>
   </trkpt>
   <trkpt lat="47.5783510" lon="7.5828430">
    <ele>249.9</ele>
    <time>2026-04-04T13:44:34Z</time>
   </trkpt>
   <trkpt lat="47.5783860" lon="7.5828440">
    <ele>249.9</ele>
    <time>2026-04-04T13:44:35Z</time>
   </trkpt>
   <trkpt lat="47.5784220" lon="7.5828450">
    <ele>249.9</ele>
    <time>2026-04-04T13:44:36Z</time>
   </trkpt>
   <trkpt lat="47.5784560" lon="7.5828470">
    <ele>249.8</ele>
    <time>2026-04-04T13:44:37Z</time>
   </trkpt>
   <trkpt lat="47.5784900" lon="7.5828460">
    <ele>249.8</ele>
    <time>2026-04-04T13:44:38Z</time>
   </trkpt>
   <trkpt lat="47.5785250" lon="7.5828460">
    <ele>249.8</ele>
    <time>2026-04-04T13:44:39Z</time>
   </trkpt>
   <trkpt lat="47.5785610" lon="7.5828460">
    <ele>249.8</ele>
    <time>2026-04-04T13:44:40Z</time>
   </trkpt>
   <trkpt lat="47.5785970" lon="7.5828460">
    <ele>249.7</ele>
    <time>2026-04-04T13:44:41Z</time>
   </trkpt>
   <trkpt lat="47.5786320" lon="7.5828480">
    <ele>249.7</ele>
    <time>2026-04-04T13:44:42Z</time>
   </trkpt>
   <trkpt lat="47.5786670" lon="7.5828520">
    <ele>249.7</ele>
    <time>2026-04-04T13:44:43Z</time>
   </trkpt>
   <trkpt lat="47.5787040" lon="7.5828580">
    <ele>249.7</ele>
    <time>2026-04-04T13:44:44Z</time>
   </trkpt>
   <trkpt lat="47.5787410" lon="7.5828630">
    <ele>249.6</ele>
    <time>2026-04-04T13:44:45Z</time>
   </trkpt>
   <trkpt lat="47.5787790" lon="7.5828680">
    <ele>249.6</ele>
    <time>2026-04-04T13:44:46Z</time>
   </trkpt>
   <trkpt lat="47.5788160" lon="7.5828730">
    <ele>249.6</ele>
    <time>2026-04-04T13:44:47Z</time>
   </trkpt>
   <trkpt lat="47.5788520" lon="7.5828780">
    <ele>249.6</ele>
    <time>2026-04-04T13:44:48Z</time>
   </trkpt>
   <trkpt lat="47.5788890" lon="7.5828840">
    <ele>249.6</ele>
    <time>2026-04-04T13:44:49Z</time>
   </trkpt>
   <trkpt lat="47.5789260" lon="7.5828880">
    <ele>249.6</ele>
    <time>2026-04-04T13:44:50Z</time>
   </trkpt>
   <trkpt lat="47.5789640" lon="7.5828930">
    <ele>249.5</ele>
    <time>2026-04-04T13:44:51Z</time>
   </trkpt>
   <trkpt lat="47.5790010" lon="7.5828990">
    <ele>249.5</ele>
    <time>2026-04-04T13:44:52Z</time>
   </trkpt>
   <trkpt lat="47.5790380" lon="7.5829040">
    <ele>249.5</ele>
    <time>2026-04-04T13:44:53Z</time>
   </trkpt>
   <trkpt lat="47.5790750" lon="7.5829090">
    <ele>249.5</ele>
    <time>2026-04-04T13:44:54Z</time>
   </trkpt>
   <trkpt lat="47.5791120" lon="7.5829140">
    <ele>249.5</ele>
    <time>2026-04-04T13:44:55Z</time>
   </trkpt>
   <trkpt lat="47.5791500" lon="7.5829180">
    <ele>249.5</ele>
    <time>2026-04-04T13:44:56Z</time>
   </trkpt>
   <trkpt lat="47.5791900" lon="7.5829230">
    <ele>249.4</ele>
    <time>2026-04-04T13:44:57Z</time>
   </trkpt>
   <trkpt lat="47.5792310" lon="7.5829300">
    <ele>249.4</ele>
    <time>2026-04-04T13:44:58Z</time>
   </trkpt>
   <trkpt lat="47.5792700" lon="7.5829350">
    <ele>249.4</ele>
    <time>2026-04-04T13:44:59Z</time>
   </trkpt>
   <trkpt lat="47.5793090" lon="7.5829450">
    <ele>249.4</ele>
    <time>2026-04-04T13:45:00Z</time>
   </trkpt>
   <trkpt lat="47.5793470" lon="7.5829510">
    <ele>249.4</ele>
    <time>2026-04-04T13:45:01Z</time>
   </trkpt>
   <trkpt lat="47.5793830" lon="7.5829570">
    <ele>249.4</ele>
    <time>2026-04-04T13:45:02Z</time>
   </trkpt>
   <trkpt lat="47.5794200" lon="7.5829620">
    <ele>249.4</ele>
    <time>2026-04-04T13:45:03Z</time>
   </trkpt>
   <trkpt lat="47.5794550" lon="7.5829700">
    <ele>249.4</ele>
    <time>2026-04-04T13:45:04Z</time>
   </trkpt>
   <trkpt lat="47.5794910" lon="7.5829780">
    <ele>249.4</ele>
    <time>2026-04-04T13:45:05Z</time>
   </trkpt>
   <trkpt lat="47.5795260" lon="7.5829850">
    <ele>249.4</ele>
    <time>2026-04-04T13:45:06Z</time>
   </trkpt>
   <trkpt lat="47.5795620" lon="7.5829930">
    <ele>249.4</ele>
    <time>2026-04-04T13:45:07Z</time>
   </trkpt>
   <trkpt lat="47.5795950" lon="7.5830070">
    <ele>249.5</ele>
    <time>2026-04-04T13:45:08Z</time>
   </trkpt>
   <trkpt lat="47.5796250" lon="7.5830240">
    <ele>249.5</ele>
    <time>2026-04-04T13:45:09Z</time>
   </trkpt>
   <trkpt lat="47.5796540" lon="7.5830410">
    <ele>249.5</ele>
    <time>2026-04-04T13:45:10Z</time>
   </trkpt>
   <trkpt lat="47.5796850" lon="7.5830560">
    <ele>249.5</ele>
    <time>2026-04-04T13:45:11Z</time>
   </trkpt>
   <trkpt lat="47.5797170" lon="7.5830690">
    <ele>249.5</ele>
    <time>2026-04-04T13:45:12Z</time>
   </trkpt>
   <trkpt lat="47.5797480" lon="7.5830830">
    <ele>249.5</ele>
    <time>2026-04-04T13:45:13Z</time>
   </trkpt>
   <trkpt lat="47.5797800" lon="7.5830940">
    <ele>249.5</ele>
    <time>2026-04-04T13:45:14Z</time>
   </trkpt>
   <trkpt lat="47.5798110" lon="7.5831020">
    <ele>249.5</ele>
    <time>2026-04-04T13:45:15Z</time>
   </trkpt>
   <trkpt lat="47.5798440" lon="7.5831100">
    <ele>249.5</ele>
    <time>2026-04-04T13:45:16Z</time>
   </trkpt>
   <trkpt lat="47.5798730" lon="7.5831150">
    <ele>249.5</ele>
    <time>2026-04-04T13:45:17Z</time>
   </trkpt>
   <trkpt lat="47.5799010" lon="7.5831190">
    <ele>249.5</ele>
    <time>2026-04-04T13:45:18Z</time>
   </trkpt>
   <trkpt lat="47.5799290" lon="7.5831210">
    <ele>249.5</ele>
    <time>2026-04-04T13:45:19Z</time>
   </trkpt>
   <trkpt lat="47.5799640" lon="7.5831250">
    <ele>249.5</ele>
    <time>2026-04-04T13:45:20Z</time>
   </trkpt>
   <trkpt lat="47.5799750" lon="7.5831260">
    <ele>249.5</ele>
    <time>2026-04-04T13:45:21Z</time>
   </trkpt>
   <trkpt lat="47.5800060" lon="7.5831310">
    <ele>249.5</ele>
    <time>2026-04-04T13:45:22Z</time>
   </trkpt>
   <trkpt lat="47.5800370" lon="7.5831340">
    <ele>249.5</ele>
    <time>2026-04-04T13:45:23Z</time>
   </trkpt>
   <trkpt lat="47.5800750" lon="7.5831400">
    <ele>249.5</ele>
    <time>2026-04-04T13:45:24Z</time>
   </trkpt>
   <trkpt lat="47.5801120" lon="7.5831440">
    <ele>249.5</ele>
    <time>2026-04-04T13:45:25Z</time>
   </trkpt>
   <trkpt lat="47.5801440" lon="7.5831490">
    <ele>249.4</ele>
    <time>2026-04-04T13:45:26Z</time>
   </trkpt>
   <trkpt lat="47.5801830" lon="7.5831530">
    <ele>249.4</ele>
    <time>2026-04-04T13:45:27Z</time>
   </trkpt>
   <trkpt lat="47.5801960" lon="7.5831550">
    <ele>249.4</ele>
    <time>2026-04-04T13:45:28Z</time>
   </trkpt>
   <trkpt lat="47.5802270" lon="7.5831560">
    <ele>249.4</ele>
    <time>2026-04-04T13:45:29Z</time>
   </trkpt>
   <trkpt lat="47.5802630" lon="7.5831550">
    <ele>249.4</ele>
    <time>2026-04-04T13:45:30Z</time>
   </trkpt>
   <trkpt lat="47.5803010" lon="7.5831530">
    <ele>249.4</ele>
    <time>2026-04-04T13:45:31Z</time>
   </trkpt>
   <trkpt lat="47.5803360" lon="7.5831520">
    <ele>249.4</ele>
    <time>2026-04-04T13:45:32Z</time>
   </trkpt>
   <trkpt lat="47.5803680" lon="7.5831480">
    <ele>249.4</ele>
    <time>2026-04-04T13:45:33Z</time>
   </trkpt>
   <trkpt lat="47.5803980" lon="7.5831510">
    <ele>249.4</ele>
    <time>2026-04-04T13:45:34Z</time>
   </trkpt>
   <trkpt lat="47.5804350" lon="7.5831580">
    <ele>249.4</ele>
    <time>2026-04-04T13:45:35Z</time>
   </trkpt>
   <trkpt lat="47.5804710" lon="7.5831660">
    <ele>249.3</ele>
    <time>2026-04-04T13:45:36Z</time>
   </trkpt>
   <trkpt lat="47.5805070" lon="7.5831720">
    <ele>249.3</ele>
    <time>2026-04-04T13:45:37Z</time>
   </trkpt>
   <trkpt lat="47.5805430" lon="7.5831800">
    <ele>249.3</ele>
    <time>2026-04-04T13:45:38Z</time>
   </trkpt>
   <trkpt lat="47.5805780" lon="7.5831910">
    <ele>249.3</ele>
    <time>2026-04-04T13:45:39Z</time>
   </trkpt>
   <trkpt lat="47.5806080" lon="7.5831950">
    <ele>249.3</ele>
    <time>2026-04-04T13:45:40Z</time>
   </trkpt>
   <trkpt lat="47.5806360" lon="7.5832020">
    <ele>249.3</ele>
    <time>2026-04-04T13:45:41Z</time>
   </trkpt>
   <trkpt lat="47.5806660" lon="7.5832090">
    <ele>249.3</ele>
    <time>2026-04-04T13:45:42Z</time>
   </trkpt>
   <trkpt lat="47.5806980" lon="7.5832130">
    <ele>249.3</ele>
    <time>2026-04-04T13:45:43Z</time>
   </trkpt>
   <trkpt lat="47.5807310" lon="7.5832150">
    <ele>249.3</ele>
    <time>2026-04-04T13:45:44Z</time>
   </trkpt>
   <trkpt lat="47.5807680" lon="7.5832150">
    <ele>249.3</ele>
    <time>2026-04-04T13:45:45Z</time>
   </trkpt>
   <trkpt lat="47.5808020" lon="7.5832170">
    <ele>249.3</ele>
    <time>2026-04-04T13:45:46Z</time>
   </trkpt>
   <trkpt lat="47.5808370" lon="7.5832190">
    <ele>249.3</ele>
    <time>2026-04-04T13:45:47Z</time>
   </trkpt>
   <trkpt lat="47.5808740" lon="7.5832250">
    <ele>249.2</ele>
    <time>2026-04-04T13:45:48Z</time>
   </trkpt>
   <trkpt lat="47.5809120" lon="7.5832330">
    <ele>249.2</ele>
    <time>2026-04-04T13:45:49Z</time>
   </trkpt>
   <trkpt lat="47.5809500" lon="7.5832430">
    <ele>249.2</ele>
    <time>2026-04-04T13:45:50Z</time>
   </trkpt>
   <trkpt lat="47.5809880" lon="7.5832540">
    <ele>249.2</ele>
    <time>2026-04-04T13:45:51Z</time>
   </trkpt>
   <trkpt lat="47.5810310" lon="7.5832710">
    <ele>249.2</ele>
    <time>2026-04-04T13:45:52Z</time>
   </trkpt>
   <trkpt lat="47.5810670" lon="7.5832880">
    <ele>249.2</ele>
    <time>2026-04-04T13:45:53Z</time>
   </trkpt>
   <trkpt lat="47.5811050" lon="7.5833040">
    <ele>249.2</ele>
    <time>2026-04-04T13:45:54Z</time>
   </trkpt>
   <trkpt lat="47.5811390" lon="7.5833210">
    <ele>249.1</ele>
    <time>2026-04-04T13:45:55Z</time>
   </trkpt>
   <trkpt lat="47.5811710" lon="7.5833350">
    <ele>249.1</ele>
    <time>2026-04-04T13:45:56Z</time>
   </trkpt>
   <trkpt lat="47.5812010" lon="7.5833470">
    <ele>249.1</ele>
    <time>2026-04-04T13:45:57Z</time>
   </trkpt>
   <trkpt lat="47.5812330" lon="7.5833600">
    <ele>249.1</ele>
    <time>2026-04-04T13:45:58Z</time>
   </trkpt>
   <trkpt lat="47.5812670" lon="7.5833730">
    <ele>249.1</ele>
    <time>2026-04-04T13:45:59Z</time>
   </trkpt>
   <trkpt lat="47.5812970" lon="7.5833840">
    <ele>249.1</ele>
    <time>2026-04-04T13:46:00Z</time>
   </trkpt>
   <trkpt lat="47.5813320" lon="7.5833960">
    <ele>249.1</ele>
    <time>2026-04-04T13:46:01Z</time>
   </trkpt>
   <trkpt lat="47.5813630" lon="7.5834020">
    <ele>249.1</ele>
    <time>2026-04-04T13:46:02Z</time>
   </trkpt>
   <trkpt lat="47.5814050" lon="7.5834000">
    <ele>249.1</ele>
    <time>2026-04-04T13:46:03Z</time>
   </trkpt>
   <trkpt lat="47.5814380" lon="7.5834130">
    <ele>249.1</ele>
    <time>2026-04-04T13:46:04Z</time>
   </trkpt>
   <trkpt lat="47.5814730" lon="7.5834240">
    <ele>249.1</ele>
    <time>2026-04-04T13:46:05Z</time>
   </trkpt>
   <trkpt lat="47.5815030" lon="7.5834390">
    <ele>249.0</ele>
    <time>2026-04-04T13:46:06Z</time>
   </trkpt>
   <trkpt lat="47.5815440" lon="7.5834580">
    <ele>249.0</ele>
    <time>2026-04-04T13:46:07Z</time>
   </trkpt>
   <trkpt lat="47.5815860" lon="7.5834740">
    <ele>248.9</ele>
    <time>2026-04-04T13:46:08Z</time>
   </trkpt>
   <trkpt lat="47.5816270" lon="7.5834860">
    <ele>248.9</ele>
    <time>2026-04-04T13:46:09Z</time>
   </trkpt>
   <trkpt lat="47.5816700" lon="7.5834980">
    <ele>248.8</ele>
    <time>2026-04-04T13:46:10Z</time>
   </trkpt>
   <trkpt lat="47.5817130" lon="7.5835070">
    <ele>248.8</ele>
    <time>2026-04-04T13:46:11Z</time>
   </trkpt>
   <trkpt lat="47.5817530" lon="7.5835180">
    <ele>248.7</ele>
    <time>2026-04-04T13:46:12Z</time>
   </trkpt>
   <trkpt lat="47.5817950" lon="7.5835250">
    <ele>248.7</ele>
    <time>2026-04-04T13:46:13Z</time>
   </trkpt>
   <trkpt lat="47.5818470" lon="7.5835200">
    <ele>248.6</ele>
    <time>2026-04-04T13:46:14Z</time>
   </trkpt>
   <trkpt lat="47.5818920" lon="7.5835340">
    <ele>248.5</ele>
    <time>2026-04-04T13:46:15Z</time>
   </trkpt>
   <trkpt lat="47.5819270" lon="7.5835510">
    <ele>248.5</ele>
    <time>2026-04-04T13:46:16Z</time>
   </trkpt>
   <trkpt lat="47.5819670" lon="7.5835630">
    <ele>248.4</ele>
    <time>2026-04-04T13:46:17Z</time>
   </trkpt>
   <trkpt lat="47.5820050" lon="7.5835670">
    <ele>248.4</ele>
    <time>2026-04-04T13:46:18Z</time>
   </trkpt>
   <trkpt lat="47.5820430" lon="7.5835650">
    <ele>248.3</ele>
    <time>2026-04-04T13:46:19Z</time>
   </trkpt>
   <trkpt lat="47.5820860" lon="7.5835630">
    <ele>248.3</ele>
    <time>2026-04-04T13:46:20Z</time>
   </trkpt>
   <trkpt lat="47.5821310" lon="7.5835660">
    <ele>248.3</ele>
    <time>2026-04-04T13:46:21Z</time>
   </trkpt>
   <trkpt lat="47.5821800" lon="7.5835710">
    <ele>248.2</ele>
    <time>2026-04-04T13:46:22Z</time>
   </trkpt>
   <trkpt lat="47.5822250" lon="7.5835960">
    <ele>248.2</ele>
    <time>2026-04-04T13:46:23Z</time>
   </trkpt>
   <trkpt lat="47.5822680" lon="7.5836050">
    <ele>248.2</ele>
    <time>2026-04-04T13:46:24Z</time>
   </trkpt>
   <trkpt lat="47.5823010" lon="7.5835930">
    <ele>248.2</ele>
    <time>2026-04-04T13:46:25Z</time>
   </trkpt>
   <trkpt lat="47.5823400" lon="7.5835870">
    <ele>248.2</ele>
    <time>2026-04-04T13:46:26Z</time>
   </trkpt>
   <trkpt lat="47.5823780" lon="7.5835990">
    <ele>248.1</ele>
    <time>2026-04-04T13:46:27Z</time>
   </trkpt>
   <trkpt lat="47.5824140" lon="7.5836060">
    <ele>248.1</ele>
    <time>2026-04-04T13:46:28Z</time>
   </trkpt>
   <trkpt lat="47.5824520" lon="7.5836150">
    <ele>248.1</ele>
    <time>2026-04-04T13:46:29Z</time>
   </trkpt>
   <trkpt lat="47.5824910" lon="7.5836240">
    <ele>248.1</ele>
    <time>2026-04-04T13:46:30Z</time>
   </trkpt>
   <trkpt lat="47.5825300" lon="7.5836340">
    <ele>248.1</ele>
    <time>2026-04-04T13:46:31Z</time>
   </trkpt>
   <trkpt lat="47.5825680" lon="7.5836430">
    <ele>248.0</ele>
    <time>2026-04-04T13:46:32Z</time>
   </trkpt>
   <trkpt lat="47.5826050" lon="7.5836500">
    <ele>248.0</ele>
    <time>2026-04-04T13:46:33Z</time>
   </trkpt>
   <trkpt lat="47.5826420" lon="7.5836600">
    <ele>248.0</ele>
    <time>2026-04-04T13:46:34Z</time>
   </trkpt>
   <trkpt lat="47.5826780" lon="7.5836680">
    <ele>248.0</ele>
    <time>2026-04-04T13:46:35Z</time>
   </trkpt>
   <trkpt lat="47.5827160" lon="7.5836770">
    <ele>248.0</ele>
    <time>2026-04-04T13:46:36Z</time>
   </trkpt>
   <trkpt lat="47.5827540" lon="7.5836830">
    <ele>248.0</ele>
    <time>2026-04-04T13:46:37Z</time>
   </trkpt>
   <trkpt lat="47.5827910" lon="7.5836890">
    <ele>248.0</ele>
    <time>2026-04-04T13:46:38Z</time>
   </trkpt>
   <trkpt lat="47.5828280" lon="7.5836970">
    <ele>248.0</ele>
    <time>2026-04-04T13:46:39Z</time>
   </trkpt>
   <trkpt lat="47.5828660" lon="7.5837070">
    <ele>248.0</ele>
    <time>2026-04-04T13:46:40Z</time>
   </trkpt>
   <trkpt lat="47.5829050" lon="7.5837170">
    <ele>248.0</ele>
    <time>2026-04-04T13:46:41Z</time>
   </trkpt>
   <trkpt lat="47.5829440" lon="7.5837280">
    <ele>248.0</ele>
    <time>2026-04-04T13:46:42Z</time>
   </trkpt>
   <trkpt lat="47.5829820" lon="7.5837380">
    <ele>247.9</ele>
    <time>2026-04-04T13:46:43Z</time>
   </trkpt>
   <trkpt lat="47.5830180" lon="7.5837520">
    <ele>247.9</ele>
    <time>2026-04-04T13:46:44Z</time>
   </trkpt>
   <trkpt lat="47.5830530" lon="7.5837690">
    <ele>247.9</ele>
    <time>2026-04-04T13:46:45Z</time>
   </trkpt>
   <trkpt lat="47.5830900" lon="7.5837860">
    <ele>247.9</ele>
    <time>2026-04-04T13:46:46Z</time>
   </trkpt>
   <trkpt lat="47.5831270" lon="7.5838040">
    <ele>247.9</ele>
    <time>2026-04-04T13:46:47Z</time>
   </trkpt>
   <trkpt lat="47.5831620" lon="7.5838210">
    <ele>247.9</ele>
    <time>2026-04-04T13:46:48Z</time>
   </trkpt>
   <trkpt lat="47.5831960" lon="7.5838400">
    <ele>247.9</ele>
    <time>2026-04-04T13:46:49Z</time>
   </trkpt>
   <trkpt lat="47.5832310" lon="7.5838590">
    <ele>247.8</ele>
    <time>2026-04-04T13:46:50Z</time>
   </trkpt>
   <trkpt lat="47.5832650" lon="7.5838800">
    <ele>247.8</ele>
    <time>2026-04-04T13:46:51Z</time>
   </trkpt>
   <trkpt lat="47.5833010" lon="7.5838960">
    <ele>247.8</ele>
    <time>2026-04-04T13:46:52Z</time>
   </trkpt>
   <trkpt lat="47.5833360" lon="7.5839140">
    <ele>247.8</ele>
    <time>2026-04-04T13:46:53Z</time>
   </trkpt>
   <trkpt lat="47.5833720" lon="7.5839340">
    <ele>247.8</ele>
    <time>2026-04-04T13:46:54Z</time>
   </trkpt>
   <trkpt lat="47.5834060" lon="7.5839510">
    <ele>247.8</ele>
    <time>2026-04-04T13:46:55Z</time>
   </trkpt>
   <trkpt lat="47.5834430" lon="7.5839640">
    <ele>247.8</ele>
    <time>2026-04-04T13:46:56Z</time>
   </trkpt>
   <trkpt lat="47.5834770" lon="7.5839780">
    <ele>247.8</ele>
    <time>2026-04-04T13:46:57Z</time>
   </trkpt>
   <trkpt lat="47.5835110" lon="7.5839920">
    <ele>247.8</ele>
    <time>2026-04-04T13:46:58Z</time>
   </trkpt>
   <trkpt lat="47.5835430" lon="7.5840070">
    <ele>247.8</ele>
    <time>2026-04-04T13:46:59Z</time>
   </trkpt>
   <trkpt lat="47.5835760" lon="7.5840250">
    <ele>247.8</ele>
    <time>2026-04-04T13:47:00Z</time>
   </trkpt>
   <trkpt lat="47.5836080" lon="7.5840450">
    <ele>247.8</ele>
    <time>2026-04-04T13:47:01Z</time>
   </trkpt>
   <trkpt lat="47.5836430" lon="7.5840700">
    <ele>247.8</ele>
    <time>2026-04-04T13:47:02Z</time>
   </trkpt>
   <trkpt lat="47.5836780" lon="7.5840920">
    <ele>247.8</ele>
    <time>2026-04-04T13:47:03Z</time>
   </trkpt>
   <trkpt lat="47.5837120" lon="7.5841090">
    <ele>247.8</ele>
    <time>2026-04-04T13:47:04Z</time>
   </trkpt>
   <trkpt lat="47.5837450" lon="7.5841260">
    <ele>247.8</ele>
    <time>2026-04-04T13:47:05Z</time>
   </trkpt>
   <trkpt lat="47.5837780" lon="7.5841420">
    <ele>247.8</ele>
    <time>2026-04-04T13:47:06Z</time>
   </trkpt>
   <trkpt lat="47.5838090" lon="7.5841580">
    <ele>247.8</ele>
    <time>2026-04-04T13:47:07Z</time>
   </trkpt>
   <trkpt lat="47.5838370" lon="7.5841690">
    <ele>247.8</ele>
    <time>2026-04-04T13:47:08Z</time>
   </trkpt>
   <trkpt lat="47.5838660" lon="7.5841800">
    <ele>247.8</ele>
    <time>2026-04-04T13:47:09Z</time>
   </trkpt>
   <trkpt lat="47.5838940" lon="7.5841960">
    <ele>247.8</ele>
    <time>2026-04-04T13:47:10Z</time>
   </trkpt>
   <trkpt lat="47.5839230" lon="7.5842080">
    <ele>247.8</ele>
    <time>2026-04-04T13:47:11Z</time>
   </trkpt>
   <trkpt lat="47.5839620" lon="7.5842230">
    <ele>247.8</ele>
    <time>2026-04-04T13:47:12Z</time>
   </trkpt>
   <trkpt lat="47.5839750" lon="7.5842290">
    <ele>247.8</ele>
    <time>2026-04-04T13:47:13Z</time>
   </trkpt>
   <trkpt lat="47.5840000" lon="7.5842590">
    <ele>247.8</ele>
    <time>2026-04-04T13:47:14Z</time>
   </trkpt>
   <trkpt lat="47.5840300" lon="7.5842840">
    <ele>247.8</ele>
    <time>2026-04-04T13:47:15Z</time>
   </trkpt>
   <trkpt lat="47.5840640" lon="7.5842980">
    <ele>247.8</ele>
    <time>2026-04-04T13:47:16Z</time>
   </trkpt>
   <trkpt lat="47.5840960" lon="7.5843100">
    <ele>247.8</ele>
    <time>2026-04-04T13:47:17Z</time>
   </trkpt>
   <trkpt lat="47.5841250" lon="7.5843230">
    <ele>247.8</ele>
    <time>2026-04-04T13:47:18Z</time>
   </trkpt>
   <trkpt lat="47.5841540" lon="7.5843360">
    <ele>247.8</ele>
    <time>2026-04-04T13:47:19Z</time>
   </trkpt>
   <trkpt lat="47.5841820" lon="7.5843470">
    <ele>247.8</ele>
    <time>2026-04-04T13:47:20Z</time>
   </trkpt>
   <trkpt lat="47.5842120" lon="7.5843620">
    <ele>247.7</ele>
    <time>2026-04-04T13:47:21Z</time>
   </trkpt>
   <trkpt lat="47.5842390" lon="7.5843730">
    <ele>247.7</ele>
    <time>2026-04-04T13:47:22Z</time>
   </trkpt>
   <trkpt lat="47.5842680" lon="7.5843830">
    <ele>247.7</ele>
    <time>2026-04-04T13:47:23Z</time>
   </trkpt>
   <trkpt lat="47.5842990" lon="7.5843950">
    <ele>247.7</ele>
    <time>2026-04-04T13:47:24Z</time>
   </trkpt>
   <trkpt lat="47.5843300" lon="7.5844060">
    <ele>247.7</ele>
    <time>2026-04-04T13:47:25Z</time>
   </trkpt>
   <trkpt lat="47.5843650" lon="7.5844170">
    <ele>247.7</ele>
    <time>2026-04-04T13:47:26Z</time>
   </trkpt>
   <trkpt lat="47.5843990" lon="7.5844280">
    <ele>247.6</ele>
    <time>2026-04-04T13:47:27Z</time>
   </trkpt>
   <trkpt lat="47.5844350" lon="7.5844420">
    <ele>247.6</ele>
    <time>2026-04-04T13:47:28Z</time>
   </trkpt>
   <trkpt lat="47.5844690" lon="7.5844550">
    <ele>247.6</ele>
    <time>2026-04-04T13:47:29Z</time>
   </trkpt>
   <trkpt lat="47.5845010" lon="7.5844660">
    <ele>247.6</ele>
    <time>2026-04-04T13:47:30Z</time>
   </trkpt>
   <trkpt lat="47.5845350" lon="7.5844800">
    <ele>247.6</ele>
    <time>2026-04-04T13:47:31Z</time>
   </trkpt>
   <trkpt lat="47.5845670" lon="7.5844930">
    <ele>247.6</ele>
    <time>2026-04-04T13:47:32Z</time>
   </trkpt>
   <trkpt lat="47.5846000" lon="7.5845060">
    <ele>247.5</ele>
    <time>2026-04-04T13:47:33Z</time>
   </trkpt>
   <trkpt lat="47.5846330" lon="7.5845180">
    <ele>247.5</ele>
    <time>2026-04-04T13:47:34Z</time>
   </trkpt>
   <trkpt lat="47.5846660" lon="7.5845280">
    <ele>247.5</ele>
    <time>2026-04-04T13:47:35Z</time>
   </trkpt>
   <trkpt lat="47.5847010" lon="7.5845410">
    <ele>247.5</ele>
    <time>2026-04-04T13:47:36Z</time>
   </trkpt>
   <trkpt lat="47.5847350" lon="7.5845530">
    <ele>247.5</ele>
    <time>2026-04-04T13:47:37Z</time>
   </trkpt>
   <trkpt lat="47.5847680" lon="7.5845750">
    <ele>247.5</ele>
    <time>2026-04-04T13:47:38Z</time>
   </trkpt>
   <trkpt lat="47.5848030" lon="7.5845820">
    <ele>247.5</ele>
    <time>2026-04-04T13:47:39Z</time>
   </trkpt>
   <trkpt lat="47.5848380" lon="7.5845910">
    <ele>247.5</ele>
    <time>2026-04-04T13:47:40Z</time>
   </trkpt>
   <trkpt lat="47.5848700" lon="7.5846020">
    <ele>247.5</ele>
    <time>2026-04-04T13:47:41Z</time>
   </trkpt>
   <trkpt lat="47.5849000" lon="7.5846140">
    <ele>247.5</ele>
    <time>2026-04-04T13:47:42Z</time>
   </trkpt>
   <trkpt lat="47.5849300" lon="7.5846250">
    <ele>247.5</ele>
    <time>2026-04-04T13:47:43Z</time>
   </trkpt>
   <trkpt lat="47.5849610" lon="7.5846390">
    <ele>247.5</ele>
    <time>2026-04-04T13:47:44Z</time>
   </trkpt>
   <trkpt lat="47.5849920" lon="7.5846520">
    <ele>247.5</ele>
    <time>2026-04-04T13:47:45Z</time>
   </trkpt>
   <trkpt lat="47.5850230" lon="7.5846660">
    <ele>247.5</ele>
    <time>2026-04-04T13:47:46Z</time>
   </trkpt>
   <trkpt lat="47.5850540" lon="7.5846780">
    <ele>247.5</ele>
    <time>2026-04-04T13:47:47Z</time>
   </trkpt>
   <trkpt lat="47.5850850" lon="7.5846910">
    <ele>247.6</ele>
    <time>2026-04-04T13:47:48Z</time>
   </trkpt>
   <trkpt lat="47.5851160" lon="7.5847050">
    <ele>247.6</ele>
    <time>2026-04-04T13:47:49Z</time>
   </trkpt>
   <trkpt lat="47.5851460" lon="7.5847200">
    <ele>247.6</ele>
    <time>2026-04-04T13:47:50Z</time>
   </trkpt>
   <trkpt lat="47.5851770" lon="7.5847340">
    <ele>247.6</ele>
    <time>2026-04-04T13:47:51Z</time>
   </trkpt>
   <trkpt lat="47.5852080" lon="7.5847510">
    <ele>247.6</ele>
    <time>2026-04-04T13:47:52Z</time>
   </trkpt>
   <trkpt lat="47.5852390" lon="7.5847690">
    <ele>247.6</ele>
    <time>2026-04-04T13:47:53Z</time>
   </trkpt>
   <trkpt lat="47.5852720" lon="7.5847840">
    <ele>247.6</ele>
    <time>2026-04-04T13:47:54Z</time>
   </trkpt>
   <trkpt lat="47.5853060" lon="7.5847990">
    <ele>247.6</ele>
    <time>2026-04-04T13:47:55Z</time>
   </trkpt>
   <trkpt lat="47.5853390" lon="7.5848110">
    <ele>247.6</ele>
    <time>2026-04-04T13:47:56Z</time>
   </trkpt>
   <trkpt lat="47.5853700" lon="7.5848230">
    <ele>247.6</ele>
    <time>2026-04-04T13:47:57Z</time>
   </trkpt>
   <trkpt lat="47.5854070" lon="7.5848430">
    <ele>247.6</ele>
    <time>2026-04-04T13:47:58Z</time>
   </trkpt>
   <trkpt lat="47.5854420" lon="7.5848550">
    <ele>247.6</ele>
    <time>2026-04-04T13:47:59Z</time>
   </trkpt>
   <trkpt lat="47.5854790" lon="7.5848680">
    <ele>247.6</ele>
    <time>2026-04-04T13:48:00Z</time>
   </trkpt>
   <trkpt lat="47.5855130" lon="7.5848800">
    <ele>247.6</ele>
    <time>2026-04-04T13:48:01Z</time>
   </trkpt>
   <trkpt lat="47.5855500" lon="7.5848920">
    <ele>247.6</ele>
    <time>2026-04-04T13:48:02Z</time>
   </trkpt>
   <trkpt lat="47.5855800" lon="7.5849070">
    <ele>247.6</ele>
    <time>2026-04-04T13:48:03Z</time>
   </trkpt>
   <trkpt lat="47.5856070" lon="7.5849200">
    <ele>247.6</ele>
    <time>2026-04-04T13:48:04Z</time>
   </trkpt>
   <trkpt lat="47.5856360" lon="7.5849330">
    <ele>247.6</ele>
    <time>2026-04-04T13:48:05Z</time>
   </trkpt>
   <trkpt lat="47.5856640" lon="7.5849490">
    <ele>247.6</ele>
    <time>2026-04-04T13:48:06Z</time>
   </trkpt>
   <trkpt lat="47.5856910" lon="7.5849650">
    <ele>247.6</ele>
    <time>2026-04-04T13:48:07Z</time>
   </trkpt>
   <trkpt lat="47.5857180" lon="7.5849790">
    <ele>247.6</ele>
    <time>2026-04-04T13:48:08Z</time>
   </trkpt>
   <trkpt lat="47.5857460" lon="7.5849920">
    <ele>247.6</ele>
    <time>2026-04-04T13:48:09Z</time>
   </trkpt>
   <trkpt lat="47.5857730" lon="7.5850120">
    <ele>247.6</ele>
    <time>2026-04-04T13:48:10Z</time>
   </trkpt>
   <trkpt lat="47.5857990" lon="7.5850220">
    <ele>247.6</ele>
    <time>2026-04-04T13:48:11Z</time>
   </trkpt>
   <trkpt lat="47.5858380" lon="7.5850460">
    <ele>247.7</ele>
    <time>2026-04-04T13:48:12Z</time>
   </trkpt>
   <trkpt lat="47.5858500" lon="7.5850580">
    <ele>247.7</ele>
    <time>2026-04-04T13:48:13Z</time>
   </trkpt>
   <trkpt lat="47.5858780" lon="7.5850740">
    <ele>247.7</ele>
    <time>2026-04-04T13:48:14Z</time>
   </trkpt>
   <trkpt lat="47.5859090" lon="7.5850910">
    <ele>247.7</ele>
    <time>2026-04-04T13:48:15Z</time>
   </trkpt>
   <trkpt lat="47.5859430" lon="7.5851070">
    <ele>247.7</ele>
    <time>2026-04-04T13:48:16Z</time>
   </trkpt>
   <trkpt lat="47.5859750" lon="7.5851240">
    <ele>247.7</ele>
    <time>2026-04-04T13:48:17Z</time>
   </trkpt>
   <trkpt lat="47.5860090" lon="7.5851430">
    <ele>247.7</ele>
    <time>2026-04-04T13:48:18Z</time>
   </trkpt>
   <trkpt lat="47.5860430" lon="7.5851600">
    <ele>247.7</ele>
    <time>2026-04-04T13:48:19Z</time>
   </trkpt>
   <trkpt lat="47.5860760" lon="7.5851760">
    <ele>247.7</ele>
    <time>2026-04-04T13:48:20Z</time>
   </trkpt>
   <trkpt lat="47.5861090" lon="7.5851930">
    <ele>247.7</ele>
    <time>2026-04-04T13:48:21Z</time>
   </trkpt>
   <trkpt lat="47.5861420" lon="7.5852110">
    <ele>247.7</ele>
    <time>2026-04-04T13:48:22Z</time>
   </trkpt>
   <trkpt lat="47.5861730" lon="7.5852260">
    <ele>247.7</ele>
    <time>2026-04-04T13:48:23Z</time>
   </trkpt>
   <trkpt lat="47.5862040" lon="7.5852390">
    <ele>247.7</ele>
    <time>2026-04-04T13:48:24Z</time>
   </trkpt>
   <trkpt lat="47.5862370" lon="7.5852530">
    <ele>247.7</ele>
    <time>2026-04-04T13:48:25Z</time>
   </trkpt>
   <trkpt lat="47.5862680" lon="7.5852670">
    <ele>247.7</ele>
    <time>2026-04-04T13:48:26Z</time>
   </trkpt>
   <trkpt lat="47.5862990" lon="7.5852810">
    <ele>247.7</ele>
    <time>2026-04-04T13:48:27Z</time>
   </trkpt>
   <trkpt lat="47.5863310" lon="7.5852960">
    <ele>247.7</ele>
    <time>2026-04-04T13:48:28Z</time>
   </trkpt>
   <trkpt lat="47.5863620" lon="7.5853130">
    <ele>247.8</ele>
    <time>2026-04-04T13:48:29Z</time>
   </trkpt>
   <trkpt lat="47.5863930" lon="7.5853300">
    <ele>247.8</ele>
    <time>2026-04-04T13:48:30Z</time>
   </trkpt>
   <trkpt lat="47.5864240" lon="7.5853470">
    <ele>247.8</ele>
    <time>2026-04-04T13:48:31Z</time>
   </trkpt>
   <trkpt lat="47.5864560" lon="7.5853610">
    <ele>247.8</ele>
    <time>2026-04-04T13:48:32Z</time>
   </trkpt>
   <trkpt lat="47.5864870" lon="7.5853760">
    <ele>247.8</ele>
    <time>2026-04-04T13:48:33Z</time>
   </trkpt>
   <trkpt lat="47.5865180" lon="7.5853900">
    <ele>247.8</ele>
    <time>2026-04-04T13:48:34Z</time>
   </trkpt>
   <trkpt lat="47.5865510" lon="7.5854010">
    <ele>247.8</ele>
    <time>2026-04-04T13:48:35Z</time>
   </trkpt>
   <trkpt lat="47.5865830" lon="7.5854130">
    <ele>247.9</ele>
    <time>2026-04-04T13:48:36Z</time>
   </trkpt>
   <trkpt lat="47.5866170" lon="7.5854220">
    <ele>247.9</ele>
    <time>2026-04-04T13:48:37Z</time>
   </trkpt>
   <trkpt lat="47.5866500" lon="7.5854310">
    <ele>247.9</ele>
    <time>2026-04-04T13:48:38Z</time>
   </trkpt>
   <trkpt lat="47.5866810" lon="7.5854430">
    <ele>247.9</ele>
    <time>2026-04-04T13:48:39Z</time>
   </trkpt>
   <trkpt lat="47.5867130" lon="7.5854540">
    <ele>247.9</ele>
    <time>2026-04-04T13:48:40Z</time>
   </trkpt>
   <trkpt lat="47.5867430" lon="7.5854630">
    <ele>247.9</ele>
    <time>2026-04-04T13:48:41Z</time>
   </trkpt>
   <trkpt lat="47.5867750" lon="7.5854710">
    <ele>247.9</ele>
    <time>2026-04-04T13:48:42Z</time>
   </trkpt>
   <trkpt lat="47.5868050" lon="7.5854790">
    <ele>248.0</ele>
    <time>2026-04-04T13:48:43Z</time>
   </trkpt>
   <trkpt lat="47.5868330" lon="7.5854900">
    <ele>248.0</ele>
    <time>2026-04-04T13:48:44Z</time>
   </trkpt>
   <trkpt lat="47.5868590" lon="7.5855030">
    <ele>248.0</ele>
    <time>2026-04-04T13:48:45Z</time>
   </trkpt>
   <trkpt lat="47.5868950" lon="7.5855270">
    <ele>248.0</ele>
    <time>2026-04-04T13:48:46Z</time>
   </trkpt>
   <trkpt lat="47.5869080" lon="7.5855340">
    <ele>248.0</ele>
    <time>2026-04-04T13:48:47Z</time>
   </trkpt>
   <trkpt lat="47.5869360" lon="7.5855480">
    <ele>248.0</ele>
    <time>2026-04-04T13:48:48Z</time>
   </trkpt>
   <trkpt lat="47.5869660" lon="7.5855640">
    <ele>248.1</ele>
    <time>2026-04-04T13:48:49Z</time>
   </trkpt>
   <trkpt lat="47.5869970" lon="7.5855740">
    <ele>248.1</ele>
    <time>2026-04-04T13:48:50Z</time>
   </trkpt>
   <trkpt lat="47.5870360" lon="7.5855830">
    <ele>248.1</ele>
    <time>2026-04-04T13:48:51Z</time>
   </trkpt>
   <trkpt lat="47.5870490" lon="7.5855820">
    <ele>248.1</ele>
    <time>2026-04-04T13:48:52Z</time>
   </trkpt>
   <trkpt lat="47.5870840" lon="7.5855580">
    <ele>248.1</ele>
    <time>2026-04-04T13:48:53Z</time>
   </trkpt>
   <trkpt lat="47.5870950" lon="7.5855470">
    <ele>248.2</ele>
    <time>2026-04-04T13:48:54Z</time>
   </trkpt>
   <trkpt lat="47.5871180" lon="7.5855220">
    <ele>248.2</ele>
    <time>2026-04-04T13:48:55Z</time>
   </trkpt>
   <trkpt lat="47.5871410" lon="7.5854960">
    <ele>248.2</ele>
    <time>2026-04-04T13:48:56Z</time>
   </trkpt>
   <trkpt lat="47.5871680" lon="7.5854760">
    <ele>248.2</ele>
    <time>2026-04-04T13:48:57Z</time>
   </trkpt>
   <trkpt lat="47.5871910" lon="7.5854480">
    <ele>248.2</ele>
    <time>2026-04-04T13:48:58Z</time>
   </trkpt>
   <trkpt lat="47.5872130" lon="7.5854190">
    <ele>248.2</ele>
    <time>2026-04-04T13:48:59Z</time>
   </trkpt>
   <trkpt lat="47.5872380" lon="7.5853900">
    <ele>248.2</ele>
    <time>2026-04-04T13:49:00Z</time>
   </trkpt>
   <trkpt lat="47.5872610" lon="7.5853620">
    <ele>248.2</ele>
    <time>2026-04-04T13:49:01Z</time>
   </trkpt>
   <trkpt lat="47.5872860" lon="7.5853300">
    <ele>248.2</ele>
    <time>2026-04-04T13:49:02Z</time>
   </trkpt>
   <trkpt lat="47.5873100" lon="7.5852970">
    <ele>248.3</ele>
    <time>2026-04-04T13:49:03Z</time>
   </trkpt>
   <trkpt lat="47.5873320" lon="7.5852690">
    <ele>248.3</ele>
    <time>2026-04-04T13:49:04Z</time>
   </trkpt>
   <trkpt lat="47.5873550" lon="7.5852430">
    <ele>248.3</ele>
    <time>2026-04-04T13:49:05Z</time>
   </trkpt>
   <trkpt lat="47.5873780" lon="7.5852140">
    <ele>248.3</ele>
    <time>2026-04-04T13:49:06Z</time>
   </trkpt>
   <trkpt lat="47.5874000" lon="7.5851830">
    <ele>248.3</ele>
    <time>2026-04-04T13:49:07Z</time>
   </trkpt>
   <trkpt lat="47.5874200" lon="7.5851500">
    <ele>248.3</ele>
    <time>2026-04-04T13:49:08Z</time>
   </trkpt>
   <trkpt lat="47.5874390" lon="7.5851180">
    <ele>248.4</ele>
    <time>2026-04-04T13:49:09Z</time>
   </trkpt>
   <trkpt lat="47.5874610" lon="7.5850870">
    <ele>248.4</ele>
    <time>2026-04-04T13:49:10Z</time>
   </trkpt>
   <trkpt lat="47.5874910" lon="7.5850490">
    <ele>248.4</ele>
    <time>2026-04-04T13:49:11Z</time>
   </trkpt>
   <trkpt lat="47.5875020" lon="7.5850350">
    <ele>248.4</ele>
    <time>2026-04-04T13:49:12Z</time>
   </trkpt>
   <trkpt lat="47.5875250" lon="7.5850030">
    <ele>248.4</ele>
    <time>2026-04-04T13:49:13Z</time>
   </trkpt>
   <trkpt lat="47.5875460" lon="7.5849690">
    <ele>248.4</ele>
    <time>2026-04-04T13:49:14Z</time>
   </trkpt>
   <trkpt lat="47.5875680" lon="7.5849350">
    <ele>248.5</ele>
    <time>2026-04-04T13:49:15Z</time>
   </trkpt>
   <trkpt lat="47.5875880" lon="7.5849010">
    <ele>248.4</ele>
    <time>2026-04-04T13:49:16Z</time>
   </trkpt>
   <trkpt lat="47.5876080" lon="7.5848700">
    <ele>248.4</ele>
    <time>2026-04-04T13:49:17Z</time>
   </trkpt>
   <trkpt lat="47.5876290" lon="7.5848340">
    <ele>248.4</ele>
    <time>2026-04-04T13:49:18Z</time>
   </trkpt>
   <trkpt lat="47.5876500" lon="7.5848080">
    <ele>248.4</ele>
    <time>2026-04-04T13:49:19Z</time>
   </trkpt>
   <trkpt lat="47.5876770" lon="7.5847730">
    <ele>248.5</ele>
    <time>2026-04-04T13:49:20Z</time>
   </trkpt>
   <trkpt lat="47.5876860" lon="7.5847600">
    <ele>248.5</ele>
    <time>2026-04-04T13:49:21Z</time>
   </trkpt>
   <trkpt lat="47.5877190" lon="7.5847270">
    <ele>248.5</ele>
    <time>2026-04-04T13:49:22Z</time>
   </trkpt>
   <trkpt lat="47.5877310" lon="7.5847170">
    <ele>248.5</ele>
    <time>2026-04-04T13:49:23Z</time>
   </trkpt>
   <trkpt lat="47.5877660" lon="7.5847120">
    <ele>248.5</ele>
    <time>2026-04-04T13:49:24Z</time>
   </trkpt>
   <trkpt lat="47.5877760" lon="7.5847110">
    <ele>248.6</ele>
    <time>2026-04-04T13:49:25Z</time>
   </trkpt>
   <trkpt lat="47.5877920" lon="7.5847220">
    <ele>248.5</ele>
    <time>2026-04-04T13:49:26Z</time>
   </trkpt>
   <trkpt lat="47.5878020" lon="7.5847420">
    <ele>248.5</ele>
    <time>2026-04-04T13:49:27Z</time>
   </trkpt>
   <trkpt lat="47.5877980" lon="7.5847820">
    <ele>248.5</ele>
    <time>2026-04-04T13:49:28Z</time>
   </trkpt>
   <trkpt lat="47.5877940" lon="7.5847960">
    <ele>248.4</ele>
    <time>2026-04-04T13:49:29Z</time>
   </trkpt>
   <trkpt lat="47.5877740" lon="7.5848460">
    <ele>248.4</ele>
    <time>2026-04-04T13:49:30Z</time>
   </trkpt>
   <trkpt lat="47.5877660" lon="7.5848630">
    <ele>248.3</ele>
    <time>2026-04-04T13:49:31Z</time>
   </trkpt>
   <trkpt lat="47.5877540" lon="7.5849030">
    <ele>248.3</ele>
    <time>2026-04-04T13:49:32Z</time>
   </trkpt>
   <trkpt lat="47.5877440" lon="7.5849420">
    <ele>248.2</ele>
    <time>2026-04-04T13:49:33Z</time>
   </trkpt>
   <trkpt lat="47.5877420" lon="7.5849990">
    <ele>248.1</ele>
    <time>2026-04-04T13:49:34Z</time>
   </trkpt>
   <trkpt lat="47.5877430" lon="7.5850180">
    <ele>248.1</ele>
    <time>2026-04-04T13:49:35Z</time>
   </trkpt>
   <trkpt lat="47.5877550" lon="7.5850680">
    <ele>248.1</ele>
    <time>2026-04-04T13:49:36Z</time>
   </trkpt>
   <trkpt lat="47.5877590" lon="7.5850850">
    <ele>248.0</ele>
    <time>2026-04-04T13:49:37Z</time>
   </trkpt>
   <trkpt lat="47.5877810" lon="7.5851200">
    <ele>248.0</ele>
    <time>2026-04-04T13:49:38Z</time>
   </trkpt>
   <trkpt lat="47.5877890" lon="7.5851280">
    <ele>247.9</ele>
    <time>2026-04-04T13:49:39Z</time>
   </trkpt>
   <trkpt lat="47.5878060" lon="7.5851360">
    <ele>247.8</ele>
    <time>2026-04-04T13:49:40Z</time>
   </trkpt>
   <trkpt lat="47.5878250" lon="7.5851220">
    <ele>247.7</ele>
    <time>2026-04-04T13:49:41Z</time>
   </trkpt>
   <trkpt lat="47.5878550" lon="7.5850790">
    <ele>247.4</ele>
    <time>2026-04-04T13:49:42Z</time>
   </trkpt>
   <trkpt lat="47.5878650" lon="7.5850630">
    <ele>247.3</ele>
    <time>2026-04-04T13:49:43Z</time>
   </trkpt>
   <trkpt lat="47.5878900" lon="7.5850270">
    <ele>247.1</ele>
    <time>2026-04-04T13:49:44Z</time>
   </trkpt>
   <trkpt lat="47.5879140" lon="7.5849860">
    <ele>246.9</ele>
    <time>2026-04-04T13:49:45Z</time>
   </trkpt>
   <trkpt lat="47.5879410" lon="7.5849360">
    <ele>246.7</ele>
    <time>2026-04-04T13:49:46Z</time>
   </trkpt>
   <trkpt lat="47.5879660" lon="7.5848880">
    <ele>246.6</ele>
    <time>2026-04-04T13:49:47Z</time>
   </trkpt>
   <trkpt lat="47.5879970" lon="7.5848450">
    <ele>246.5</ele>
    <time>2026-04-04T13:49:48Z</time>
   </trkpt>
   <trkpt lat="47.5880230" lon="7.5847930">
    <ele>246.5</ele>
    <time>2026-04-04T13:49:49Z</time>
   </trkpt>
   <trkpt lat="47.5880570" lon="7.5847490">
    <ele>246.4</ele>
    <time>2026-04-04T13:49:50Z</time>
   </trkpt>
   <trkpt lat="47.5880860" lon="7.5847010">
    <ele>246.4</ele>
    <time>2026-04-04T13:49:51Z</time>
   </trkpt>
   <trkpt lat="47.5881110" lon="7.5846560">
    <ele>246.4</ele>
    <time>2026-04-04T13:49:52Z</time>
   </trkpt>
   <trkpt lat="47.5881320" lon="7.5846030">
    <ele>246.4</ele>
    <time>2026-04-04T13:49:53Z</time>
   </trkpt>
   <trkpt lat="47.5881560" lon="7.5845400">
    <ele>246.4</ele>
    <time>2026-04-04T13:49:54Z</time>
   </trkpt>
   <trkpt lat="47.5881740" lon="7.5845030">
    <ele>246.4</ele>
    <time>2026-04-04T13:49:55Z</time>
   </trkpt>
   <trkpt lat="47.5881930" lon="7.5844580">
    <ele>246.4</ele>
    <time>2026-04-04T13:49:56Z</time>
   </trkpt>
   <trkpt lat="47.5882140" lon="7.5844050">
    <ele>246.5</ele>
    <time>2026-04-04T13:49:57Z</time>
   </trkpt>
   <trkpt lat="47.5882310" lon="7.5843570">
    <ele>246.5</ele>
    <time>2026-04-04T13:49:58Z</time>
   </trkpt>
   <trkpt lat="47.5882480" lon="7.5843170">
    <ele>246.5</ele>
    <time>2026-04-04T13:49:59Z</time>
   </trkpt>
   <trkpt lat="47.5882700" lon="7.5842810">
    <ele>246.6</ele>
    <time>2026-04-04T13:50:00Z</time>
   </trkpt>
   <trkpt lat="47.5882910" lon="7.5842440">
    <ele>246.6</ele>
    <time>2026-04-04T13:50:01Z</time>
   </trkpt>
   <trkpt lat="47.5883140" lon="7.5842060">
    <ele>246.6</ele>
    <time>2026-04-04T13:50:02Z</time>
   </trkpt>
   <trkpt lat="47.5883360" lon="7.5841670">
    <ele>246.7</ele>
    <time>2026-04-04T13:50:03Z</time>
   </trkpt>
   <trkpt lat="47.5883530" lon="7.5841310">
    <ele>246.7</ele>
    <time>2026-04-04T13:50:04Z</time>
   </trkpt>
   <trkpt lat="47.5883710" lon="7.5840990">
    <ele>246.8</ele>
    <time>2026-04-04T13:50:05Z</time>
   </trkpt>
   <trkpt lat="47.5883950" lon="7.5840570">
    <ele>246.8</ele>
    <time>2026-04-04T13:50:06Z</time>
   </trkpt>
   <trkpt lat="47.5884010" lon="7.5840430">
    <ele>246.8</ele>
    <time>2026-04-04T13:50:07Z</time>
   </trkpt>
   <trkpt lat="47.5884190" lon="7.5840060">
    <ele>246.8</ele>
    <time>2026-04-04T13:50:08Z</time>
   </trkpt>
   <trkpt lat="47.5884260" lon="7.5839940">
    <ele>246.8</ele>
    <time>2026-04-04T13:50:09Z</time>
   </trkpt>
   <trkpt lat="47.5884460" lon="7.5839570">
    <ele>246.9</ele>
    <time>2026-04-04T13:50:10Z</time>
   </trkpt>
   <trkpt lat="47.5884520" lon="7.5839430">
    <ele>246.9</ele>
    <time>2026-04-04T13:50:11Z</time>
   </trkpt>
   <trkpt lat="47.5884750" lon="7.5838980">
    <ele>246.9</ele>
    <time>2026-04-04T13:50:12Z</time>
   </trkpt>
   <trkpt lat="47.5884830" lon="7.5838830">
    <ele>246.9</ele>
    <time>2026-04-04T13:50:13Z</time>
   </trkpt>
   <trkpt lat="47.5885020" lon="7.5838530">
    <ele>246.9</ele>
    <time>2026-04-04T13:50:14Z</time>
   </trkpt>
   <trkpt lat="47.5885170" lon="7.5838120">
    <ele>246.9</ele>
    <time>2026-04-04T13:50:15Z</time>
   </trkpt>
   <trkpt lat="47.5885360" lon="7.5837770">
    <ele>246.9</ele>
    <time>2026-04-04T13:50:16Z</time>
   </trkpt>
   <trkpt lat="47.5885540" lon="7.5837440">
    <ele>246.9</ele>
    <time>2026-04-04T13:50:17Z</time>
   </trkpt>
   <trkpt lat="47.5885740" lon="7.5837120">
    <ele>246.9</ele>
    <time>2026-04-04T13:50:18Z</time>
   </trkpt>
   <trkpt lat="47.5885930" lon="7.5836810">
    <ele>246.9</ele>
    <time>2026-04-04T13:50:19Z</time>
   </trkpt>
   <trkpt lat="47.5886130" lon="7.5836490">
    <ele>246.8</ele>
    <time>2026-04-04T13:50:20Z</time>
   </trkpt>
   <trkpt lat="47.5886340" lon="7.5836170">
    <ele>246.8</ele>
    <time>2026-04-04T13:50:21Z</time>
   </trkpt>
   <trkpt lat="47.5886550" lon="7.5835860">
    <ele>246.8</ele>
    <time>2026-04-04T13:50:22Z</time>
   </trkpt>
   <trkpt lat="47.5886760" lon="7.5835530">
    <ele>246.7</ele>
    <time>2026-04-04T13:50:23Z</time>
   </trkpt>
   <trkpt lat="47.5886960" lon="7.5835180">
    <ele>246.7</ele>
    <time>2026-04-04T13:50:24Z</time>
   </trkpt>
   <trkpt lat="47.5887160" lon="7.5834840">
    <ele>246.7</ele>
    <time>2026-04-04T13:50:25Z</time>
   </trkpt>
   <trkpt lat="47.5887360" lon="7.5834510">
    <ele>246.6</ele>
    <time>2026-04-04T13:50:26Z</time>
   </trkpt>
   <trkpt lat="47.5887560" lon="7.5834080">
    <ele>246.6</ele>
    <time>2026-04-04T13:50:27Z</time>
   </trkpt>
   <trkpt lat="47.5887790" lon="7.5833700">
    <ele>246.6</ele>
    <time>2026-04-04T13:50:28Z</time>
   </trkpt>
   <trkpt lat="47.5888020" lon="7.5833310">
    <ele>246.5</ele>
    <time>2026-04-04T13:50:29Z</time>
   </trkpt>
   <trkpt lat="47.5888260" lon="7.5832920">
    <ele>246.4</ele>
    <time>2026-04-04T13:50:30Z</time>
   </trkpt>
   <trkpt lat="47.5888490" lon="7.5832540">
    <ele>246.4</ele>
    <time>2026-04-04T13:50:31Z</time>
   </trkpt>
   <trkpt lat="47.5888710" lon="7.5832160">
    <ele>246.3</ele>
    <time>2026-04-04T13:50:32Z</time>
   </trkpt>
   <trkpt lat="47.5888920" lon="7.5831830">
    <ele>246.3</ele>
    <time>2026-04-04T13:50:33Z</time>
   </trkpt>
   <trkpt lat="47.5889120" lon="7.5831510">
    <ele>246.3</ele>
    <time>2026-04-04T13:50:34Z</time>
   </trkpt>
   <trkpt lat="47.5889360" lon="7.5831120">
    <ele>246.2</ele>
    <time>2026-04-04T13:50:35Z</time>
   </trkpt>
   <trkpt lat="47.5889420" lon="7.5830990">
    <ele>246.2</ele>
    <time>2026-04-04T13:50:36Z</time>
   </trkpt>
   <trkpt lat="47.5889630" lon="7.5830620">
    <ele>246.1</ele>
    <time>2026-04-04T13:50:37Z</time>
   </trkpt>
   <trkpt lat="47.5889700" lon="7.5830500">
    <ele>246.1</ele>
    <time>2026-04-04T13:50:38Z</time>
   </trkpt>
   <trkpt lat="47.5890010" lon="7.5830070">
    <ele>246.0</ele>
    <time>2026-04-04T13:50:39Z</time>
   </trkpt>
   <trkpt lat="47.5890110" lon="7.5829900">
    <ele>245.9</ele>
    <time>2026-04-04T13:50:40Z</time>
   </trkpt>
   <trkpt lat="47.5890300" lon="7.5829500">
    <ele>245.8</ele>
    <time>2026-04-04T13:50:41Z</time>
   </trkpt>
   <trkpt lat="47.5890500" lon="7.5829070">
    <ele>245.8</ele>
    <time>2026-04-04T13:50:42Z</time>
   </trkpt>
   <trkpt lat="47.5890690" lon="7.5828650">
    <ele>245.7</ele>
    <time>2026-04-04T13:50:43Z</time>
   </trkpt>
   <trkpt lat="47.5890850" lon="7.5828240">
    <ele>245.6</ele>
    <time>2026-04-04T13:50:44Z</time>
   </trkpt>
   <trkpt lat="47.5891010" lon="7.5827840">
    <ele>245.4</ele>
    <time>2026-04-04T13:50:45Z</time>
   </trkpt>
   <trkpt lat="47.5891210" lon="7.5827460">
    <ele>245.2</ele>
    <time>2026-04-04T13:50:46Z</time>
   </trkpt>
   <trkpt lat="47.5891440" lon="7.5827100">
    <ele>245.0</ele>
    <time>2026-04-04T13:50:47Z</time>
   </trkpt>
   <trkpt lat="47.5891700" lon="7.5826700">
    <ele>244.8</ele>
    <time>2026-04-04T13:50:48Z</time>
   </trkpt>
   <trkpt lat="47.5892040" lon="7.5826140">
    <ele>244.4</ele>
    <time>2026-04-04T13:50:49Z</time>
   </trkpt>
   <trkpt lat="47.5892380" lon="7.5825630">
    <ele>244.1</ele>
    <time>2026-04-04T13:50:50Z</time>
   </trkpt>
   <trkpt lat="47.5892660" lon="7.5825070">
    <ele>243.8</ele>
    <time>2026-04-04T13:50:51Z</time>
   </trkpt>
   <trkpt lat="47.5892920" lon="7.5824520">
    <ele>243.5</ele>
    <time>2026-04-04T13:50:52Z</time>
   </trkpt>
   <trkpt lat="47.5893210" lon="7.5824060">
    <ele>243.3</ele>
    <time>2026-04-04T13:50:53Z</time>
   </trkpt>
   <trkpt lat="47.5893530" lon="7.5823370">
    <ele>243.0</ele>
    <time>2026-04-04T13:50:54Z</time>
   </trkpt>
   <trkpt lat="47.5893870" lon="7.5822750">
    <ele>242.8</ele>
    <time>2026-04-04T13:50:55Z</time>
   </trkpt>
   <trkpt lat="47.5894280" lon="7.5822130">
    <ele>242.7</ele>
    <time>2026-04-04T13:50:56Z</time>
   </trkpt>
   <trkpt lat="47.5894750" lon="7.5821480">
    <ele>242.7</ele>
    <time>2026-04-04T13:50:57Z</time>
   </trkpt>
   <trkpt lat="47.5895180" lon="7.5820960">
    <ele>242.8</ele>
    <time>2026-04-04T13:50:58Z</time>
   </trkpt>
   <trkpt lat="47.5895540" lon="7.5820440">
    <ele>243.0</ele>
    <time>2026-04-04T13:50:59Z</time>
   </trkpt>
   <trkpt lat="47.5895840" lon="7.5819880">
    <ele>243.2</ele>
    <time>2026-04-04T13:51:00Z</time>
   </trkpt>
   <trkpt lat="47.5896040" lon="7.5819300">
    <ele>243.5</ele>
    <time>2026-04-04T13:51:01Z</time>
   </trkpt>
   <trkpt lat="47.5896260" lon="7.5818920">
    <ele>243.7</ele>
    <time>2026-04-04T13:51:02Z</time>
   </trkpt>
   <trkpt lat="47.5896430" lon="7.5818400">
    <ele>244.0</ele>
    <time>2026-04-04T13:51:03Z</time>
   </trkpt>
   <trkpt lat="47.5896640" lon="7.5817870">
    <ele>244.2</ele>
    <time>2026-04-04T13:51:04Z</time>
   </trkpt>
   <trkpt lat="47.5896800" lon="7.5817420">
    <ele>244.5</ele>
    <time>2026-04-04T13:51:05Z</time>
   </trkpt>
   <trkpt lat="47.5896950" lon="7.5816980">
    <ele>244.7</ele>
    <time>2026-04-04T13:51:06Z</time>
   </trkpt>
   <trkpt lat="47.5897120" lon="7.5816600">
    <ele>244.9</ele>
    <time>2026-04-04T13:51:07Z</time>
   </trkpt>
   <trkpt lat="47.5897330" lon="7.5816270">
    <ele>245.1</ele>
    <time>2026-04-04T13:51:08Z</time>
   </trkpt>
   <trkpt lat="47.5897560" lon="7.5815990">
    <ele>245.2</ele>
    <time>2026-04-04T13:51:09Z</time>
   </trkpt>
   <trkpt lat="47.5897780" lon="7.5815690">
    <ele>245.4</ele>
    <time>2026-04-04T13:51:10Z</time>
   </trkpt>
   <trkpt lat="47.5897990" lon="7.5815420">
    <ele>245.5</ele>
    <time>2026-04-04T13:51:11Z</time>
   </trkpt>
   <trkpt lat="47.5898280" lon="7.5815030">
    <ele>245.6</ele>
    <time>2026-04-04T13:51:12Z</time>
   </trkpt>
   <trkpt lat="47.5898370" lon="7.5814900">
    <ele>245.6</ele>
    <time>2026-04-04T13:51:13Z</time>
   </trkpt>
   <trkpt lat="47.5898650" lon="7.5814480">
    <ele>245.7</ele>
    <time>2026-04-04T13:51:14Z</time>
   </trkpt>
   <trkpt lat="47.5898730" lon="7.5814330">
    <ele>245.7</ele>
    <time>2026-04-04T13:51:15Z</time>
   </trkpt>
   <trkpt lat="47.5898900" lon="7.5814000">
    <ele>245.8</ele>
    <time>2026-04-04T13:51:16Z</time>
   </trkpt>
   <trkpt lat="47.5899090" lon="7.5813660">
    <ele>245.8</ele>
    <time>2026-04-04T13:51:17Z</time>
   </trkpt>
   <trkpt lat="47.5899270" lon="7.5813320">
    <ele>245.8</ele>
    <time>2026-04-04T13:51:18Z</time>
   </trkpt>
   <trkpt lat="47.5899480" lon="7.5812970">
    <ele>245.8</ele>
    <time>2026-04-04T13:51:19Z</time>
   </trkpt>
   <trkpt lat="47.5899680" lon="7.5812620">
    <ele>245.8</ele>
    <time>2026-04-04T13:51:20Z</time>
   </trkpt>
   <trkpt lat="47.5899900" lon="7.5812270">
    <ele>245.8</ele>
    <time>2026-04-04T13:51:21Z</time>
   </trkpt>
   <trkpt lat="47.5900110" lon="7.5811880">
    <ele>245.8</ele>
    <time>2026-04-04T13:51:22Z</time>
   </trkpt>
   <trkpt lat="47.5900330" lon="7.5811520">
    <ele>245.8</ele>
    <time>2026-04-04T13:51:23Z</time>
   </trkpt>
   <trkpt lat="47.5900560" lon="7.5811160">
    <ele>245.8</ele>
    <time>2026-04-04T13:51:24Z</time>
   </trkpt>
   <trkpt lat="47.5900800" lon="7.5810830">
    <ele>245.8</ele>
    <time>2026-04-04T13:51:25Z</time>
   </trkpt>
   <trkpt lat="47.5901020" lon="7.5810490">
    <ele>245.7</ele>
    <time>2026-04-04T13:51:26Z</time>
   </trkpt>
   <trkpt lat="47.5901220" lon="7.5810150">
    <ele>245.6</ele>
    <time>2026-04-04T13:51:27Z</time>
   </trkpt>
   <trkpt lat="47.5901390" lon="7.5809780">
    <ele>245.5</ele>
    <time>2026-04-04T13:51:28Z</time>
   </trkpt>
   <trkpt lat="47.5901540" lon="7.5809380">
    <ele>245.4</ele>
    <time>2026-04-04T13:51:29Z</time>
   </trkpt>
   <trkpt lat="47.5901690" lon="7.5808920">
    <ele>245.3</ele>
    <time>2026-04-04T13:51:30Z</time>
   </trkpt>
   <trkpt lat="47.5901870" lon="7.5808420">
    <ele>245.2</ele>
    <time>2026-04-04T13:51:31Z</time>
   </trkpt>
   <trkpt lat="47.5902080" lon="7.5807920">
    <ele>245.0</ele>
    <time>2026-04-04T13:51:32Z</time>
   </trkpt>
   <trkpt lat="47.5902330" lon="7.5807390">
    <ele>244.8</ele>
    <time>2026-04-04T13:51:33Z</time>
   </trkpt>
   <trkpt lat="47.5902580" lon="7.5806830">
    <ele>244.6</ele>
    <time>2026-04-04T13:51:34Z</time>
   </trkpt>
   <trkpt lat="47.5902890" lon="7.5806280">
    <ele>244.4</ele>
    <time>2026-04-04T13:51:35Z</time>
   </trkpt>
   <trkpt lat="47.5903290" lon="7.5805860">
    <ele>244.2</ele>
    <time>2026-04-04T13:51:36Z</time>
   </trkpt>
   <trkpt lat="47.5903700" lon="7.5805400">
    <ele>244.0</ele>
    <time>2026-04-04T13:51:37Z</time>
   </trkpt>
   <trkpt lat="47.5904120" lon="7.5804850">
    <ele>243.8</ele>
    <time>2026-04-04T13:51:38Z</time>
   </trkpt>
   <trkpt lat="47.5904560" lon="7.5804230">
    <ele>243.6</ele>
    <time>2026-04-04T13:51:39Z</time>
   </trkpt>
   <trkpt lat="47.5904990" lon="7.5803690">
    <ele>243.4</ele>
    <time>2026-04-04T13:51:40Z</time>
   </trkpt>
   <trkpt lat="47.5905400" lon="7.5803070">
    <ele>243.3</ele>
    <time>2026-04-04T13:51:41Z</time>
   </trkpt>
   <trkpt lat="47.5905800" lon="7.5802530">
    <ele>243.3</ele>
    <time>2026-04-04T13:51:42Z</time>
   </trkpt>
   <trkpt lat="47.5906200" lon="7.5802010">
    <ele>243.2</ele>
    <time>2026-04-04T13:51:43Z</time>
   </trkpt>
   <trkpt lat="47.5906560" lon="7.5801420">
    <ele>243.2</ele>
    <time>2026-04-04T13:51:44Z</time>
   </trkpt>
   <trkpt lat="47.5906920" lon="7.5800880">
    <ele>243.3</ele>
    <time>2026-04-04T13:51:45Z</time>
   </trkpt>
   <trkpt lat="47.5907290" lon="7.5800290">
    <ele>243.3</ele>
    <time>2026-04-04T13:51:46Z</time>
   </trkpt>
   <trkpt lat="47.5907650" lon="7.5799820">
    <ele>243.3</ele>
    <time>2026-04-04T13:51:47Z</time>
   </trkpt>
   <trkpt lat="47.5907980" lon="7.5799350">
    <ele>243.3</ele>
    <time>2026-04-04T13:51:48Z</time>
   </trkpt>
   <trkpt lat="47.5908260" lon="7.5798870">
    <ele>243.3</ele>
    <time>2026-04-04T13:51:49Z</time>
   </trkpt>
   <trkpt lat="47.5908500" lon="7.5798470">
    <ele>243.3</ele>
    <time>2026-04-04T13:51:50Z</time>
   </trkpt>
   <trkpt lat="47.5908780" lon="7.5797980">
    <ele>243.4</ele>
    <time>2026-04-04T13:51:51Z</time>
   </trkpt>
   <trkpt lat="47.5909140" lon="7.5797610">
    <ele>243.4</ele>
    <time>2026-04-04T13:51:52Z</time>
   </trkpt>
   <trkpt lat="47.5909420" lon="7.5797250">
    <ele>243.4</ele>
    <time>2026-04-04T13:51:53Z</time>
   </trkpt>
   <trkpt lat="47.5909720" lon="7.5797010">
    <ele>243.4</ele>
    <time>2026-04-04T13:51:54Z</time>
   </trkpt>
   <trkpt lat="47.5910040" lon="7.5796740">
    <ele>243.5</ele>
    <time>2026-04-04T13:51:55Z</time>
   </trkpt>
   <trkpt lat="47.5910340" lon="7.5796450">
    <ele>243.5</ele>
    <time>2026-04-04T13:51:56Z</time>
   </trkpt>
   <trkpt lat="47.5910580" lon="7.5796220">
    <ele>243.5</ele>
    <time>2026-04-04T13:51:57Z</time>
   </trkpt>
   <trkpt lat="47.5910880" lon="7.5795970">
    <ele>243.6</ele>
    <time>2026-04-04T13:51:58Z</time>
   </trkpt>
   <trkpt lat="47.5911190" lon="7.5795700">
    <ele>243.6</ele>
    <time>2026-04-04T13:51:59Z</time>
   </trkpt>
   <trkpt lat="47.5911510" lon="7.5795410">
    <ele>243.7</ele>
    <time>2026-04-04T13:52:00Z</time>
   </trkpt>
   <trkpt lat="47.5911830" lon="7.5795150">
    <ele>243.8</ele>
    <time>2026-04-04T13:52:01Z</time>
   </trkpt>
   <trkpt lat="47.5912130" lon="7.5794950">
    <ele>243.8</ele>
    <time>2026-04-04T13:52:02Z</time>
   </trkpt>
   <trkpt lat="47.5912420" lon="7.5794750">
    <ele>243.9</ele>
    <time>2026-04-04T13:52:03Z</time>
   </trkpt>
   <trkpt lat="47.5912710" lon="7.5794560">
    <ele>244.0</ele>
    <time>2026-04-04T13:52:04Z</time>
   </trkpt>
   <trkpt lat="47.5913000" lon="7.5794370">
    <ele>244.0</ele>
    <time>2026-04-04T13:52:05Z</time>
   </trkpt>
   <trkpt lat="47.5913290" lon="7.5794130">
    <ele>244.0</ele>
    <time>2026-04-04T13:52:06Z</time>
   </trkpt>
   <trkpt lat="47.5913580" lon="7.5793890">
    <ele>244.0</ele>
    <time>2026-04-04T13:52:07Z</time>
   </trkpt>
   <trkpt lat="47.5913840" lon="7.5793650">
    <ele>244.0</ele>
    <time>2026-04-04T13:52:08Z</time>
   </trkpt>
   <trkpt lat="47.5914090" lon="7.5793420">
    <ele>244.0</ele>
    <time>2026-04-04T13:52:09Z</time>
   </trkpt>
   <trkpt lat="47.5914320" lon="7.5793190">
    <ele>244.0</ele>
    <time>2026-04-04T13:52:10Z</time>
   </trkpt>
   <trkpt lat="47.5914620" lon="7.5792840">
    <ele>244.0</ele>
    <time>2026-04-04T13:52:11Z</time>
   </trkpt>
   <trkpt lat="47.5914700" lon="7.5792720">
    <ele>244.0</ele>
    <time>2026-04-04T13:52:12Z</time>
   </trkpt>
   <trkpt lat="47.5914990" lon="7.5792400">
    <ele>243.9</ele>
    <time>2026-04-04T13:52:13Z</time>
   </trkpt>
   <trkpt lat="47.5915090" lon="7.5792310">
    <ele>243.9</ele>
    <time>2026-04-04T13:52:14Z</time>
   </trkpt>
   <trkpt lat="47.5915340" lon="7.5792130">
    <ele>243.7</ele>
    <time>2026-04-04T13:52:15Z</time>
   </trkpt>
   <trkpt lat="47.5915630" lon="7.5791920">
    <ele>243.6</ele>
    <time>2026-04-04T13:52:16Z</time>
   </trkpt>
   <trkpt lat="47.5915960" lon="7.5791620">
    <ele>243.3</ele>
    <time>2026-04-04T13:52:17Z</time>
   </trkpt>
   <trkpt lat="47.5916400" lon="7.5791010">
    <ele>243.0</ele>
    <time>2026-04-04T13:52:18Z</time>
   </trkpt>
   <trkpt lat="47.5916760" lon="7.5790640">
    <ele>242.7</ele>
    <time>2026-04-04T13:52:19Z</time>
   </trkpt>
   <trkpt lat="47.5917070" lon="7.5790370">
    <ele>242.5</ele>
    <time>2026-04-04T13:52:20Z</time>
   </trkpt>
   <trkpt lat="47.5917540" lon="7.5789730">
    <ele>242.2</ele>
    <time>2026-04-04T13:52:21Z</time>
   </trkpt>
   <trkpt lat="47.5918000" lon="7.5789030">
    <ele>242.0</ele>
    <time>2026-04-04T13:52:22Z</time>
   </trkpt>
   <trkpt lat="47.5918380" lon="7.5788320">
    <ele>241.8</ele>
    <time>2026-04-04T13:52:23Z</time>
   </trkpt>
   <trkpt lat="47.5918790" lon="7.5787700">
    <ele>241.8</ele>
    <time>2026-04-04T13:52:24Z</time>
   </trkpt>
   <trkpt lat="47.5919170" lon="7.5787140">
    <ele>241.8</ele>
    <time>2026-04-04T13:52:25Z</time>
   </trkpt>
   <trkpt lat="47.5919540" lon="7.5786600">
    <ele>241.9</ele>
    <time>2026-04-04T13:52:26Z</time>
   </trkpt>
   <trkpt lat="47.5919870" lon="7.5786090">
    <ele>241.9</ele>
    <time>2026-04-04T13:52:27Z</time>
   </trkpt>
   <trkpt lat="47.5920200" lon="7.5785660">
    <ele>242.0</ele>
    <time>2026-04-04T13:52:28Z</time>
   </trkpt>
   <trkpt lat="47.5920520" lon="7.5785210">
    <ele>242.1</ele>
    <time>2026-04-04T13:52:29Z</time>
   </trkpt>
   <trkpt lat="47.5920840" lon="7.5784780">
    <ele>242.1</ele>
    <time>2026-04-04T13:52:30Z</time>
   </trkpt>
   <trkpt lat="47.5921140" lon="7.5784360">
    <ele>242.2</ele>
    <time>2026-04-04T13:52:31Z</time>
   </trkpt>
   <trkpt lat="47.5921420" lon="7.5783870">
    <ele>242.3</ele>
    <time>2026-04-04T13:52:32Z</time>
   </trkpt>
   <trkpt lat="47.5921680" lon="7.5783380">
    <ele>242.3</ele>
    <time>2026-04-04T13:52:33Z</time>
   </trkpt>
   <trkpt lat="47.5921960" lon="7.5783030">
    <ele>242.4</ele>
    <time>2026-04-04T13:52:34Z</time>
   </trkpt>
   <trkpt lat="47.5922210" lon="7.5782680">
    <ele>242.4</ele>
    <time>2026-04-04T13:52:35Z</time>
   </trkpt>
   <trkpt lat="47.5922470" lon="7.5782290">
    <ele>242.5</ele>
    <time>2026-04-04T13:52:36Z</time>
   </trkpt>
   <trkpt lat="47.5922730" lon="7.5781900">
    <ele>242.5</ele>
    <time>2026-04-04T13:52:37Z</time>
   </trkpt>
   <trkpt lat="47.5922990" lon="7.5781520">
    <ele>242.6</ele>
    <time>2026-04-04T13:52:38Z</time>
   </trkpt>
   <trkpt lat="47.5923230" lon="7.5781150">
    <ele>242.6</ele>
    <time>2026-04-04T13:52:39Z</time>
   </trkpt>
   <trkpt lat="47.5923450" lon="7.5780810">
    <ele>242.6</ele>
    <time>2026-04-04T13:52:40Z</time>
   </trkpt>
   <trkpt lat="47.5923690" lon="7.5780460">
    <ele>242.6</ele>
    <time>2026-04-04T13:52:41Z</time>
   </trkpt>
   <trkpt lat="47.5923950" lon="7.5780120">
    <ele>242.6</ele>
    <time>2026-04-04T13:52:42Z</time>
   </trkpt>
   <trkpt lat="47.5924210" lon="7.5779780">
    <ele>242.6</ele>
    <time>2026-04-04T13:52:43Z</time>
   </trkpt>
   <trkpt lat="47.5924490" lon="7.5779440">
    <ele>242.6</ele>
    <time>2026-04-04T13:52:44Z</time>
   </trkpt>
   <trkpt lat="47.5924760" lon="7.5779110">
    <ele>242.6</ele>
    <time>2026-04-04T13:52:45Z</time>
   </trkpt>
   <trkpt lat="47.5925020" lon="7.5778760">
    <ele>242.6</ele>
    <time>2026-04-04T13:52:46Z</time>
   </trkpt>
   <trkpt lat="47.5925260" lon="7.5778440">
    <ele>242.6</ele>
    <time>2026-04-04T13:52:47Z</time>
   </trkpt>
   <trkpt lat="47.5925510" lon="7.5778130">
    <ele>242.6</ele>
    <time>2026-04-04T13:52:48Z</time>
   </trkpt>
   <trkpt lat="47.5925770" lon="7.5777800">
    <ele>242.6</ele>
    <time>2026-04-04T13:52:49Z</time>
   </trkpt>
   <trkpt lat="47.5926030" lon="7.5777460">
    <ele>242.6</ele>
    <time>2026-04-04T13:52:50Z</time>
   </trkpt>
   <trkpt lat="47.5926290" lon="7.5777110">
    <ele>242.6</ele>
    <time>2026-04-04T13:52:51Z</time>
   </trkpt>
   <trkpt lat="47.5926560" lon="7.5776730">
    <ele>242.6</ele>
    <time>2026-04-04T13:52:52Z</time>
   </trkpt>
   <trkpt lat="47.5926870" lon="7.5776370">
    <ele>242.6</ele>
    <time>2026-04-04T13:52:53Z</time>
   </trkpt>
   <trkpt lat="47.5927230" lon="7.5776040">
    <ele>242.6</ele>
    <time>2026-04-04T13:52:54Z</time>
   </trkpt>
   <trkpt lat="47.5927620" lon="7.5775720">
    <ele>242.6</ele>
    <time>2026-04-04T13:52:55Z</time>
   </trkpt>
   <trkpt lat="47.5927920" lon="7.5775400">
    <ele>242.6</ele>
    <time>2026-04-04T13:52:56Z</time>
   </trkpt>
   <trkpt lat="47.5928140" lon="7.5775110">
    <ele>242.6</ele>
    <time>2026-04-04T13:52:57Z</time>
   </trkpt>
   <trkpt lat="47.5928410" lon="7.5774790">
    <ele>242.6</ele>
    <time>2026-04-04T13:52:58Z</time>
   </trkpt>
   <trkpt lat="47.5928690" lon="7.5774470">
    <ele>242.6</ele>
    <time>2026-04-04T13:52:59Z</time>
   </trkpt>
   <trkpt lat="47.5928940" lon="7.5774130">
    <ele>242.6</ele>
    <time>2026-04-04T13:53:00Z</time>
   </trkpt>
   <trkpt lat="47.5929190" lon="7.5773760">
    <ele>242.6</ele>
    <time>2026-04-04T13:53:01Z</time>
   </trkpt>
   <trkpt lat="47.5929410" lon="7.5773350">
    <ele>242.6</ele>
    <time>2026-04-04T13:53:02Z</time>
   </trkpt>
   <trkpt lat="47.5929590" lon="7.5772960">
    <ele>242.6</ele>
    <time>2026-04-04T13:53:03Z</time>
   </trkpt>
   <trkpt lat="47.5929750" lon="7.5772540">
    <ele>242.6</ele>
    <time>2026-04-04T13:53:04Z</time>
   </trkpt>
   <trkpt lat="47.5929930" lon="7.5772180">
    <ele>242.6</ele>
    <time>2026-04-04T13:53:05Z</time>
   </trkpt>
   <trkpt lat="47.5930130" lon="7.5771840">
    <ele>242.7</ele>
    <time>2026-04-04T13:53:06Z</time>
   </trkpt>
   <trkpt lat="47.5930350" lon="7.5771480">
    <ele>242.7</ele>
    <time>2026-04-04T13:53:07Z</time>
   </trkpt>
   <trkpt lat="47.5930570" lon="7.5771110">
    <ele>242.7</ele>
    <time>2026-04-04T13:53:08Z</time>
   </trkpt>
   <trkpt lat="47.5930780" lon="7.5770740">
    <ele>242.7</ele>
    <time>2026-04-04T13:53:09Z</time>
   </trkpt>
   <trkpt lat="47.5931000" lon="7.5770370">
    <ele>242.7</ele>
    <time>2026-04-04T13:53:10Z</time>
   </trkpt>
   <trkpt lat="47.5931240" lon="7.5769990">
    <ele>242.7</ele>
    <time>2026-04-04T13:53:11Z</time>
   </trkpt>
   <trkpt lat="47.5931450" lon="7.5769600">
    <ele>242.8</ele>
    <time>2026-04-04T13:53:12Z</time>
   </trkpt>
   <trkpt lat="47.5931680" lon="7.5769240">
    <ele>242.8</ele>
    <time>2026-04-04T13:53:13Z</time>
   </trkpt>
   <trkpt lat="47.5931910" lon="7.5768890">
    <ele>242.8</ele>
    <time>2026-04-04T13:53:14Z</time>
   </trkpt>
   <trkpt lat="47.5932130" lon="7.5768540">
    <ele>242.9</ele>
    <time>2026-04-04T13:53:15Z</time>
   </trkpt>
   <trkpt lat="47.5932380" lon="7.5768210">
    <ele>242.9</ele>
    <time>2026-04-04T13:53:16Z</time>
   </trkpt>
   <trkpt lat="47.5932620" lon="7.5767860">
    <ele>243.0</ele>
    <time>2026-04-04T13:53:17Z</time>
   </trkpt>
   <trkpt lat="47.5932840" lon="7.5767500">
    <ele>243.0</ele>
    <time>2026-04-04T13:53:18Z</time>
   </trkpt>
   <trkpt lat="47.5933070" lon="7.5767160">
    <ele>243.1</ele>
    <time>2026-04-04T13:53:19Z</time>
   </trkpt>
   <trkpt lat="47.5933300" lon="7.5766800">
    <ele>243.1</ele>
    <time>2026-04-04T13:53:20Z</time>
   </trkpt>
   <trkpt lat="47.5933540" lon="7.5766450">
    <ele>243.2</ele>
    <time>2026-04-04T13:53:21Z</time>
   </trkpt>
   <trkpt lat="47.5933780" lon="7.5766070">
    <ele>243.2</ele>
    <time>2026-04-04T13:53:22Z</time>
   </trkpt>
   <trkpt lat="47.5933980" lon="7.5765730">
    <ele>243.2</ele>
    <time>2026-04-04T13:53:23Z</time>
   </trkpt>
   <trkpt lat="47.5934190" lon="7.5765400">
    <ele>243.3</ele>
    <time>2026-04-04T13:53:24Z</time>
   </trkpt>
   <trkpt lat="47.5934440" lon="7.5765050">
    <ele>243.3</ele>
    <time>2026-04-04T13:53:25Z</time>
   </trkpt>
   <trkpt lat="47.5934680" lon="7.5764700">
    <ele>243.3</ele>
    <time>2026-04-04T13:53:26Z</time>
   </trkpt>
   <trkpt lat="47.5934920" lon="7.5764340">
    <ele>243.4</ele>
    <time>2026-04-04T13:53:27Z</time>
   </trkpt>
   <trkpt lat="47.5935160" lon="7.5763990">
    <ele>243.4</ele>
    <time>2026-04-04T13:53:28Z</time>
   </trkpt>
   <trkpt lat="47.5935390" lon="7.5763660">
    <ele>243.4</ele>
    <time>2026-04-04T13:53:29Z</time>
   </trkpt>
   <trkpt lat="47.5935620" lon="7.5763330">
    <ele>243.5</ele>
    <time>2026-04-04T13:53:30Z</time>
   </trkpt>
   <trkpt lat="47.5935860" lon="7.5762990">
    <ele>243.5</ele>
    <time>2026-04-04T13:53:31Z</time>
   </trkpt>
   <trkpt lat="47.5936100" lon="7.5762650">
    <ele>243.5</ele>
    <time>2026-04-04T13:53:32Z</time>
   </trkpt>
   <trkpt lat="47.5936330" lon="7.5762290">
    <ele>243.6</ele>
    <time>2026-04-04T13:53:33Z</time>
   </trkpt>
   <trkpt lat="47.5936540" lon="7.5761940">
    <ele>243.6</ele>
    <time>2026-04-04T13:53:34Z</time>
   </trkpt>
   <trkpt lat="47.5936760" lon="7.5761580">
    <ele>243.7</ele>
    <time>2026-04-04T13:53:35Z</time>
   </trkpt>
   <trkpt lat="47.5936980" lon="7.5761230">
    <ele>243.8</ele>
    <time>2026-04-04T13:53:36Z</time>
   </trkpt>
   <trkpt lat="47.5937210" lon="7.5760890">
    <ele>243.8</ele>
    <time>2026-04-04T13:53:37Z</time>
   </trkpt>
   <trkpt lat="47.5937440" lon="7.5760540">
    <ele>243.9</ele>
    <time>2026-04-04T13:53:38Z</time>
   </trkpt>
   <trkpt lat="47.5937670" lon="7.5760220">
    <ele>243.9</ele>
    <time>2026-04-04T13:53:39Z</time>
   </trkpt>
   <trkpt lat="47.5937900" lon="7.5759910">
    <ele>244.0</ele>
    <time>2026-04-04T13:53:40Z</time>
   </trkpt>
   <trkpt lat="47.5938140" lon="7.5759600">
    <ele>244.1</ele>
    <time>2026-04-04T13:53:41Z</time>
   </trkpt>
   <trkpt lat="47.5938380" lon="7.5759290">
    <ele>244.1</ele>
    <time>2026-04-04T13:53:42Z</time>
   </trkpt>
   <trkpt lat="47.5938610" lon="7.5758980">
    <ele>244.1</ele>
    <time>2026-04-04T13:53:43Z</time>
   </trkpt>
   <trkpt lat="47.5938840" lon="7.5758670">
    <ele>244.2</ele>
    <time>2026-04-04T13:53:44Z</time>
   </trkpt>
   <trkpt lat="47.5939080" lon="7.5758350">
    <ele>244.2</ele>
    <time>2026-04-04T13:53:45Z</time>
   </trkpt>
   <trkpt lat="47.5939320" lon="7.5758020">
    <ele>244.3</ele>
    <time>2026-04-04T13:53:46Z</time>
   </trkpt>
   <trkpt lat="47.5939590" lon="7.5757700">
    <ele>244.3</ele>
    <time>2026-04-04T13:53:47Z</time>
   </trkpt>
   <trkpt lat="47.5939850" lon="7.5757380">
    <ele>244.4</ele>
    <time>2026-04-04T13:53:48Z</time>
   </trkpt>
   <trkpt lat="47.5940100" lon="7.5757040">
    <ele>244.4</ele>
    <time>2026-04-04T13:53:49Z</time>
   </trkpt>
   <trkpt lat="47.5940330" lon="7.5756690">
    <ele>244.4</ele>
    <time>2026-04-04T13:53:50Z</time>
   </trkpt>
   <trkpt lat="47.5940570" lon="7.5756360">
    <ele>244.5</ele>
    <time>2026-04-04T13:53:51Z</time>
   </trkpt>
   <trkpt lat="47.5940810" lon="7.5756020">
    <ele>244.5</ele>
    <time>2026-04-04T13:53:52Z</time>
   </trkpt>
   <trkpt lat="47.5941000" lon="7.5755670">
    <ele>244.6</ele>
    <time>2026-04-04T13:53:53Z</time>
   </trkpt>
   <trkpt lat="47.5941200" lon="7.5755320">
    <ele>244.6</ele>
    <time>2026-04-04T13:53:54Z</time>
   </trkpt>
   <trkpt lat="47.5941420" lon="7.5754980">
    <ele>244.7</ele>
    <time>2026-04-04T13:53:55Z</time>
   </trkpt>
   <trkpt lat="47.5941640" lon="7.5754680">
    <ele>244.7</ele>
    <time>2026-04-04T13:53:56Z</time>
   </trkpt>
   <trkpt lat="47.5941880" lon="7.5754350">
    <ele>244.8</ele>
    <time>2026-04-04T13:53:57Z</time>
   </trkpt>
   <trkpt lat="47.5942120" lon="7.5754020">
    <ele>244.8</ele>
    <time>2026-04-04T13:53:58Z</time>
   </trkpt>
   <trkpt lat="47.5942390" lon="7.5753730">
    <ele>244.9</ele>
    <time>2026-04-04T13:53:59Z</time>
   </trkpt>
   <trkpt lat="47.5942630" lon="7.5753430">
    <ele>244.9</ele>
    <time>2026-04-04T13:54:00Z</time>
   </trkpt>
   <trkpt lat="47.5942870" lon="7.5753120">
    <ele>245.0</ele>
    <time>2026-04-04T13:54:01Z</time>
   </trkpt>
   <trkpt lat="47.5943100" lon="7.5752810">
    <ele>245.0</ele>
    <time>2026-04-04T13:54:02Z</time>
   </trkpt>
   <trkpt lat="47.5943310" lon="7.5752530">
    <ele>245.1</ele>
    <time>2026-04-04T13:54:03Z</time>
   </trkpt>
   <trkpt lat="47.5943530" lon="7.5752210">
    <ele>245.1</ele>
    <time>2026-04-04T13:54:04Z</time>
   </trkpt>
   <trkpt lat="47.5943750" lon="7.5751850">
    <ele>245.2</ele>
    <time>2026-04-04T13:54:05Z</time>
   </trkpt>
   <trkpt lat="47.5943990" lon="7.5751470">
    <ele>245.2</ele>
    <time>2026-04-04T13:54:06Z</time>
   </trkpt>
   <trkpt lat="47.5944200" lon="7.5751120">
    <ele>245.3</ele>
    <time>2026-04-04T13:54:07Z</time>
   </trkpt>
   <trkpt lat="47.5944400" lon="7.5750780">
    <ele>245.3</ele>
    <time>2026-04-04T13:54:08Z</time>
   </trkpt>
   <trkpt lat="47.5944610" lon="7.5750430">
    <ele>245.3</ele>
    <time>2026-04-04T13:54:09Z</time>
   </trkpt>
   <trkpt lat="47.5944850" lon="7.5750090">
    <ele>245.3</ele>
    <time>2026-04-04T13:54:10Z</time>
   </trkpt>
   <trkpt lat="47.5945090" lon="7.5749750">
    <ele>245.3</ele>
    <time>2026-04-04T13:54:11Z</time>
   </trkpt>
   <trkpt lat="47.5945320" lon="7.5749410">
    <ele>245.3</ele>
    <time>2026-04-04T13:54:12Z</time>
   </trkpt>
   <trkpt lat="47.5945550" lon="7.5749050">
    <ele>245.4</ele>
    <time>2026-04-04T13:54:13Z</time>
   </trkpt>
   <trkpt lat="47.5945780" lon="7.5748720">
    <ele>245.4</ele>
    <time>2026-04-04T13:54:14Z</time>
   </trkpt>
   <trkpt lat="47.5946000" lon="7.5748390">
    <ele>245.4</ele>
    <time>2026-04-04T13:54:15Z</time>
   </trkpt>
   <trkpt lat="47.5946230" lon="7.5748050">
    <ele>245.4</ele>
    <time>2026-04-04T13:54:16Z</time>
   </trkpt>
   <trkpt lat="47.5946460" lon="7.5747710">
    <ele>245.4</ele>
    <time>2026-04-04T13:54:17Z</time>
   </trkpt>
   <trkpt lat="47.5946710" lon="7.5747370">
    <ele>245.4</ele>
    <time>2026-04-04T13:54:18Z</time>
   </trkpt>
   <trkpt lat="47.5946960" lon="7.5747050">
    <ele>245.4</ele>
    <time>2026-04-04T13:54:19Z</time>
   </trkpt>
   <trkpt lat="47.5947200" lon="7.5746690">
    <ele>245.4</ele>
    <time>2026-04-04T13:54:20Z</time>
   </trkpt>
   <trkpt lat="47.5947450" lon="7.5746350">
    <ele>245.4</ele>
    <time>2026-04-04T13:54:21Z</time>
   </trkpt>
   <trkpt lat="47.5947690" lon="7.5746010">
    <ele>245.4</ele>
    <time>2026-04-04T13:54:22Z</time>
   </trkpt>
   <trkpt lat="47.5947940" lon="7.5745690">
    <ele>245.3</ele>
    <time>2026-04-04T13:54:23Z</time>
   </trkpt>
   <trkpt lat="47.5948180" lon="7.5745360">
    <ele>245.3</ele>
    <time>2026-04-04T13:54:24Z</time>
   </trkpt>
   <trkpt lat="47.5948430" lon="7.5745020">
    <ele>245.3</ele>
    <time>2026-04-04T13:54:25Z</time>
   </trkpt>
   <trkpt lat="47.5948670" lon="7.5744670">
    <ele>245.3</ele>
    <time>2026-04-04T13:54:26Z</time>
   </trkpt>
   <trkpt lat="47.5948910" lon="7.5744340">
    <ele>245.3</ele>
    <time>2026-04-04T13:54:27Z</time>
   </trkpt>
   <trkpt lat="47.5949150" lon="7.5744000">
    <ele>245.3</ele>
    <time>2026-04-04T13:54:28Z</time>
   </trkpt>
   <trkpt lat="47.5949410" lon="7.5743690">
    <ele>245.3</ele>
    <time>2026-04-04T13:54:29Z</time>
   </trkpt>
   <trkpt lat="47.5949660" lon="7.5743370">
    <ele>245.3</ele>
    <time>2026-04-04T13:54:30Z</time>
   </trkpt>
   <trkpt lat="47.5949910" lon="7.5743060">
    <ele>245.3</ele>
    <time>2026-04-04T13:54:31Z</time>
   </trkpt>
   <trkpt lat="47.5950170" lon="7.5742710">
    <ele>245.3</ele>
    <time>2026-04-04T13:54:32Z</time>
   </trkpt>
   <trkpt lat="47.5950420" lon="7.5742340">
    <ele>245.2</ele>
    <time>2026-04-04T13:54:33Z</time>
   </trkpt>
   <trkpt lat="47.5950660" lon="7.5741950">
    <ele>245.2</ele>
    <time>2026-04-04T13:54:34Z</time>
   </trkpt>
   <trkpt lat="47.5950930" lon="7.5741550">
    <ele>245.2</ele>
    <time>2026-04-04T13:54:35Z</time>
   </trkpt>
   <trkpt lat="47.5951210" lon="7.5741150">
    <ele>245.2</ele>
    <time>2026-04-04T13:54:36Z</time>
   </trkpt>
   <trkpt lat="47.5951490" lon="7.5740760">
    <ele>245.1</ele>
    <time>2026-04-04T13:54:37Z</time>
   </trkpt>
   <trkpt lat="47.5951780" lon="7.5740370">
    <ele>245.1</ele>
    <time>2026-04-04T13:54:38Z</time>
   </trkpt>
   <trkpt lat="47.5952090" lon="7.5739980">
    <ele>245.1</ele>
    <time>2026-04-04T13:54:39Z</time>
   </trkpt>
   <trkpt lat="47.5952390" lon="7.5739560">
    <ele>245.0</ele>
    <time>2026-04-04T13:54:40Z</time>
   </trkpt>
   <trkpt lat="47.5952670" lon="7.5739120">
    <ele>245.0</ele>
    <time>2026-04-04T13:54:41Z</time>
   </trkpt>
   <trkpt lat="47.5952930" lon="7.5738700">
    <ele>245.0</ele>
    <time>2026-04-04T13:54:42Z</time>
   </trkpt>
   <trkpt lat="47.5953190" lon="7.5738280">
    <ele>245.0</ele>
    <time>2026-04-04T13:54:43Z</time>
   </trkpt>
   <trkpt lat="47.5953440" lon="7.5737870">
    <ele>245.0</ele>
    <time>2026-04-04T13:54:44Z</time>
   </trkpt>
   <trkpt lat="47.5953710" lon="7.5737480">
    <ele>244.9</ele>
    <time>2026-04-04T13:54:45Z</time>
   </trkpt>
   <trkpt lat="47.5953970" lon="7.5737080">
    <ele>244.9</ele>
    <time>2026-04-04T13:54:46Z</time>
   </trkpt>
   <trkpt lat="47.5954240" lon="7.5736680">
    <ele>244.9</ele>
    <time>2026-04-04T13:54:47Z</time>
   </trkpt>
   <trkpt lat="47.5954530" lon="7.5736310">
    <ele>244.9</ele>
    <time>2026-04-04T13:54:48Z</time>
   </trkpt>
   <trkpt lat="47.5954840" lon="7.5735970">
    <ele>244.9</ele>
    <time>2026-04-04T13:54:49Z</time>
   </trkpt>
   <trkpt lat="47.5955160" lon="7.5735610">
    <ele>244.9</ele>
    <time>2026-04-04T13:54:50Z</time>
   </trkpt>
   <trkpt lat="47.5955470" lon="7.5735250">
    <ele>244.8</ele>
    <time>2026-04-04T13:54:51Z</time>
   </trkpt>
   <trkpt lat="47.5955750" lon="7.5734900">
    <ele>244.8</ele>
    <time>2026-04-04T13:54:52Z</time>
   </trkpt>
   <trkpt lat="47.5956010" lon="7.5734570">
    <ele>244.8</ele>
    <time>2026-04-04T13:54:53Z</time>
   </trkpt>
   <trkpt lat="47.5956280" lon="7.5734190">
    <ele>244.8</ele>
    <time>2026-04-04T13:54:54Z</time>
   </trkpt>
   <trkpt lat="47.5956550" lon="7.5733840">
    <ele>244.8</ele>
    <time>2026-04-04T13:54:55Z</time>
   </trkpt>
   <trkpt lat="47.5956820" lon="7.5733460">
    <ele>244.8</ele>
    <time>2026-04-04T13:54:56Z</time>
   </trkpt>
   <trkpt lat="47.5957060" lon="7.5733060">
    <ele>244.8</ele>
    <time>2026-04-04T13:54:57Z</time>
   </trkpt>
   <trkpt lat="47.5957310" lon="7.5732680">
    <ele>244.8</ele>
    <time>2026-04-04T13:54:58Z</time>
   </trkpt>
   <trkpt lat="47.5957530" lon="7.5732320">
    <ele>244.8</ele>
    <time>2026-04-04T13:54:59Z</time>
   </trkpt>
   <trkpt lat="47.5957770" lon="7.5731940">
    <ele>244.8</ele>
    <time>2026-04-04T13:55:00Z</time>
   </trkpt>
   <trkpt lat="47.5958020" lon="7.5731580">
    <ele>244.8</ele>
    <time>2026-04-04T13:55:01Z</time>
   </trkpt>
   <trkpt lat="47.5958280" lon="7.5731200">
    <ele>244.8</ele>
    <time>2026-04-04T13:55:02Z</time>
   </trkpt>
   <trkpt lat="47.5958530" lon="7.5730840">
    <ele>244.8</ele>
    <time>2026-04-04T13:55:03Z</time>
   </trkpt>
   <trkpt lat="47.5958780" lon="7.5730480">
    <ele>244.8</ele>
    <time>2026-04-04T13:55:04Z</time>
   </trkpt>
   <trkpt lat="47.5959040" lon="7.5730120">
    <ele>244.8</ele>
    <time>2026-04-04T13:55:05Z</time>
   </trkpt>
   <trkpt lat="47.5959300" lon="7.5729770">
    <ele>244.8</ele>
    <time>2026-04-04T13:55:06Z</time>
   </trkpt>
   <trkpt lat="47.5959550" lon="7.5729410">
    <ele>244.8</ele>
    <time>2026-04-04T13:55:07Z</time>
   </trkpt>
   <trkpt lat="47.5959800" lon="7.5729050">
    <ele>244.8</ele>
    <time>2026-04-04T13:55:08Z</time>
   </trkpt>
   <trkpt lat="47.5960060" lon="7.5728670">
    <ele>244.7</ele>
    <time>2026-04-04T13:55:09Z</time>
   </trkpt>
   <trkpt lat="47.5960310" lon="7.5728270">
    <ele>244.7</ele>
    <time>2026-04-04T13:55:10Z</time>
   </trkpt>
   <trkpt lat="47.5960540" lon="7.5727920">
    <ele>244.7</ele>
    <time>2026-04-04T13:55:11Z</time>
   </trkpt>
   <trkpt lat="47.5960750" lon="7.5727580">
    <ele>244.7</ele>
    <time>2026-04-04T13:55:12Z</time>
   </trkpt>
   <trkpt lat="47.5961010" lon="7.5727180">
    <ele>244.7</ele>
    <time>2026-04-04T13:55:13Z</time>
   </trkpt>
   <trkpt lat="47.5961280" lon="7.5726750">
    <ele>244.7</ele>
    <time>2026-04-04T13:55:14Z</time>
   </trkpt>
   <trkpt lat="47.5961530" lon="7.5726370">
    <ele>244.7</ele>
    <time>2026-04-04T13:55:15Z</time>
   </trkpt>
   <trkpt lat="47.5961800" lon="7.5726010">
    <ele>244.6</ele>
    <time>2026-04-04T13:55:16Z</time>
   </trkpt>
   <trkpt lat="47.5962080" lon="7.5725640">
    <ele>244.6</ele>
    <time>2026-04-04T13:55:17Z</time>
   </trkpt>
   <trkpt lat="47.5962330" lon="7.5725310">
    <ele>244.6</ele>
    <time>2026-04-04T13:55:18Z</time>
   </trkpt>
   <trkpt lat="47.5962550" lon="7.5725020">
    <ele>244.6</ele>
    <time>2026-04-04T13:55:19Z</time>
   </trkpt>
   <trkpt lat="47.5962770" lon="7.5724740">
    <ele>244.6</ele>
    <time>2026-04-04T13:55:20Z</time>
   </trkpt>
   <trkpt lat="47.5963020" lon="7.5724360">
    <ele>244.6</ele>
    <time>2026-04-04T13:55:21Z</time>
   </trkpt>
   <trkpt lat="47.5963270" lon="7.5723940">
    <ele>244.6</ele>
    <time>2026-04-04T13:55:22Z</time>
   </trkpt>
   <trkpt lat="47.5963530" lon="7.5723560">
    <ele>244.6</ele>
    <time>2026-04-04T13:55:23Z</time>
   </trkpt>
   <trkpt lat="47.5963780" lon="7.5723170">
    <ele>244.6</ele>
    <time>2026-04-04T13:55:24Z</time>
   </trkpt>
   <trkpt lat="47.5964030" lon="7.5722850">
    <ele>244.6</ele>
    <time>2026-04-04T13:55:25Z</time>
   </trkpt>
   <trkpt lat="47.5964300" lon="7.5722550">
    <ele>244.6</ele>
    <time>2026-04-04T13:55:26Z</time>
   </trkpt>
   <trkpt lat="47.5964570" lon="7.5722240">
    <ele>244.6</ele>
    <time>2026-04-04T13:55:27Z</time>
   </trkpt>
   <trkpt lat="47.5964850" lon="7.5721920">
    <ele>244.6</ele>
    <time>2026-04-04T13:55:28Z</time>
   </trkpt>
   <trkpt lat="47.5965100" lon="7.5721590">
    <ele>244.6</ele>
    <time>2026-04-04T13:55:29Z</time>
   </trkpt>
   <trkpt lat="47.5965360" lon="7.5721260">
    <ele>244.6</ele>
    <time>2026-04-04T13:55:30Z</time>
   </trkpt>
   <trkpt lat="47.5965620" lon="7.5720900">
    <ele>244.6</ele>
    <time>2026-04-04T13:55:31Z</time>
   </trkpt>
   <trkpt lat="47.5965860" lon="7.5720550">
    <ele>244.6</ele>
    <time>2026-04-04T13:55:32Z</time>
   </trkpt>
   <trkpt lat="47.5966120" lon="7.5720200">
    <ele>244.5</ele>
    <time>2026-04-04T13:55:33Z</time>
   </trkpt>
   <trkpt lat="47.5966390" lon="7.5719830">
    <ele>244.5</ele>
    <time>2026-04-04T13:55:34Z</time>
   </trkpt>
   <trkpt lat="47.5966650" lon="7.5719540">
    <ele>244.5</ele>
    <time>2026-04-04T13:55:35Z</time>
   </trkpt>
   <trkpt lat="47.5966900" lon="7.5719250">
    <ele>244.5</ele>
    <time>2026-04-04T13:55:36Z</time>
   </trkpt>
   <trkpt lat="47.5967160" lon="7.5718940">
    <ele>244.5</ele>
    <time>2026-04-04T13:55:37Z</time>
   </trkpt>
   <trkpt lat="47.5967450" lon="7.5718620">
    <ele>244.5</ele>
    <time>2026-04-04T13:55:38Z</time>
   </trkpt>
   <trkpt lat="47.5967740" lon="7.5718260">
    <ele>244.5</ele>
    <time>2026-04-04T13:55:39Z</time>
   </trkpt>
   <trkpt lat="47.5968040" lon="7.5717840">
    <ele>244.5</ele>
    <time>2026-04-04T13:55:40Z</time>
   </trkpt>
   <trkpt lat="47.5968320" lon="7.5717410">
    <ele>244.5</ele>
    <time>2026-04-04T13:55:41Z</time>
   </trkpt>
   <trkpt lat="47.5968590" lon="7.5717010">
    <ele>244.5</ele>
    <time>2026-04-04T13:55:42Z</time>
   </trkpt>
   <trkpt lat="47.5968800" lon="7.5716630">
    <ele>244.5</ele>
    <time>2026-04-04T13:55:43Z</time>
   </trkpt>
   <trkpt lat="47.5969030" lon="7.5716260">
    <ele>244.5</ele>
    <time>2026-04-04T13:55:44Z</time>
   </trkpt>
   <trkpt lat="47.5969230" lon="7.5715910">
    <ele>244.5</ele>
    <time>2026-04-04T13:55:45Z</time>
   </trkpt>
   <trkpt lat="47.5969470" lon="7.5715540">
    <ele>244.5</ele>
    <time>2026-04-04T13:55:46Z</time>
   </trkpt>
   <trkpt lat="47.5969720" lon="7.5715190">
    <ele>244.5</ele>
    <time>2026-04-04T13:55:47Z</time>
   </trkpt>
   <trkpt lat="47.5970000" lon="7.5714850">
    <ele>244.5</ele>
    <time>2026-04-04T13:55:48Z</time>
   </trkpt>
   <trkpt lat="47.5970090" lon="7.5714740">
    <ele>244.5</ele>
    <time>2026-04-04T13:55:49Z</time>
   </trkpt>
   <trkpt lat="47.5970320" lon="7.5714450">
    <ele>244.4</ele>
    <time>2026-04-04T13:55:50Z</time>
   </trkpt>
   <trkpt lat="47.5970580" lon="7.5714080">
    <ele>244.4</ele>
    <time>2026-04-04T13:55:51Z</time>
   </trkpt>
   <trkpt lat="47.5970840" lon="7.5713700">
    <ele>244.4</ele>
    <time>2026-04-04T13:55:52Z</time>
   </trkpt>
   <trkpt lat="47.5971090" lon="7.5713300">
    <ele>244.4</ele>
    <time>2026-04-04T13:55:53Z</time>
   </trkpt>
   <trkpt lat="47.5971380" lon="7.5712930">
    <ele>244.3</ele>
    <time>2026-04-04T13:55:54Z</time>
   </trkpt>
   <trkpt lat="47.5971640" lon="7.5712510">
    <ele>244.3</ele>
    <time>2026-04-04T13:55:55Z</time>
   </trkpt>
   <trkpt lat="47.5971880" lon="7.5712070">
    <ele>244.3</ele>
    <time>2026-04-04T13:55:56Z</time>
   </trkpt>
   <trkpt lat="47.5972170" lon="7.5711640">
    <ele>244.3</ele>
    <time>2026-04-04T13:55:57Z</time>
   </trkpt>
   <trkpt lat="47.5972450" lon="7.5711330">
    <ele>244.3</ele>
    <time>2026-04-04T13:55:58Z</time>
   </trkpt>
   <trkpt lat="47.5972810" lon="7.5711050">
    <ele>244.3</ele>
    <time>2026-04-04T13:55:59Z</time>
   </trkpt>
   <trkpt lat="47.5972940" lon="7.5710910">
    <ele>244.3</ele>
    <time>2026-04-04T13:56:00Z</time>
   </trkpt>
   <trkpt lat="47.5973170" lon="7.5710650">
    <ele>244.3</ele>
    <time>2026-04-04T13:56:01Z</time>
   </trkpt>
   <trkpt lat="47.5973430" lon="7.5710300">
    <ele>244.3</ele>
    <time>2026-04-04T13:56:02Z</time>
   </trkpt>
   <trkpt lat="47.5973690" lon="7.5709930">
    <ele>244.3</ele>
    <time>2026-04-04T13:56:03Z</time>
   </trkpt>
   <trkpt lat="47.5974000" lon="7.5709530">
    <ele>244.2</ele>
    <time>2026-04-04T13:56:04Z</time>
   </trkpt>
   <trkpt lat="47.5974250" lon="7.5709220">
    <ele>244.2</ele>
    <time>2026-04-04T13:56:05Z</time>
   </trkpt>
   <trkpt lat="47.5974500" lon="7.5708870">
    <ele>244.2</ele>
    <time>2026-04-04T13:56:06Z</time>
   </trkpt>
   <trkpt lat="47.5974730" lon="7.5708460">
    <ele>244.1</ele>
    <time>2026-04-04T13:56:07Z</time>
   </trkpt>
   <trkpt lat="47.5974960" lon="7.5708070">
    <ele>244.0</ele>
    <time>2026-04-04T13:56:08Z</time>
   </trkpt>
   <trkpt lat="47.5975230" lon="7.5707730">
    <ele>243.9</ele>
    <time>2026-04-04T13:56:09Z</time>
   </trkpt>
   <trkpt lat="47.5975530" lon="7.5707340">
    <ele>243.8</ele>
    <time>2026-04-04T13:56:10Z</time>
   </trkpt>
   <trkpt lat="47.5975810" lon="7.5706980">
    <ele>243.7</ele>
    <time>2026-04-04T13:56:11Z</time>
   </trkpt>
   <trkpt lat="47.5976110" lon="7.5706670">
    <ele>243.5</ele>
    <time>2026-04-04T13:56:12Z</time>
   </trkpt>
   <trkpt lat="47.5976400" lon="7.5706340">
    <ele>243.4</ele>
    <time>2026-04-04T13:56:13Z</time>
   </trkpt>
   <trkpt lat="47.5976670" lon="7.5706000">
    <ele>243.2</ele>
    <time>2026-04-04T13:56:14Z</time>
   </trkpt>
   <trkpt lat="47.5976940" lon="7.5705650">
    <ele>243.1</ele>
    <time>2026-04-04T13:56:15Z</time>
   </trkpt>
   <trkpt lat="47.5977240" lon="7.5705240">
    <ele>242.9</ele>
    <time>2026-04-04T13:56:16Z</time>
   </trkpt>
   <trkpt lat="47.5977590" lon="7.5704870">
    <ele>242.7</ele>
    <time>2026-04-04T13:56:17Z</time>
   </trkpt>
   <trkpt lat="47.5977940" lon="7.5704520">
    <ele>242.5</ele>
    <time>2026-04-04T13:56:18Z</time>
   </trkpt>
   <trkpt lat="47.5978320" lon="7.5704240">
    <ele>242.3</ele>
    <time>2026-04-04T13:56:19Z</time>
   </trkpt>
   <trkpt lat="47.5978670" lon="7.5704030">
    <ele>242.3</ele>
    <time>2026-04-04T13:56:20Z</time>
   </trkpt>
   <trkpt lat="47.5978980" lon="7.5703830">
    <ele>242.2</ele>
    <time>2026-04-04T13:56:21Z</time>
   </trkpt>
   <trkpt lat="47.5979240" lon="7.5703540">
    <ele>242.2</ele>
    <time>2026-04-04T13:56:22Z</time>
   </trkpt>
   <trkpt lat="47.5979450" lon="7.5703230">
    <ele>242.2</ele>
    <time>2026-04-04T13:56:23Z</time>
   </trkpt>
   <trkpt lat="47.5979560" lon="7.5703040">
    <ele>242.2</ele>
    <time>2026-04-04T13:56:24Z</time>
   </trkpt>
   <trkpt lat="47.5979650" lon="7.5702850">
    <ele>242.2</ele>
    <time>2026-04-04T13:56:25Z</time>
   </trkpt>
   <trkpt lat="47.5979900" lon="7.5702230">
    <ele>242.2</ele>
    <time>2026-04-04T13:56:26Z</time>
   </trkpt>
   <trkpt lat="47.5980000" lon="7.5701900">
    <ele>242.2</ele>
    <time>2026-04-04T13:56:27Z</time>
   </trkpt>
   <trkpt lat="47.5980230" lon="7.5701270">
    <ele>242.3</ele>
    <time>2026-04-04T13:56:28Z</time>
   </trkpt>
   <trkpt lat="47.5980480" lon="7.5700670">
    <ele>242.3</ele>
    <time>2026-04-04T13:56:29Z</time>
   </trkpt>
   <trkpt lat="47.5980710" lon="7.5700150">
    <ele>242.4</ele>
    <time>2026-04-04T13:56:30Z</time>
   </trkpt>
   <trkpt lat="47.5980960" lon="7.5699690">
    <ele>242.5</ele>
    <time>2026-04-04T13:56:31Z</time>
   </trkpt>
   <trkpt lat="47.5981200" lon="7.5699330">
    <ele>242.6</ele>
    <time>2026-04-04T13:56:32Z</time>
   </trkpt>
   <trkpt lat="47.5981400" lon="7.5698970">
    <ele>242.7</ele>
    <time>2026-04-04T13:56:33Z</time>
   </trkpt>
   <trkpt lat="47.5981620" lon="7.5698590">
    <ele>242.8</ele>
    <time>2026-04-04T13:56:34Z</time>
   </trkpt>
   <trkpt lat="47.5981850" lon="7.5698220">
    <ele>242.9</ele>
    <time>2026-04-04T13:56:35Z</time>
   </trkpt>
   <trkpt lat="47.5982090" lon="7.5697880">
    <ele>243.0</ele>
    <time>2026-04-04T13:56:36Z</time>
   </trkpt>
   <trkpt lat="47.5982320" lon="7.5697560">
    <ele>243.2</ele>
    <time>2026-04-04T13:56:37Z</time>
   </trkpt>
   <trkpt lat="47.5982530" lon="7.5697240">
    <ele>243.2</ele>
    <time>2026-04-04T13:56:38Z</time>
   </trkpt>
   <trkpt lat="47.5982720" lon="7.5696910">
    <ele>243.3</ele>
    <time>2026-04-04T13:56:39Z</time>
   </trkpt>
   <trkpt lat="47.5982950" lon="7.5696580">
    <ele>243.4</ele>
    <time>2026-04-04T13:56:40Z</time>
   </trkpt>
   <trkpt lat="47.5983180" lon="7.5696220">
    <ele>243.5</ele>
    <time>2026-04-04T13:56:41Z</time>
   </trkpt>
   <trkpt lat="47.5983390" lon="7.5695850">
    <ele>243.6</ele>
    <time>2026-04-04T13:56:42Z</time>
   </trkpt>
   <trkpt lat="47.5983610" lon="7.5695410">
    <ele>243.6</ele>
    <time>2026-04-04T13:56:43Z</time>
   </trkpt>
   <trkpt lat="47.5983690" lon="7.5695270">
    <ele>243.7</ele>
    <time>2026-04-04T13:56:44Z</time>
   </trkpt>
   <trkpt lat="47.5983960" lon="7.5694800">
    <ele>243.7</ele>
    <time>2026-04-04T13:56:45Z</time>
   </trkpt>
   <trkpt lat="47.5984050" lon="7.5694630">
    <ele>243.7</ele>
    <time>2026-04-04T13:56:46Z</time>
   </trkpt>
   <trkpt lat="47.5984240" lon="7.5694320">
    <ele>243.7</ele>
    <time>2026-04-04T13:56:47Z</time>
   </trkpt>
   <trkpt lat="47.5984470" lon="7.5694030">
    <ele>243.7</ele>
    <time>2026-04-04T13:56:48Z</time>
   </trkpt>
   <trkpt lat="47.5984710" lon="7.5693730">
    <ele>243.7</ele>
    <time>2026-04-04T13:56:49Z</time>
   </trkpt>
   <trkpt lat="47.5984960" lon="7.5693420">
    <ele>243.7</ele>
    <time>2026-04-04T13:56:50Z</time>
   </trkpt>
   <trkpt lat="47.5985180" lon="7.5693100">
    <ele>243.7</ele>
    <time>2026-04-04T13:56:51Z</time>
   </trkpt>
   <trkpt lat="47.5985430" lon="7.5692800">
    <ele>243.7</ele>
    <time>2026-04-04T13:56:52Z</time>
   </trkpt>
   <trkpt lat="47.5985710" lon="7.5692470">
    <ele>243.7</ele>
    <time>2026-04-04T13:56:53Z</time>
   </trkpt>
   <trkpt lat="47.5985990" lon="7.5692130">
    <ele>243.7</ele>
    <time>2026-04-04T13:56:54Z</time>
   </trkpt>
   <trkpt lat="47.5986250" lon="7.5691820">
    <ele>243.7</ele>
    <time>2026-04-04T13:56:55Z</time>
   </trkpt>
   <trkpt lat="47.5986510" lon="7.5691440">
    <ele>243.7</ele>
    <time>2026-04-04T13:56:56Z</time>
   </trkpt>
   <trkpt lat="47.5986600" lon="7.5691300">
    <ele>243.7</ele>
    <time>2026-04-04T13:56:57Z</time>
   </trkpt>
   <trkpt lat="47.5986830" lon="7.5690990">
    <ele>243.7</ele>
    <time>2026-04-04T13:56:58Z</time>
   </trkpt>
   <trkpt lat="47.5987100" lon="7.5690670">
    <ele>243.7</ele>
    <time>2026-04-04T13:56:59Z</time>
   </trkpt>
   <trkpt lat="47.5987370" lon="7.5690340">
    <ele>243.7</ele>
    <time>2026-04-04T13:57:00Z</time>
   </trkpt>
   <trkpt lat="47.5987620" lon="7.5690040">
    <ele>243.7</ele>
    <time>2026-04-04T13:57:01Z</time>
   </trkpt>
   <trkpt lat="47.5987900" lon="7.5689650">
    <ele>243.7</ele>
    <time>2026-04-04T13:57:02Z</time>
   </trkpt>
   <trkpt lat="47.5988140" lon="7.5689280">
    <ele>243.7</ele>
    <time>2026-04-04T13:57:03Z</time>
   </trkpt>
   <trkpt lat="47.5988390" lon="7.5688940">
    <ele>243.7</ele>
    <time>2026-04-04T13:57:04Z</time>
   </trkpt>
   <trkpt lat="47.5988650" lon="7.5688580">
    <ele>243.7</ele>
    <time>2026-04-04T13:57:05Z</time>
   </trkpt>
   <trkpt lat="47.5988940" lon="7.5688250">
    <ele>243.7</ele>
    <time>2026-04-04T13:57:06Z</time>
   </trkpt>
   <trkpt lat="47.5989180" lon="7.5687970">
    <ele>243.7</ele>
    <time>2026-04-04T13:57:07Z</time>
   </trkpt>
   <trkpt lat="47.5989400" lon="7.5687640">
    <ele>243.7</ele>
    <time>2026-04-04T13:57:08Z</time>
   </trkpt>
   <trkpt lat="47.5989640" lon="7.5687290">
    <ele>243.7</ele>
    <time>2026-04-04T13:57:09Z</time>
   </trkpt>
   <trkpt lat="47.5989890" lon="7.5686980">
    <ele>243.7</ele>
    <time>2026-04-04T13:57:10Z</time>
   </trkpt>
   <trkpt lat="47.5990120" lon="7.5686710">
    <ele>243.7</ele>
    <time>2026-04-04T13:57:11Z</time>
   </trkpt>
   <trkpt lat="47.5990350" lon="7.5686420">
    <ele>243.7</ele>
    <time>2026-04-04T13:57:12Z</time>
   </trkpt>
   <trkpt lat="47.5990550" lon="7.5686160">
    <ele>243.7</ele>
    <time>2026-04-04T13:57:13Z</time>
   </trkpt>
   <trkpt lat="47.5990760" lon="7.5685900">
    <ele>243.7</ele>
    <time>2026-04-04T13:57:14Z</time>
   </trkpt>
   <trkpt lat="47.5990990" lon="7.5685590">
    <ele>243.7</ele>
    <time>2026-04-04T13:57:15Z</time>
   </trkpt>
   <trkpt lat="47.5991260" lon="7.5685210">
    <ele>243.7</ele>
    <time>2026-04-04T13:57:16Z</time>
   </trkpt>
   <trkpt lat="47.5991540" lon="7.5684850">
    <ele>243.7</ele>
    <time>2026-04-04T13:57:17Z</time>
   </trkpt>
   <trkpt lat="47.5991820" lon="7.5684480">
    <ele>243.7</ele>
    <time>2026-04-04T13:57:18Z</time>
   </trkpt>
   <trkpt lat="47.5992070" lon="7.5684170">
    <ele>243.7</ele>
    <time>2026-04-04T13:57:19Z</time>
   </trkpt>
   <trkpt lat="47.5992290" lon="7.5683830">
    <ele>243.7</ele>
    <time>2026-04-04T13:57:20Z</time>
   </trkpt>
   <trkpt lat="47.5992550" lon="7.5683520">
    <ele>243.7</ele>
    <time>2026-04-04T13:57:21Z</time>
   </trkpt>
   <trkpt lat="47.5992800" lon="7.5683200">
    <ele>243.7</ele>
    <time>2026-04-04T13:57:22Z</time>
   </trkpt>
   <trkpt lat="47.5993060" lon="7.5682890">
    <ele>243.7</ele>
    <time>2026-04-04T13:57:23Z</time>
   </trkpt>
   <trkpt lat="47.5993350" lon="7.5682580">
    <ele>243.7</ele>
    <time>2026-04-04T13:57:24Z</time>
   </trkpt>
   <trkpt lat="47.5993630" lon="7.5682280">
    <ele>243.7</ele>
    <time>2026-04-04T13:57:25Z</time>
   </trkpt>
   <trkpt lat="47.5993900" lon="7.5681920">
    <ele>243.7</ele>
    <time>2026-04-04T13:57:26Z</time>
   </trkpt>
   <trkpt lat="47.5994150" lon="7.5681560">
    <ele>243.7</ele>
    <time>2026-04-04T13:57:27Z</time>
   </trkpt>
   <trkpt lat="47.5994390" lon="7.5681250">
    <ele>243.7</ele>
    <time>2026-04-04T13:57:28Z</time>
   </trkpt>
   <trkpt lat="47.5994630" lon="7.5680930">
    <ele>243.7</ele>
    <time>2026-04-04T13:57:29Z</time>
   </trkpt>
   <trkpt lat="47.5994880" lon="7.5680580">
    <ele>243.6</ele>
    <time>2026-04-04T13:57:30Z</time>
   </trkpt>
   <trkpt lat="47.5995090" lon="7.5680270">
    <ele>243.6</ele>
    <time>2026-04-04T13:57:31Z</time>
   </trkpt>
   <trkpt lat="47.5995330" lon="7.5679890">
    <ele>243.6</ele>
    <time>2026-04-04T13:57:32Z</time>
   </trkpt>
   <trkpt lat="47.5995580" lon="7.5679510">
    <ele>243.6</ele>
    <time>2026-04-04T13:57:33Z</time>
   </trkpt>
   <trkpt lat="47.5995860" lon="7.5679100">
    <ele>243.6</ele>
    <time>2026-04-04T13:57:34Z</time>
   </trkpt>
   <trkpt lat="47.5996120" lon="7.5678710">
    <ele>243.6</ele>
    <time>2026-04-04T13:57:35Z</time>
   </trkpt>
   <trkpt lat="47.5996370" lon="7.5678340">
    <ele>243.6</ele>
    <time>2026-04-04T13:57:36Z</time>
   </trkpt>
   <trkpt lat="47.5996640" lon="7.5677950">
    <ele>243.5</ele>
    <time>2026-04-04T13:57:37Z</time>
   </trkpt>
   <trkpt lat="47.5996890" lon="7.5677520">
    <ele>243.5</ele>
    <time>2026-04-04T13:57:38Z</time>
   </trkpt>
   <trkpt lat="47.5997140" lon="7.5677090">
    <ele>243.5</ele>
    <time>2026-04-04T13:57:39Z</time>
   </trkpt>
   <trkpt lat="47.5997400" lon="7.5676680">
    <ele>243.5</ele>
    <time>2026-04-04T13:57:40Z</time>
   </trkpt>
   <trkpt lat="47.5997650" lon="7.5676270">
    <ele>243.5</ele>
    <time>2026-04-04T13:57:41Z</time>
   </trkpt>
   <trkpt lat="47.5997910" lon="7.5675860">
    <ele>243.5</ele>
    <time>2026-04-04T13:57:42Z</time>
   </trkpt>
   <trkpt lat="47.5998180" lon="7.5675480">
    <ele>243.5</ele>
    <time>2026-04-04T13:57:43Z</time>
   </trkpt>
   <trkpt lat="47.5998430" lon="7.5675120">
    <ele>243.5</ele>
    <time>2026-04-04T13:57:44Z</time>
   </trkpt>
   <trkpt lat="47.5998690" lon="7.5674780">
    <ele>243.5</ele>
    <time>2026-04-04T13:57:45Z</time>
   </trkpt>
   <trkpt lat="47.5998930" lon="7.5674450">
    <ele>243.5</ele>
    <time>2026-04-04T13:57:46Z</time>
   </trkpt>
   <trkpt lat="47.5999210" lon="7.5674000">
    <ele>243.5</ele>
    <time>2026-04-04T13:57:47Z</time>
   </trkpt>
   <trkpt lat="47.5999300" lon="7.5673840">
    <ele>243.5</ele>
    <time>2026-04-04T13:57:48Z</time>
   </trkpt>
   <trkpt lat="47.5999500" lon="7.5673520">
    <ele>243.5</ele>
    <time>2026-04-04T13:57:49Z</time>
   </trkpt>
   <trkpt lat="47.5999690" lon="7.5673180">
    <ele>243.5</ele>
    <time>2026-04-04T13:57:50Z</time>
   </trkpt>
   <trkpt lat="47.5999900" lon="7.5672860">
    <ele>243.5</ele>
    <time>2026-04-04T13:57:51Z</time>
   </trkpt>
   <trkpt lat="47.6000140" lon="7.5672560">
    <ele>243.5</ele>
    <time>2026-04-04T13:57:52Z</time>
   </trkpt>
   <trkpt lat="47.6000430" lon="7.5672240">
    <ele>243.5</ele>
    <time>2026-04-04T13:57:53Z</time>
   </trkpt>
   <trkpt lat="47.6000710" lon="7.5671930">
    <ele>243.4</ele>
    <time>2026-04-04T13:57:54Z</time>
   </trkpt>
   <trkpt lat="47.6001000" lon="7.5671580">
    <ele>243.4</ele>
    <time>2026-04-04T13:57:55Z</time>
   </trkpt>
   <trkpt lat="47.6001250" lon="7.5671230">
    <ele>243.4</ele>
    <time>2026-04-04T13:57:56Z</time>
   </trkpt>
   <trkpt lat="47.6001480" lon="7.5670880">
    <ele>243.4</ele>
    <time>2026-04-04T13:57:57Z</time>
   </trkpt>
   <trkpt lat="47.6001710" lon="7.5670520">
    <ele>243.4</ele>
    <time>2026-04-04T13:57:58Z</time>
   </trkpt>
   <trkpt lat="47.6001970" lon="7.5670160">
    <ele>243.4</ele>
    <time>2026-04-04T13:57:59Z</time>
   </trkpt>
   <trkpt lat="47.6002230" lon="7.5669800">
    <ele>243.4</ele>
    <time>2026-04-04T13:58:00Z</time>
   </trkpt>
   <trkpt lat="47.6002440" lon="7.5669470">
    <ele>243.4</ele>
    <time>2026-04-04T13:58:01Z</time>
   </trkpt>
   <trkpt lat="47.6002670" lon="7.5669100">
    <ele>243.4</ele>
    <time>2026-04-04T13:58:02Z</time>
   </trkpt>
   <trkpt lat="47.6002900" lon="7.5668750">
    <ele>243.4</ele>
    <time>2026-04-04T13:58:03Z</time>
   </trkpt>
   <trkpt lat="47.6003160" lon="7.5668430">
    <ele>243.5</ele>
    <time>2026-04-04T13:58:04Z</time>
   </trkpt>
   <trkpt lat="47.6003410" lon="7.5668090">
    <ele>243.5</ele>
    <time>2026-04-04T13:58:05Z</time>
   </trkpt>
   <trkpt lat="47.6003640" lon="7.5667800">
    <ele>243.5</ele>
    <time>2026-04-04T13:58:06Z</time>
   </trkpt>
   <trkpt lat="47.6003890" lon="7.5667460">
    <ele>243.5</ele>
    <time>2026-04-04T13:58:07Z</time>
   </trkpt>
   <trkpt lat="47.6004140" lon="7.5667080">
    <ele>243.5</ele>
    <time>2026-04-04T13:58:08Z</time>
   </trkpt>
   <trkpt lat="47.6004400" lon="7.5666690">
    <ele>243.5</ele>
    <time>2026-04-04T13:58:09Z</time>
   </trkpt>
   <trkpt lat="47.6004640" lon="7.5666310">
    <ele>243.5</ele>
    <time>2026-04-04T13:58:10Z</time>
   </trkpt>
   <trkpt lat="47.6004860" lon="7.5665950">
    <ele>243.5</ele>
    <time>2026-04-04T13:58:11Z</time>
   </trkpt>
   <trkpt lat="47.6005050" lon="7.5665610">
    <ele>243.5</ele>
    <time>2026-04-04T13:58:12Z</time>
   </trkpt>
   <trkpt lat="47.6005280" lon="7.5665270">
    <ele>243.5</ele>
    <time>2026-04-04T13:58:13Z</time>
   </trkpt>
   <trkpt lat="47.6005520" lon="7.5664950">
    <ele>243.5</ele>
    <time>2026-04-04T13:58:14Z</time>
   </trkpt>
   <trkpt lat="47.6005780" lon="7.5664640">
    <ele>243.5</ele>
    <time>2026-04-04T13:58:15Z</time>
   </trkpt>
   <trkpt lat="47.6006030" lon="7.5664300">
    <ele>243.5</ele>
    <time>2026-04-04T13:58:16Z</time>
   </trkpt>
   <trkpt lat="47.6006290" lon="7.5663960">
    <ele>243.5</ele>
    <time>2026-04-04T13:58:17Z</time>
   </trkpt>
   <trkpt lat="47.6006540" lon="7.5663630">
    <ele>243.5</ele>
    <time>2026-04-04T13:58:18Z</time>
   </trkpt>
   <trkpt lat="47.6006760" lon="7.5663310">
    <ele>243.5</ele>
    <time>2026-04-04T13:58:19Z</time>
   </trkpt>
   <trkpt lat="47.6007000" lon="7.5662960">
    <ele>243.5</ele>
    <time>2026-04-04T13:58:20Z</time>
   </trkpt>
   <trkpt lat="47.6007230" lon="7.5662600">
    <ele>243.5</ele>
    <time>2026-04-04T13:58:21Z</time>
   </trkpt>
   <trkpt lat="47.6007470" lon="7.5662240">
    <ele>243.5</ele>
    <time>2026-04-04T13:58:22Z</time>
   </trkpt>
   <trkpt lat="47.6007710" lon="7.5661930">
    <ele>243.5</ele>
    <time>2026-04-04T13:58:23Z</time>
   </trkpt>
   <trkpt lat="47.6007950" lon="7.5661590">
    <ele>243.5</ele>
    <time>2026-04-04T13:58:24Z</time>
   </trkpt>
   <trkpt lat="47.6008190" lon="7.5661240">
    <ele>243.5</ele>
    <time>2026-04-04T13:58:25Z</time>
   </trkpt>
   <trkpt lat="47.6008440" lon="7.5660860">
    <ele>243.5</ele>
    <time>2026-04-04T13:58:26Z</time>
   </trkpt>
   <trkpt lat="47.6008690" lon="7.5660490">
    <ele>243.5</ele>
    <time>2026-04-04T13:58:27Z</time>
   </trkpt>
   <trkpt lat="47.6008930" lon="7.5660140">
    <ele>243.5</ele>
    <time>2026-04-04T13:58:28Z</time>
   </trkpt>
   <trkpt lat="47.6009170" lon="7.5659770">
    <ele>243.5</ele>
    <time>2026-04-04T13:58:29Z</time>
   </trkpt>
   <trkpt lat="47.6009390" lon="7.5659440">
    <ele>243.5</ele>
    <time>2026-04-04T13:58:30Z</time>
   </trkpt>
   <trkpt lat="47.6009620" lon="7.5659050">
    <ele>243.5</ele>
    <time>2026-04-04T13:58:31Z</time>
   </trkpt>
   <trkpt lat="47.6009820" lon="7.5658730">
    <ele>243.5</ele>
    <time>2026-04-04T13:58:32Z</time>
   </trkpt>
   <trkpt lat="47.6010030" lon="7.5658400">
    <ele>243.5</ele>
    <time>2026-04-04T13:58:33Z</time>
   </trkpt>
   <trkpt lat="47.6010270" lon="7.5658030">
    <ele>243.5</ele>
    <time>2026-04-04T13:58:34Z</time>
   </trkpt>
   <trkpt lat="47.6010530" lon="7.5657670">
    <ele>243.5</ele>
    <time>2026-04-04T13:58:35Z</time>
   </trkpt>
   <trkpt lat="47.6010780" lon="7.5657340">
    <ele>243.5</ele>
    <time>2026-04-04T13:58:36Z</time>
   </trkpt>
   <trkpt lat="47.6011040" lon="7.5656980">
    <ele>243.5</ele>
    <time>2026-04-04T13:58:37Z</time>
   </trkpt>
   <trkpt lat="47.6011290" lon="7.5656610">
    <ele>243.4</ele>
    <time>2026-04-04T13:58:38Z</time>
   </trkpt>
   <trkpt lat="47.6011550" lon="7.5656310">
    <ele>243.4</ele>
    <time>2026-04-04T13:58:39Z</time>
   </trkpt>
   <trkpt lat="47.6011820" lon="7.5655960">
    <ele>243.4</ele>
    <time>2026-04-04T13:58:40Z</time>
   </trkpt>
   <trkpt lat="47.6012060" lon="7.5655650">
    <ele>243.4</ele>
    <time>2026-04-04T13:58:41Z</time>
   </trkpt>
   <trkpt lat="47.6012300" lon="7.5655330">
    <ele>243.4</ele>
    <time>2026-04-04T13:58:42Z</time>
   </trkpt>
   <trkpt lat="47.6012530" lon="7.5655000">
    <ele>243.4</ele>
    <time>2026-04-04T13:58:43Z</time>
   </trkpt>
   <trkpt lat="47.6012770" lon="7.5654670">
    <ele>243.4</ele>
    <time>2026-04-04T13:58:44Z</time>
   </trkpt>
   <trkpt lat="47.6013020" lon="7.5654380">
    <ele>243.4</ele>
    <time>2026-04-04T13:58:45Z</time>
   </trkpt>
   <trkpt lat="47.6013270" lon="7.5654090">
    <ele>243.4</ele>
    <time>2026-04-04T13:58:46Z</time>
   </trkpt>
   <trkpt lat="47.6013500" lon="7.5653800">
    <ele>243.3</ele>
    <time>2026-04-04T13:58:47Z</time>
   </trkpt>
   <trkpt lat="47.6013740" lon="7.5653480">
    <ele>243.3</ele>
    <time>2026-04-04T13:58:48Z</time>
   </trkpt>
   <trkpt lat="47.6013980" lon="7.5653160">
    <ele>243.3</ele>
    <time>2026-04-04T13:58:49Z</time>
   </trkpt>
   <trkpt lat="47.6014220" lon="7.5652840">
    <ele>243.3</ele>
    <time>2026-04-04T13:58:50Z</time>
   </trkpt>
   <trkpt lat="47.6014430" lon="7.5652520">
    <ele>243.3</ele>
    <time>2026-04-04T13:58:51Z</time>
   </trkpt>
   <trkpt lat="47.6014650" lon="7.5652210">
    <ele>243.3</ele>
    <time>2026-04-04T13:58:52Z</time>
   </trkpt>
   <trkpt lat="47.6014890" lon="7.5651820">
    <ele>243.3</ele>
    <time>2026-04-04T13:58:53Z</time>
   </trkpt>
   <trkpt lat="47.6015140" lon="7.5651410">
    <ele>243.3</ele>
    <time>2026-04-04T13:58:54Z</time>
   </trkpt>
   <trkpt lat="47.6015380" lon="7.5651030">
    <ele>243.3</ele>
    <time>2026-04-04T13:58:55Z</time>
   </trkpt>
   <trkpt lat="47.6015630" lon="7.5650670">
    <ele>243.3</ele>
    <time>2026-04-04T13:58:56Z</time>
   </trkpt>
   <trkpt lat="47.6015880" lon="7.5650300">
    <ele>243.3</ele>
    <time>2026-04-04T13:58:57Z</time>
   </trkpt>
   <trkpt lat="47.6016130" lon="7.5649950">
    <ele>243.3</ele>
    <time>2026-04-04T13:58:58Z</time>
   </trkpt>
   <trkpt lat="47.6016360" lon="7.5649620">
    <ele>243.3</ele>
    <time>2026-04-04T13:58:59Z</time>
   </trkpt>
   <trkpt lat="47.6016580" lon="7.5649320">
    <ele>243.3</ele>
    <time>2026-04-04T13:59:00Z</time>
   </trkpt>
   <trkpt lat="47.6016810" lon="7.5648980">
    <ele>243.3</ele>
    <time>2026-04-04T13:59:01Z</time>
   </trkpt>
   <trkpt lat="47.6017080" lon="7.5648670">
    <ele>243.2</ele>
    <time>2026-04-04T13:59:02Z</time>
   </trkpt>
   <trkpt lat="47.6017330" lon="7.5648370">
    <ele>243.2</ele>
    <time>2026-04-04T13:59:03Z</time>
   </trkpt>
   <trkpt lat="47.6017590" lon="7.5648070">
    <ele>243.2</ele>
    <time>2026-04-04T13:59:04Z</time>
   </trkpt>
   <trkpt lat="47.6017850" lon="7.5647780">
    <ele>243.2</ele>
    <time>2026-04-04T13:59:05Z</time>
   </trkpt>
   <trkpt lat="47.6018110" lon="7.5647460">
    <ele>243.2</ele>
    <time>2026-04-04T13:59:06Z</time>
   </trkpt>
   <trkpt lat="47.6018360" lon="7.5647110">
    <ele>243.2</ele>
    <time>2026-04-04T13:59:07Z</time>
   </trkpt>
   <trkpt lat="47.6018620" lon="7.5646780">
    <ele>243.2</ele>
    <time>2026-04-04T13:59:08Z</time>
   </trkpt>
   <trkpt lat="47.6018910" lon="7.5646440">
    <ele>243.2</ele>
    <time>2026-04-04T13:59:09Z</time>
   </trkpt>
   <trkpt lat="47.6019180" lon="7.5646090">
    <ele>243.2</ele>
    <time>2026-04-04T13:59:10Z</time>
   </trkpt>
   <trkpt lat="47.6019430" lon="7.5645750">
    <ele>243.2</ele>
    <time>2026-04-04T13:59:11Z</time>
   </trkpt>
   <trkpt lat="47.6019680" lon="7.5645400">
    <ele>243.2</ele>
    <time>2026-04-04T13:59:12Z</time>
   </trkpt>
   <trkpt lat="47.6019910" lon="7.5645020">
    <ele>243.1</ele>
    <time>2026-04-04T13:59:13Z</time>
   </trkpt>
   <trkpt lat="47.6020140" lon="7.5644700">
    <ele>243.1</ele>
    <time>2026-04-04T13:59:14Z</time>
   </trkpt>
   <trkpt lat="47.6020390" lon="7.5644360">
    <ele>243.1</ele>
    <time>2026-04-04T13:59:15Z</time>
   </trkpt>
   <trkpt lat="47.6020650" lon="7.5644010">
    <ele>243.1</ele>
    <time>2026-04-04T13:59:16Z</time>
   </trkpt>
   <trkpt lat="47.6020890" lon="7.5643640">
    <ele>243.1</ele>
    <time>2026-04-04T13:59:17Z</time>
   </trkpt>
   <trkpt lat="47.6021120" lon="7.5643290">
    <ele>243.2</ele>
    <time>2026-04-04T13:59:18Z</time>
   </trkpt>
   <trkpt lat="47.6021340" lon="7.5642990">
    <ele>243.2</ele>
    <time>2026-04-04T13:59:19Z</time>
   </trkpt>
   <trkpt lat="47.6021640" lon="7.5642570">
    <ele>243.2</ele>
    <time>2026-04-04T13:59:20Z</time>
   </trkpt>
   <trkpt lat="47.6021750" lon="7.5642400">
    <ele>243.2</ele>
    <time>2026-04-04T13:59:21Z</time>
   </trkpt>
   <trkpt lat="47.6021970" lon="7.5642070">
    <ele>243.2</ele>
    <time>2026-04-04T13:59:22Z</time>
   </trkpt>
   <trkpt lat="47.6022160" lon="7.5641720">
    <ele>243.2</ele>
    <time>2026-04-04T13:59:23Z</time>
   </trkpt>
   <trkpt lat="47.6022370" lon="7.5641410">
    <ele>243.2</ele>
    <time>2026-04-04T13:59:24Z</time>
   </trkpt>
   <trkpt lat="47.6022600" lon="7.5641090">
    <ele>243.2</ele>
    <time>2026-04-04T13:59:25Z</time>
   </trkpt>
   <trkpt lat="47.6022830" lon="7.5640750">
    <ele>243.2</ele>
    <time>2026-04-04T13:59:26Z</time>
   </trkpt>
   <trkpt lat="47.6023030" lon="7.5640440">
    <ele>243.2</ele>
    <time>2026-04-04T13:59:27Z</time>
   </trkpt>
   <trkpt lat="47.6023180" lon="7.5640100">
    <ele>243.2</ele>
    <time>2026-04-04T13:59:28Z</time>
   </trkpt>
   <trkpt lat="47.6023350" lon="7.5639780">
    <ele>243.2</ele>
    <time>2026-04-04T13:59:29Z</time>
   </trkpt>
   <trkpt lat="47.6023580" lon="7.5639390">
    <ele>243.3</ele>
    <time>2026-04-04T13:59:30Z</time>
   </trkpt>
   <trkpt lat="47.6023820" lon="7.5639040">
    <ele>243.3</ele>
    <time>2026-04-04T13:59:31Z</time>
   </trkpt>
   <trkpt lat="47.6024140" lon="7.5638690">
    <ele>243.3</ele>
    <time>2026-04-04T13:59:32Z</time>
   </trkpt>
   <trkpt lat="47.6024430" lon="7.5638390">
    <ele>243.3</ele>
    <time>2026-04-04T13:59:33Z</time>
   </trkpt>
   <trkpt lat="47.6024720" lon="7.5638070">
    <ele>243.3</ele>
    <time>2026-04-04T13:59:34Z</time>
   </trkpt>
   <trkpt lat="47.6025010" lon="7.5637710">
    <ele>243.3</ele>
    <time>2026-04-04T13:59:35Z</time>
   </trkpt>
   <trkpt lat="47.6025290" lon="7.5637360">
    <ele>243.3</ele>
    <time>2026-04-04T13:59:36Z</time>
   </trkpt>
   <trkpt lat="47.6025560" lon="7.5637010">
    <ele>243.3</ele>
    <time>2026-04-04T13:59:37Z</time>
   </trkpt>
   <trkpt lat="47.6025780" lon="7.5636730">
    <ele>243.3</ele>
    <time>2026-04-04T13:59:38Z</time>
   </trkpt>
   <trkpt lat="47.6026010" lon="7.5636440">
    <ele>243.3</ele>
    <time>2026-04-04T13:59:39Z</time>
   </trkpt>
   <trkpt lat="47.6026250" lon="7.5636130">
    <ele>243.3</ele>
    <time>2026-04-04T13:59:40Z</time>
   </trkpt>
   <trkpt lat="47.6026480" lon="7.5635820">
    <ele>243.3</ele>
    <time>2026-04-04T13:59:41Z</time>
   </trkpt>
   <trkpt lat="47.6026750" lon="7.5635510">
    <ele>243.3</ele>
    <time>2026-04-04T13:59:42Z</time>
   </trkpt>
   <trkpt lat="47.6026990" lon="7.5635160">
    <ele>243.3</ele>
    <time>2026-04-04T13:59:43Z</time>
   </trkpt>
   <trkpt lat="47.6027220" lon="7.5634830">
    <ele>243.3</ele>
    <time>2026-04-04T13:59:44Z</time>
   </trkpt>
   <trkpt lat="47.6027470" lon="7.5634490">
    <ele>243.3</ele>
    <time>2026-04-04T13:59:45Z</time>
   </trkpt>
   <trkpt lat="47.6027710" lon="7.5634190">
    <ele>243.2</ele>
    <time>2026-04-04T13:59:46Z</time>
   </trkpt>
   <trkpt lat="47.6027960" lon="7.5633860">
    <ele>243.2</ele>
    <time>2026-04-04T13:59:47Z</time>
   </trkpt>
   <trkpt lat="47.6028160" lon="7.5633470">
    <ele>243.2</ele>
    <time>2026-04-04T13:59:48Z</time>
   </trkpt>
   <trkpt lat="47.6028390" lon="7.5633100">
    <ele>243.2</ele>
    <time>2026-04-04T13:59:49Z</time>
   </trkpt>
   <trkpt lat="47.6028610" lon="7.5632770">
    <ele>243.2</ele>
    <time>2026-04-04T13:59:50Z</time>
   </trkpt>
   <trkpt lat="47.6028820" lon="7.5632490">
    <ele>243.2</ele>
    <time>2026-04-04T13:59:51Z</time>
   </trkpt>
   <trkpt lat="47.6029050" lon="7.5632180">
    <ele>243.2</ele>
    <time>2026-04-04T13:59:52Z</time>
   </trkpt>
   <trkpt lat="47.6029290" lon="7.5631900">
    <ele>243.1</ele>
    <time>2026-04-04T13:59:53Z</time>
   </trkpt>
   <trkpt lat="47.6029540" lon="7.5631610">
    <ele>243.1</ele>
    <time>2026-04-04T13:59:54Z</time>
   </trkpt>
   <trkpt lat="47.6029800" lon="7.5631320">
    <ele>243.1</ele>
    <time>2026-04-04T13:59:55Z</time>
   </trkpt>
   <trkpt lat="47.6030060" lon="7.5630940">
    <ele>243.1</ele>
    <time>2026-04-04T13:59:56Z</time>
   </trkpt>
   <trkpt lat="47.6030310" lon="7.5630570">
    <ele>243.1</ele>
    <time>2026-04-04T13:59:57Z</time>
   </trkpt>
   <trkpt lat="47.6030530" lon="7.5630200">
    <ele>243.1</ele>
    <time>2026-04-04T13:59:58Z</time>
   </trkpt>
   <trkpt lat="47.6030760" lon="7.5629840">
    <ele>243.1</ele>
    <time>2026-04-04T13:59:59Z</time>
   </trkpt>
   <trkpt lat="47.6030970" lon="7.5629560">
    <ele>243.1</ele>
    <time>2026-04-04T14:00:00Z</time>
   </trkpt>
   <trkpt lat="47.6031200" lon="7.5629250">
    <ele>243.1</ele>
    <time>2026-04-04T14:00:01Z</time>
   </trkpt>
   <trkpt lat="47.6031450" lon="7.5628910">
    <ele>243.1</ele>
    <time>2026-04-04T14:00:02Z</time>
   </trkpt>
   <trkpt lat="47.6031710" lon="7.5628540">
    <ele>243.1</ele>
    <time>2026-04-04T14:00:03Z</time>
   </trkpt>
   <trkpt lat="47.6031970" lon="7.5628220">
    <ele>243.1</ele>
    <time>2026-04-04T14:00:04Z</time>
   </trkpt>
   <trkpt lat="47.6032220" lon="7.5627900">
    <ele>243.1</ele>
    <time>2026-04-04T14:00:05Z</time>
   </trkpt>
   <trkpt lat="47.6032450" lon="7.5627560">
    <ele>243.1</ele>
    <time>2026-04-04T14:00:06Z</time>
   </trkpt>
   <trkpt lat="47.6032690" lon="7.5627210">
    <ele>243.1</ele>
    <time>2026-04-04T14:00:07Z</time>
   </trkpt>
   <trkpt lat="47.6032930" lon="7.5626900">
    <ele>243.1</ele>
    <time>2026-04-04T14:00:08Z</time>
   </trkpt>
   <trkpt lat="47.6033170" lon="7.5626590">
    <ele>243.2</ele>
    <time>2026-04-04T14:00:09Z</time>
   </trkpt>
   <trkpt lat="47.6033400" lon="7.5626280">
    <ele>243.2</ele>
    <time>2026-04-04T14:00:10Z</time>
   </trkpt>
   <trkpt lat="47.6033630" lon="7.5625970">
    <ele>243.2</ele>
    <time>2026-04-04T14:00:11Z</time>
   </trkpt>
   <trkpt lat="47.6033850" lon="7.5625650">
    <ele>243.2</ele>
    <time>2026-04-04T14:00:12Z</time>
   </trkpt>
   <trkpt lat="47.6034070" lon="7.5625310">
    <ele>243.3</ele>
    <time>2026-04-04T14:00:13Z</time>
   </trkpt>
   <trkpt lat="47.6034290" lon="7.5624980">
    <ele>243.3</ele>
    <time>2026-04-04T14:00:14Z</time>
   </trkpt>
   <trkpt lat="47.6034520" lon="7.5624690">
    <ele>243.3</ele>
    <time>2026-04-04T14:00:15Z</time>
   </trkpt>
   <trkpt lat="47.6034770" lon="7.5624420">
    <ele>243.3</ele>
    <time>2026-04-04T14:00:16Z</time>
   </trkpt>
   <trkpt lat="47.6035010" lon="7.5624140">
    <ele>243.3</ele>
    <time>2026-04-04T14:00:17Z</time>
   </trkpt>
   <trkpt lat="47.6035250" lon="7.5623850">
    <ele>243.3</ele>
    <time>2026-04-04T14:00:18Z</time>
   </trkpt>
   <trkpt lat="47.6035480" lon="7.5623490">
    <ele>243.3</ele>
    <time>2026-04-04T14:00:19Z</time>
   </trkpt>
   <trkpt lat="47.6035730" lon="7.5623140">
    <ele>243.2</ele>
    <time>2026-04-04T14:00:20Z</time>
   </trkpt>
   <trkpt lat="47.6035980" lon="7.5622750">
    <ele>243.2</ele>
    <time>2026-04-04T14:00:21Z</time>
   </trkpt>
   <trkpt lat="47.6036240" lon="7.5622400">
    <ele>243.2</ele>
    <time>2026-04-04T14:00:22Z</time>
   </trkpt>
   <trkpt lat="47.6036510" lon="7.5622060">
    <ele>243.2</ele>
    <time>2026-04-04T14:00:23Z</time>
   </trkpt>
   <trkpt lat="47.6036770" lon="7.5621710">
    <ele>243.1</ele>
    <time>2026-04-04T14:00:24Z</time>
   </trkpt>
   <trkpt lat="47.6037020" lon="7.5621360">
    <ele>243.1</ele>
    <time>2026-04-04T14:00:25Z</time>
   </trkpt>
   <trkpt lat="47.6037270" lon="7.5621010">
    <ele>243.0</ele>
    <time>2026-04-04T14:00:26Z</time>
   </trkpt>
   <trkpt lat="47.6037520" lon="7.5620630">
    <ele>243.0</ele>
    <time>2026-04-04T14:00:27Z</time>
   </trkpt>
   <trkpt lat="47.6037750" lon="7.5620330">
    <ele>242.9</ele>
    <time>2026-04-04T14:00:28Z</time>
   </trkpt>
   <trkpt lat="47.6037960" lon="7.5620040">
    <ele>242.9</ele>
    <time>2026-04-04T14:00:29Z</time>
   </trkpt>
   <trkpt lat="47.6038150" lon="7.5619740">
    <ele>242.8</ele>
    <time>2026-04-04T14:00:30Z</time>
   </trkpt>
   <trkpt lat="47.6038340" lon="7.5619450">
    <ele>242.7</ele>
    <time>2026-04-04T14:00:31Z</time>
   </trkpt>
   <trkpt lat="47.6038550" lon="7.5619110">
    <ele>242.7</ele>
    <time>2026-04-04T14:00:32Z</time>
   </trkpt>
   <trkpt lat="47.6038780" lon="7.5618800">
    <ele>242.6</ele>
    <time>2026-04-04T14:00:33Z</time>
   </trkpt>
   <trkpt lat="47.6039070" lon="7.5618540">
    <ele>242.5</ele>
    <time>2026-04-04T14:00:34Z</time>
   </trkpt>
   <trkpt lat="47.6039370" lon="7.5618280">
    <ele>242.4</ele>
    <time>2026-04-04T14:00:35Z</time>
   </trkpt>
   <trkpt lat="47.6039670" lon="7.5617990">
    <ele>242.3</ele>
    <time>2026-04-04T14:00:36Z</time>
   </trkpt>
   <trkpt lat="47.6040000" lon="7.5617680">
    <ele>242.2</ele>
    <time>2026-04-04T14:00:37Z</time>
   </trkpt>
   <trkpt lat="47.6040350" lon="7.5617410">
    <ele>242.1</ele>
    <time>2026-04-04T14:00:38Z</time>
   </trkpt>
   <trkpt lat="47.6040710" lon="7.5617210">
    <ele>242.0</ele>
    <time>2026-04-04T14:00:39Z</time>
   </trkpt>
   <trkpt lat="47.6041050" lon="7.5617080">
    <ele>242.0</ele>
    <time>2026-04-04T14:00:40Z</time>
   </trkpt>
   <trkpt lat="47.6041350" lon="7.5616950">
    <ele>241.9</ele>
    <time>2026-04-04T14:00:41Z</time>
   </trkpt>
   <trkpt lat="47.6041640" lon="7.5616770">
    <ele>241.8</ele>
    <time>2026-04-04T14:00:42Z</time>
   </trkpt>
   <trkpt lat="47.6041910" lon="7.5616480">
    <ele>241.8</ele>
    <time>2026-04-04T14:00:43Z</time>
   </trkpt>
   <trkpt lat="47.6042180" lon="7.5616130">
    <ele>241.8</ele>
    <time>2026-04-04T14:00:44Z</time>
   </trkpt>
   <trkpt lat="47.6042470" lon="7.5615790">
    <ele>241.7</ele>
    <time>2026-04-04T14:00:45Z</time>
   </trkpt>
   <trkpt lat="47.6042770" lon="7.5615400">
    <ele>241.7</ele>
    <time>2026-04-04T14:00:46Z</time>
   </trkpt>
   <trkpt lat="47.6043040" lon="7.5614960">
    <ele>241.7</ele>
    <time>2026-04-04T14:00:47Z</time>
   </trkpt>
   <trkpt lat="47.6043220" lon="7.5614540">
    <ele>241.7</ele>
    <time>2026-04-04T14:00:48Z</time>
   </trkpt>
   <trkpt lat="47.6043430" lon="7.5614100">
    <ele>241.7</ele>
    <time>2026-04-04T14:00:49Z</time>
   </trkpt>
   <trkpt lat="47.6043630" lon="7.5613650">
    <ele>241.8</ele>
    <time>2026-04-04T14:00:50Z</time>
   </trkpt>
   <trkpt lat="47.6043840" lon="7.5613310">
    <ele>241.8</ele>
    <time>2026-04-04T14:00:51Z</time>
   </trkpt>
   <trkpt lat="47.6044100" lon="7.5612970">
    <ele>241.9</ele>
    <time>2026-04-04T14:00:52Z</time>
   </trkpt>
   <trkpt lat="47.6044340" lon="7.5612640">
    <ele>242.0</ele>
    <time>2026-04-04T14:00:53Z</time>
   </trkpt>
   <trkpt lat="47.6044570" lon="7.5612360">
    <ele>242.1</ele>
    <time>2026-04-04T14:00:54Z</time>
   </trkpt>
   <trkpt lat="47.6044840" lon="7.5612080">
    <ele>242.2</ele>
    <time>2026-04-04T14:00:55Z</time>
   </trkpt>
   <trkpt lat="47.6045080" lon="7.5611740">
    <ele>242.4</ele>
    <time>2026-04-04T14:00:56Z</time>
   </trkpt>
   <trkpt lat="47.6045330" lon="7.5611430">
    <ele>242.5</ele>
    <time>2026-04-04T14:00:57Z</time>
   </trkpt>
   <trkpt lat="47.6045600" lon="7.5611110">
    <ele>242.6</ele>
    <time>2026-04-04T14:00:58Z</time>
   </trkpt>
   <trkpt lat="47.6045850" lon="7.5610830">
    <ele>242.6</ele>
    <time>2026-04-04T14:00:59Z</time>
   </trkpt>
   <trkpt lat="47.6046110" lon="7.5610490">
    <ele>242.7</ele>
    <time>2026-04-04T14:01:00Z</time>
   </trkpt>
   <trkpt lat="47.6046370" lon="7.5610150">
    <ele>242.8</ele>
    <time>2026-04-04T14:01:01Z</time>
   </trkpt>
   <trkpt lat="47.6046600" lon="7.5609850">
    <ele>242.9</ele>
    <time>2026-04-04T14:01:02Z</time>
   </trkpt>
   <trkpt lat="47.6046830" lon="7.5609510">
    <ele>242.9</ele>
    <time>2026-04-04T14:01:03Z</time>
   </trkpt>
   <trkpt lat="47.6047040" lon="7.5609150">
    <ele>242.9</ele>
    <time>2026-04-04T14:01:04Z</time>
   </trkpt>
   <trkpt lat="47.6047250" lon="7.5608800">
    <ele>243.0</ele>
    <time>2026-04-04T14:01:05Z</time>
   </trkpt>
   <trkpt lat="47.6047470" lon="7.5608530">
    <ele>243.0</ele>
    <time>2026-04-04T14:01:06Z</time>
   </trkpt>
   <trkpt lat="47.6047710" lon="7.5608270">
    <ele>243.1</ele>
    <time>2026-04-04T14:01:07Z</time>
   </trkpt>
   <trkpt lat="47.6047950" lon="7.5608000">
    <ele>243.2</ele>
    <time>2026-04-04T14:01:08Z</time>
   </trkpt>
   <trkpt lat="47.6048190" lon="7.5607750">
    <ele>243.2</ele>
    <time>2026-04-04T14:01:09Z</time>
   </trkpt>
   <trkpt lat="47.6048430" lon="7.5607500">
    <ele>243.2</ele>
    <time>2026-04-04T14:01:10Z</time>
   </trkpt>
   <trkpt lat="47.6048680" lon="7.5607250">
    <ele>243.3</ele>
    <time>2026-04-04T14:01:11Z</time>
   </trkpt>
   <trkpt lat="47.6048930" lon="7.5607010">
    <ele>243.3</ele>
    <time>2026-04-04T14:01:12Z</time>
   </trkpt>
   <trkpt lat="47.6049180" lon="7.5606780">
    <ele>243.3</ele>
    <time>2026-04-04T14:01:13Z</time>
   </trkpt>
   <trkpt lat="47.6049430" lon="7.5606550">
    <ele>243.3</ele>
    <time>2026-04-04T14:01:14Z</time>
   </trkpt>
   <trkpt lat="47.6049670" lon="7.5606340">
    <ele>243.3</ele>
    <time>2026-04-04T14:01:15Z</time>
   </trkpt>
   <trkpt lat="47.6049910" lon="7.5606100">
    <ele>243.3</ele>
    <time>2026-04-04T14:01:16Z</time>
   </trkpt>
   <trkpt lat="47.6050160" lon="7.5605790">
    <ele>243.3</ele>
    <time>2026-04-04T14:01:17Z</time>
   </trkpt>
   <trkpt lat="47.6050420" lon="7.5605500">
    <ele>243.3</ele>
    <time>2026-04-04T14:01:18Z</time>
   </trkpt>
   <trkpt lat="47.6050700" lon="7.5605210">
    <ele>243.2</ele>
    <time>2026-04-04T14:01:19Z</time>
   </trkpt>
   <trkpt lat="47.6050990" lon="7.5604910">
    <ele>243.2</ele>
    <time>2026-04-04T14:01:20Z</time>
   </trkpt>
   <trkpt lat="47.6051270" lon="7.5604610">
    <ele>243.2</ele>
    <time>2026-04-04T14:01:21Z</time>
   </trkpt>
   <trkpt lat="47.6051560" lon="7.5604310">
    <ele>243.2</ele>
    <time>2026-04-04T14:01:22Z</time>
   </trkpt>
   <trkpt lat="47.6051850" lon="7.5604000">
    <ele>243.1</ele>
    <time>2026-04-04T14:01:23Z</time>
   </trkpt>
   <trkpt lat="47.6052140" lon="7.5603700">
    <ele>243.1</ele>
    <time>2026-04-04T14:01:24Z</time>
   </trkpt>
   <trkpt lat="47.6052440" lon="7.5603410">
    <ele>243.1</ele>
    <time>2026-04-04T14:01:25Z</time>
   </trkpt>
   <trkpt lat="47.6052730" lon="7.5603120">
    <ele>243.0</ele>
    <time>2026-04-04T14:01:26Z</time>
   </trkpt>
   <trkpt lat="47.6053030" lon="7.5602840">
    <ele>243.0</ele>
    <time>2026-04-04T14:01:27Z</time>
   </trkpt>
   <trkpt lat="47.6053320" lon="7.5602550">
    <ele>243.0</ele>
    <time>2026-04-04T14:01:28Z</time>
   </trkpt>
   <trkpt lat="47.6053610" lon="7.5602260">
    <ele>243.0</ele>
    <time>2026-04-04T14:01:29Z</time>
   </trkpt>
   <trkpt lat="47.6053900" lon="7.5601980">
    <ele>243.0</ele>
    <time>2026-04-04T14:01:30Z</time>
   </trkpt>
   <trkpt lat="47.6054200" lon="7.5601700">
    <ele>243.0</ele>
    <time>2026-04-04T14:01:31Z</time>
   </trkpt>
   <trkpt lat="47.6054490" lon="7.5601420">
    <ele>243.0</ele>
    <time>2026-04-04T14:01:32Z</time>
   </trkpt>
   <trkpt lat="47.6054770" lon="7.5601150">
    <ele>243.0</ele>
    <time>2026-04-04T14:01:33Z</time>
   </trkpt>
   <trkpt lat="47.6055060" lon="7.5600870">
    <ele>243.0</ele>
    <time>2026-04-04T14:01:34Z</time>
   </trkpt>
   <trkpt lat="47.6055360" lon="7.5600600">
    <ele>243.0</ele>
    <time>2026-04-04T14:01:35Z</time>
   </trkpt>
   <trkpt lat="47.6055650" lon="7.5600320">
    <ele>243.0</ele>
    <time>2026-04-04T14:01:36Z</time>
   </trkpt>
   <trkpt lat="47.6055940" lon="7.5600030">
    <ele>243.0</ele>
    <time>2026-04-04T14:01:37Z</time>
   </trkpt>
   <trkpt lat="47.6056230" lon="7.5599750">
    <ele>243.0</ele>
    <time>2026-04-04T14:01:38Z</time>
   </trkpt>
   <trkpt lat="47.6056530" lon="7.5599500">
    <ele>243.0</ele>
    <time>2026-04-04T14:01:39Z</time>
   </trkpt>
   <trkpt lat="47.6056820" lon="7.5599220">
    <ele>243.0</ele>
    <time>2026-04-04T14:01:40Z</time>
   </trkpt>
   <trkpt lat="47.6057110" lon="7.5598950">
    <ele>243.0</ele>
    <time>2026-04-04T14:01:41Z</time>
   </trkpt>
   <trkpt lat="47.6057400" lon="7.5598690">
    <ele>243.0</ele>
    <time>2026-04-04T14:01:42Z</time>
   </trkpt>
   <trkpt lat="47.6057690" lon="7.5598410">
    <ele>243.0</ele>
    <time>2026-04-04T14:01:43Z</time>
   </trkpt>
   <trkpt lat="47.6058000" lon="7.5598150">
    <ele>243.0</ele>
    <time>2026-04-04T14:01:44Z</time>
   </trkpt>
   <trkpt lat="47.6058290" lon="7.5597900">
    <ele>243.0</ele>
    <time>2026-04-04T14:01:45Z</time>
   </trkpt>
   <trkpt lat="47.6058580" lon="7.5597640">
    <ele>243.0</ele>
    <time>2026-04-04T14:01:46Z</time>
   </trkpt>
   <trkpt lat="47.6058870" lon="7.5597350">
    <ele>243.0</ele>
    <time>2026-04-04T14:01:47Z</time>
   </trkpt>
   <trkpt lat="47.6059170" lon="7.5597050">
    <ele>243.0</ele>
    <time>2026-04-04T14:01:48Z</time>
   </trkpt>
   <trkpt lat="47.6059450" lon="7.5596780">
    <ele>243.0</ele>
    <time>2026-04-04T14:01:49Z</time>
   </trkpt>
   <trkpt lat="47.6059740" lon="7.5596450">
    <ele>243.0</ele>
    <time>2026-04-04T14:01:50Z</time>
   </trkpt>
   <trkpt lat="47.6059990" lon="7.5596160">
    <ele>243.0</ele>
    <time>2026-04-04T14:01:51Z</time>
   </trkpt>
   <trkpt lat="47.6060270" lon="7.5595880">
    <ele>243.0</ele>
    <time>2026-04-04T14:01:52Z</time>
   </trkpt>
   <trkpt lat="47.6060540" lon="7.5595600">
    <ele>243.0</ele>
    <time>2026-04-04T14:01:53Z</time>
   </trkpt>
   <trkpt lat="47.6060840" lon="7.5595300">
    <ele>243.0</ele>
    <time>2026-04-04T14:01:54Z</time>
   </trkpt>
   <trkpt lat="47.6061130" lon="7.5594990">
    <ele>243.0</ele>
    <time>2026-04-04T14:01:55Z</time>
   </trkpt>
   <trkpt lat="47.6061410" lon="7.5594690">
    <ele>243.0</ele>
    <time>2026-04-04T14:01:56Z</time>
   </trkpt>
   <trkpt lat="47.6061680" lon="7.5594410">
    <ele>243.0</ele>
    <time>2026-04-04T14:01:57Z</time>
   </trkpt>
   <trkpt lat="47.6061960" lon="7.5594110">
    <ele>242.9</ele>
    <time>2026-04-04T14:01:58Z</time>
   </trkpt>
   <trkpt lat="47.6062270" lon="7.5593800">
    <ele>242.9</ele>
    <time>2026-04-04T14:01:59Z</time>
   </trkpt>
   <trkpt lat="47.6062540" lon="7.5593580">
    <ele>242.9</ele>
    <time>2026-04-04T14:02:00Z</time>
   </trkpt>
   <trkpt lat="47.6062810" lon="7.5593380">
    <ele>242.9</ele>
    <time>2026-04-04T14:02:01Z</time>
   </trkpt>
   <trkpt lat="47.6063110" lon="7.5593150">
    <ele>242.9</ele>
    <time>2026-04-04T14:02:02Z</time>
   </trkpt>
   <trkpt lat="47.6063420" lon="7.5592860">
    <ele>242.8</ele>
    <time>2026-04-04T14:02:03Z</time>
   </trkpt>
   <trkpt lat="47.6063750" lon="7.5592560">
    <ele>242.8</ele>
    <time>2026-04-04T14:02:04Z</time>
   </trkpt>
   <trkpt lat="47.6064060" lon="7.5592210">
    <ele>242.8</ele>
    <time>2026-04-04T14:02:05Z</time>
   </trkpt>
   <trkpt lat="47.6064370" lon="7.5591860">
    <ele>242.8</ele>
    <time>2026-04-04T14:02:06Z</time>
   </trkpt>
   <trkpt lat="47.6064680" lon="7.5591510">
    <ele>242.8</ele>
    <time>2026-04-04T14:02:07Z</time>
   </trkpt>
   <trkpt lat="47.6064980" lon="7.5591140">
    <ele>242.7</ele>
    <time>2026-04-04T14:02:08Z</time>
   </trkpt>
   <trkpt lat="47.6065280" lon="7.5590810">
    <ele>242.7</ele>
    <time>2026-04-04T14:02:09Z</time>
   </trkpt>
   <trkpt lat="47.6065580" lon="7.5590480">
    <ele>242.7</ele>
    <time>2026-04-04T14:02:10Z</time>
   </trkpt>
   <trkpt lat="47.6065870" lon="7.5590150">
    <ele>242.7</ele>
    <time>2026-04-04T14:02:11Z</time>
   </trkpt>
   <trkpt lat="47.6066160" lon="7.5589850">
    <ele>242.8</ele>
    <time>2026-04-04T14:02:12Z</time>
   </trkpt>
   <trkpt lat="47.6066460" lon="7.5589530">
    <ele>242.8</ele>
    <time>2026-04-04T14:02:13Z</time>
   </trkpt>
   <trkpt lat="47.6066770" lon="7.5589220">
    <ele>242.8</ele>
    <time>2026-04-04T14:02:14Z</time>
   </trkpt>
   <trkpt lat="47.6067080" lon="7.5588930">
    <ele>242.8</ele>
    <time>2026-04-04T14:02:15Z</time>
   </trkpt>
   <trkpt lat="47.6067380" lon="7.5588620">
    <ele>242.8</ele>
    <time>2026-04-04T14:02:16Z</time>
   </trkpt>
   <trkpt lat="47.6067680" lon="7.5588310">
    <ele>242.8</ele>
    <time>2026-04-04T14:02:17Z</time>
   </trkpt>
   <trkpt lat="47.6067970" lon="7.5588030">
    <ele>242.8</ele>
    <time>2026-04-04T14:02:18Z</time>
   </trkpt>
   <trkpt lat="47.6068260" lon="7.5587740">
    <ele>242.8</ele>
    <time>2026-04-04T14:02:19Z</time>
   </trkpt>
   <trkpt lat="47.6068550" lon="7.5587440">
    <ele>242.8</ele>
    <time>2026-04-04T14:02:20Z</time>
   </trkpt>
   <trkpt lat="47.6068830" lon="7.5587160">
    <ele>242.8</ele>
    <time>2026-04-04T14:02:21Z</time>
   </trkpt>
   <trkpt lat="47.6069110" lon="7.5586880">
    <ele>242.8</ele>
    <time>2026-04-04T14:02:22Z</time>
   </trkpt>
   <trkpt lat="47.6069390" lon="7.5586600">
    <ele>242.8</ele>
    <time>2026-04-04T14:02:23Z</time>
   </trkpt>
   <trkpt lat="47.6069680" lon="7.5586340">
    <ele>242.8</ele>
    <time>2026-04-04T14:02:24Z</time>
   </trkpt>
   <trkpt lat="47.6069970" lon="7.5586100">
    <ele>242.8</ele>
    <time>2026-04-04T14:02:25Z</time>
   </trkpt>
   <trkpt lat="47.6070270" lon="7.5585880">
    <ele>242.8</ele>
    <time>2026-04-04T14:02:26Z</time>
   </trkpt>
   <trkpt lat="47.6070570" lon="7.5585670">
    <ele>242.8</ele>
    <time>2026-04-04T14:02:27Z</time>
   </trkpt>
   <trkpt lat="47.6070850" lon="7.5585430">
    <ele>242.7</ele>
    <time>2026-04-04T14:02:28Z</time>
   </trkpt>
   <trkpt lat="47.6071130" lon="7.5585120">
    <ele>242.7</ele>
    <time>2026-04-04T14:02:29Z</time>
   </trkpt>
   <trkpt lat="47.6071420" lon="7.5584820">
    <ele>242.7</ele>
    <time>2026-04-04T14:02:30Z</time>
   </trkpt>
   <trkpt lat="47.6071700" lon="7.5584500">
    <ele>242.6</ele>
    <time>2026-04-04T14:02:31Z</time>
   </trkpt>
   <trkpt lat="47.6072000" lon="7.5584190">
    <ele>242.6</ele>
    <time>2026-04-04T14:02:32Z</time>
   </trkpt>
   <trkpt lat="47.6072300" lon="7.5583880">
    <ele>242.6</ele>
    <time>2026-04-04T14:02:33Z</time>
   </trkpt>
   <trkpt lat="47.6072600" lon="7.5583570">
    <ele>242.6</ele>
    <time>2026-04-04T14:02:34Z</time>
   </trkpt>
   <trkpt lat="47.6072890" lon="7.5583260">
    <ele>242.6</ele>
    <time>2026-04-04T14:02:35Z</time>
   </trkpt>
   <trkpt lat="47.6073180" lon="7.5582970">
    <ele>242.6</ele>
    <time>2026-04-04T14:02:36Z</time>
   </trkpt>
   <trkpt lat="47.6073470" lon="7.5582680">
    <ele>242.6</ele>
    <time>2026-04-04T14:02:37Z</time>
   </trkpt>
   <trkpt lat="47.6073760" lon="7.5582420">
    <ele>242.6</ele>
    <time>2026-04-04T14:02:38Z</time>
   </trkpt>
   <trkpt lat="47.6074060" lon="7.5582160">
    <ele>242.6</ele>
    <time>2026-04-04T14:02:39Z</time>
   </trkpt>
   <trkpt lat="47.6074350" lon="7.5581890">
    <ele>242.6</ele>
    <time>2026-04-04T14:02:40Z</time>
   </trkpt>
   <trkpt lat="47.6074630" lon="7.5581630">
    <ele>242.6</ele>
    <time>2026-04-04T14:02:41Z</time>
   </trkpt>
   <trkpt lat="47.6074930" lon="7.5581340">
    <ele>242.6</ele>
    <time>2026-04-04T14:02:42Z</time>
   </trkpt>
   <trkpt lat="47.6075210" lon="7.5581050">
    <ele>242.6</ele>
    <time>2026-04-04T14:02:43Z</time>
   </trkpt>
   <trkpt lat="47.6075470" lon="7.5580780">
    <ele>242.6</ele>
    <time>2026-04-04T14:02:44Z</time>
   </trkpt>
   <trkpt lat="47.6075710" lon="7.5580490">
    <ele>242.6</ele>
    <time>2026-04-04T14:02:45Z</time>
   </trkpt>
   <trkpt lat="47.6075950" lon="7.5580220">
    <ele>242.6</ele>
    <time>2026-04-04T14:02:46Z</time>
   </trkpt>
   <trkpt lat="47.6076230" lon="7.5579950">
    <ele>242.6</ele>
    <time>2026-04-04T14:02:47Z</time>
   </trkpt>
   <trkpt lat="47.6076500" lon="7.5579670">
    <ele>242.6</ele>
    <time>2026-04-04T14:02:48Z</time>
   </trkpt>
   <trkpt lat="47.6076740" lon="7.5579390">
    <ele>242.7</ele>
    <time>2026-04-04T14:02:49Z</time>
   </trkpt>
   <trkpt lat="47.6077000" lon="7.5579130">
    <ele>242.7</ele>
    <time>2026-04-04T14:02:50Z</time>
   </trkpt>
   <trkpt lat="47.6077260" lon="7.5578870">
    <ele>242.7</ele>
    <time>2026-04-04T14:02:51Z</time>
   </trkpt>
   <trkpt lat="47.6077530" lon="7.5578610">
    <ele>242.7</ele>
    <time>2026-04-04T14:02:52Z</time>
   </trkpt>
   <trkpt lat="47.6077790" lon="7.5578370">
    <ele>242.7</ele>
    <time>2026-04-04T14:02:53Z</time>
   </trkpt>
   <trkpt lat="47.6078050" lon="7.5578130">
    <ele>242.7</ele>
    <time>2026-04-04T14:02:54Z</time>
   </trkpt>
   <trkpt lat="47.6078320" lon="7.5577880">
    <ele>242.7</ele>
    <time>2026-04-04T14:02:55Z</time>
   </trkpt>
   <trkpt lat="47.6078590" lon="7.5577620">
    <ele>242.7</ele>
    <time>2026-04-04T14:02:56Z</time>
   </trkpt>
   <trkpt lat="47.6078860" lon="7.5577330">
    <ele>242.7</ele>
    <time>2026-04-04T14:02:57Z</time>
   </trkpt>
   <trkpt lat="47.6079120" lon="7.5577040">
    <ele>242.7</ele>
    <time>2026-04-04T14:02:58Z</time>
   </trkpt>
   <trkpt lat="47.6079390" lon="7.5576780">
    <ele>242.7</ele>
    <time>2026-04-04T14:02:59Z</time>
   </trkpt>
   <trkpt lat="47.6079670" lon="7.5576520">
    <ele>242.7</ele>
    <time>2026-04-04T14:03:00Z</time>
   </trkpt>
   <trkpt lat="47.6079930" lon="7.5576230">
    <ele>242.7</ele>
    <time>2026-04-04T14:03:01Z</time>
   </trkpt>
   <trkpt lat="47.6080180" lon="7.5575930">
    <ele>242.7</ele>
    <time>2026-04-04T14:03:02Z</time>
   </trkpt>
   <trkpt lat="47.6080430" lon="7.5575640">
    <ele>242.7</ele>
    <time>2026-04-04T14:03:03Z</time>
   </trkpt>
   <trkpt lat="47.6080700" lon="7.5575340">
    <ele>242.7</ele>
    <time>2026-04-04T14:03:04Z</time>
   </trkpt>
   <trkpt lat="47.6080970" lon="7.5575040">
    <ele>242.7</ele>
    <time>2026-04-04T14:03:05Z</time>
   </trkpt>
   <trkpt lat="47.6081220" lon="7.5574800">
    <ele>242.7</ele>
    <time>2026-04-04T14:03:06Z</time>
   </trkpt>
   <trkpt lat="47.6081480" lon="7.5574510">
    <ele>242.7</ele>
    <time>2026-04-04T14:03:07Z</time>
   </trkpt>
   <trkpt lat="47.6081740" lon="7.5574250">
    <ele>242.7</ele>
    <time>2026-04-04T14:03:08Z</time>
   </trkpt>
   <trkpt lat="47.6081980" lon="7.5574000">
    <ele>242.7</ele>
    <time>2026-04-04T14:03:09Z</time>
   </trkpt>
   <trkpt lat="47.6082250" lon="7.5573720">
    <ele>242.7</ele>
    <time>2026-04-04T14:03:10Z</time>
   </trkpt>
   <trkpt lat="47.6082530" lon="7.5573500">
    <ele>242.7</ele>
    <time>2026-04-04T14:03:11Z</time>
   </trkpt>
   <trkpt lat="47.6082820" lon="7.5573260">
    <ele>242.7</ele>
    <time>2026-04-04T14:03:12Z</time>
   </trkpt>
   <trkpt lat="47.6083110" lon="7.5573010">
    <ele>242.7</ele>
    <time>2026-04-04T14:03:13Z</time>
   </trkpt>
   <trkpt lat="47.6083490" lon="7.5572670">
    <ele>242.7</ele>
    <time>2026-04-04T14:03:14Z</time>
   </trkpt>
   <trkpt lat="47.6083630" lon="7.5572530">
    <ele>242.7</ele>
    <time>2026-04-04T14:03:15Z</time>
   </trkpt>
   <trkpt lat="47.6083970" lon="7.5572290">
    <ele>242.7</ele>
    <time>2026-04-04T14:03:16Z</time>
   </trkpt>
   <trkpt lat="47.6084290" lon="7.5572090">
    <ele>242.7</ele>
    <time>2026-04-04T14:03:17Z</time>
   </trkpt>
   <trkpt lat="47.6084620" lon="7.5571850">
    <ele>242.7</ele>
    <time>2026-04-04T14:03:18Z</time>
   </trkpt>
   <trkpt lat="47.6084930" lon="7.5571560">
    <ele>242.7</ele>
    <time>2026-04-04T14:03:19Z</time>
   </trkpt>
   <trkpt lat="47.6085190" lon="7.5571270">
    <ele>242.7</ele>
    <time>2026-04-04T14:03:20Z</time>
   </trkpt>
   <trkpt lat="47.6085450" lon="7.5570960">
    <ele>242.7</ele>
    <time>2026-04-04T14:03:21Z</time>
   </trkpt>
   <trkpt lat="47.6085730" lon="7.5570680">
    <ele>242.7</ele>
    <time>2026-04-04T14:03:22Z</time>
   </trkpt>
   <trkpt lat="47.6086020" lon="7.5570410">
    <ele>242.7</ele>
    <time>2026-04-04T14:03:23Z</time>
   </trkpt>
   <trkpt lat="47.6086290" lon="7.5570060">
    <ele>242.7</ele>
    <time>2026-04-04T14:03:24Z</time>
   </trkpt>
   <trkpt lat="47.6086550" lon="7.5569730">
    <ele>242.7</ele>
    <time>2026-04-04T14:03:25Z</time>
   </trkpt>
   <trkpt lat="47.6086810" lon="7.5569370">
    <ele>242.7</ele>
    <time>2026-04-04T14:03:26Z</time>
   </trkpt>
   <trkpt lat="47.6087100" lon="7.5569050">
    <ele>242.7</ele>
    <time>2026-04-04T14:03:27Z</time>
   </trkpt>
   <trkpt lat="47.6087370" lon="7.5568770">
    <ele>242.7</ele>
    <time>2026-04-04T14:03:28Z</time>
   </trkpt>
   <trkpt lat="47.6087600" lon="7.5568460">
    <ele>242.7</ele>
    <time>2026-04-04T14:03:29Z</time>
   </trkpt>
   <trkpt lat="47.6087830" lon="7.5568160">
    <ele>242.7</ele>
    <time>2026-04-04T14:03:30Z</time>
   </trkpt>
   <trkpt lat="47.6088070" lon="7.5567910">
    <ele>242.7</ele>
    <time>2026-04-04T14:03:31Z</time>
   </trkpt>
   <trkpt lat="47.6088340" lon="7.5567650">
    <ele>242.7</ele>
    <time>2026-04-04T14:03:32Z</time>
   </trkpt>
   <trkpt lat="47.6088620" lon="7.5567410">
    <ele>242.7</ele>
    <time>2026-04-04T14:03:33Z</time>
   </trkpt>
   <trkpt lat="47.6088870" lon="7.5567240">
    <ele>242.7</ele>
    <time>2026-04-04T14:03:34Z</time>
   </trkpt>
   <trkpt lat="47.6089130" lon="7.5567040">
    <ele>242.7</ele>
    <time>2026-04-04T14:03:35Z</time>
   </trkpt>
   <trkpt lat="47.6089400" lon="7.5566830">
    <ele>242.7</ele>
    <time>2026-04-04T14:03:36Z</time>
   </trkpt>
   <trkpt lat="47.6089660" lon="7.5566610">
    <ele>242.7</ele>
    <time>2026-04-04T14:03:37Z</time>
   </trkpt>
   <trkpt lat="47.6089940" lon="7.5566380">
    <ele>242.6</ele>
    <time>2026-04-04T14:03:38Z</time>
   </trkpt>
   <trkpt lat="47.6090240" lon="7.5566160">
    <ele>242.6</ele>
    <time>2026-04-04T14:03:39Z</time>
   </trkpt>
   <trkpt lat="47.6090550" lon="7.5565890">
    <ele>242.6</ele>
    <time>2026-04-04T14:03:40Z</time>
   </trkpt>
   <trkpt lat="47.6090830" lon="7.5565640">
    <ele>242.6</ele>
    <time>2026-04-04T14:03:41Z</time>
   </trkpt>
   <trkpt lat="47.6091140" lon="7.5565310">
    <ele>242.7</ele>
    <time>2026-04-04T14:03:42Z</time>
   </trkpt>
   <trkpt lat="47.6091440" lon="7.5564970">
    <ele>242.7</ele>
    <time>2026-04-04T14:03:43Z</time>
   </trkpt>
   <trkpt lat="47.6091720" lon="7.5564690">
    <ele>242.7</ele>
    <time>2026-04-04T14:03:44Z</time>
   </trkpt>
   <trkpt lat="47.6092010" lon="7.5564390">
    <ele>242.7</ele>
    <time>2026-04-04T14:03:45Z</time>
   </trkpt>
   <trkpt lat="47.6092290" lon="7.5564090">
    <ele>242.7</ele>
    <time>2026-04-04T14:03:46Z</time>
   </trkpt>
   <trkpt lat="47.6092590" lon="7.5563780">
    <ele>242.7</ele>
    <time>2026-04-04T14:03:47Z</time>
   </trkpt>
   <trkpt lat="47.6092900" lon="7.5563450">
    <ele>242.7</ele>
    <time>2026-04-04T14:03:48Z</time>
   </trkpt>
   <trkpt lat="47.6093200" lon="7.5563160">
    <ele>242.7</ele>
    <time>2026-04-04T14:03:49Z</time>
   </trkpt>
   <trkpt lat="47.6093450" lon="7.5562900">
    <ele>242.7</ele>
    <time>2026-04-04T14:03:50Z</time>
   </trkpt>
   <trkpt lat="47.6093780" lon="7.5562530">
    <ele>242.7</ele>
    <time>2026-04-04T14:03:51Z</time>
   </trkpt>
   <trkpt lat="47.6093910" lon="7.5562400">
    <ele>242.7</ele>
    <time>2026-04-04T14:03:52Z</time>
   </trkpt>
   <trkpt lat="47.6094170" lon="7.5562120">
    <ele>242.7</ele>
    <time>2026-04-04T14:03:53Z</time>
   </trkpt>
   <trkpt lat="47.6094460" lon="7.5561790">
    <ele>242.7</ele>
    <time>2026-04-04T14:03:54Z</time>
   </trkpt>
   <trkpt lat="47.6094710" lon="7.5561500">
    <ele>242.7</ele>
    <time>2026-04-04T14:03:55Z</time>
   </trkpt>
   <trkpt lat="47.6095000" lon="7.5561190">
    <ele>242.7</ele>
    <time>2026-04-04T14:03:56Z</time>
   </trkpt>
   <trkpt lat="47.6095300" lon="7.5560880">
    <ele>242.7</ele>
    <time>2026-04-04T14:03:57Z</time>
   </trkpt>
   <trkpt lat="47.6095580" lon="7.5560600">
    <ele>242.7</ele>
    <time>2026-04-04T14:03:58Z</time>
   </trkpt>
   <trkpt lat="47.6095860" lon="7.5560320">
    <ele>242.7</ele>
    <time>2026-04-04T14:03:59Z</time>
   </trkpt>
   <trkpt lat="47.6096140" lon="7.5560070">
    <ele>242.7</ele>
    <time>2026-04-04T14:04:00Z</time>
   </trkpt>
   <trkpt lat="47.6096400" lon="7.5559830">
    <ele>242.6</ele>
    <time>2026-04-04T14:04:01Z</time>
   </trkpt>
   <trkpt lat="47.6096690" lon="7.5559560">
    <ele>242.6</ele>
    <time>2026-04-04T14:04:02Z</time>
   </trkpt>
   <trkpt lat="47.6096980" lon="7.5559280">
    <ele>242.6</ele>
    <time>2026-04-04T14:04:03Z</time>
   </trkpt>
   <trkpt lat="47.6097280" lon="7.5558980">
    <ele>242.6</ele>
    <time>2026-04-04T14:04:04Z</time>
   </trkpt>
   <trkpt lat="47.6097570" lon="7.5558680">
    <ele>242.6</ele>
    <time>2026-04-04T14:04:05Z</time>
   </trkpt>
   <trkpt lat="47.6097880" lon="7.5558380">
    <ele>242.6</ele>
    <time>2026-04-04T14:04:06Z</time>
   </trkpt>
   <trkpt lat="47.6098210" lon="7.5558060">
    <ele>242.5</ele>
    <time>2026-04-04T14:04:07Z</time>
   </trkpt>
   <trkpt lat="47.6098510" lon="7.5557800">
    <ele>242.5</ele>
    <time>2026-04-04T14:04:08Z</time>
   </trkpt>
   <trkpt lat="47.6098790" lon="7.5557530">
    <ele>242.5</ele>
    <time>2026-04-04T14:04:09Z</time>
   </trkpt>
   <trkpt lat="47.6099070" lon="7.5557250">
    <ele>242.5</ele>
    <time>2026-04-04T14:04:10Z</time>
   </trkpt>
   <trkpt lat="47.6099350" lon="7.5556970">
    <ele>242.5</ele>
    <time>2026-04-04T14:04:11Z</time>
   </trkpt>
   <trkpt lat="47.6099630" lon="7.5556670">
    <ele>242.5</ele>
    <time>2026-04-04T14:04:12Z</time>
   </trkpt>
   <trkpt lat="47.6099880" lon="7.5556360">
    <ele>242.5</ele>
    <time>2026-04-04T14:04:13Z</time>
   </trkpt>
   <trkpt lat="47.6100160" lon="7.5556050">
    <ele>242.5</ele>
    <time>2026-04-04T14:04:14Z</time>
   </trkpt>
   <trkpt lat="47.6100440" lon="7.5555730">
    <ele>242.5</ele>
    <time>2026-04-04T14:04:15Z</time>
   </trkpt>
   <trkpt lat="47.6100710" lon="7.5555470">
    <ele>242.5</ele>
    <time>2026-04-04T14:04:16Z</time>
   </trkpt>
   <trkpt lat="47.6101010" lon="7.5555150">
    <ele>242.5</ele>
    <time>2026-04-04T14:04:17Z</time>
   </trkpt>
   <trkpt lat="47.6101290" lon="7.5554840">
    <ele>242.5</ele>
    <time>2026-04-04T14:04:18Z</time>
   </trkpt>
   <trkpt lat="47.6101600" lon="7.5554580">
    <ele>242.5</ele>
    <time>2026-04-04T14:04:19Z</time>
   </trkpt>
   <trkpt lat="47.6101910" lon="7.5554370">
    <ele>242.5</ele>
    <time>2026-04-04T14:04:20Z</time>
   </trkpt>
   <trkpt lat="47.6102210" lon="7.5554110">
    <ele>242.5</ele>
    <time>2026-04-04T14:04:21Z</time>
   </trkpt>
   <trkpt lat="47.6102490" lon="7.5553840">
    <ele>242.5</ele>
    <time>2026-04-04T14:04:22Z</time>
   </trkpt>
   <trkpt lat="47.6102710" lon="7.5553620">
    <ele>242.5</ele>
    <time>2026-04-04T14:04:23Z</time>
   </trkpt>
   <trkpt lat="47.6103000" lon="7.5553310">
    <ele>242.6</ele>
    <time>2026-04-04T14:04:24Z</time>
   </trkpt>
   <trkpt lat="47.6103310" lon="7.5553010">
    <ele>242.6</ele>
    <time>2026-04-04T14:04:25Z</time>
   </trkpt>
   <trkpt lat="47.6103620" lon="7.5552700">
    <ele>242.6</ele>
    <time>2026-04-04T14:04:26Z</time>
   </trkpt>
   <trkpt lat="47.6103920" lon="7.5552400">
    <ele>242.6</ele>
    <time>2026-04-04T14:04:27Z</time>
   </trkpt>
   <trkpt lat="47.6104230" lon="7.5552090">
    <ele>242.6</ele>
    <time>2026-04-04T14:04:28Z</time>
   </trkpt>
   <trkpt lat="47.6104520" lon="7.5551800">
    <ele>242.5</ele>
    <time>2026-04-04T14:04:29Z</time>
   </trkpt>
   <trkpt lat="47.6104840" lon="7.5551490">
    <ele>242.5</ele>
    <time>2026-04-04T14:04:30Z</time>
   </trkpt>
   <trkpt lat="47.6105140" lon="7.5551210">
    <ele>242.5</ele>
    <time>2026-04-04T14:04:31Z</time>
   </trkpt>
   <trkpt lat="47.6105470" lon="7.5550910">
    <ele>242.5</ele>
    <time>2026-04-04T14:04:32Z</time>
   </trkpt>
   <trkpt lat="47.6105780" lon="7.5550650">
    <ele>242.5</ele>
    <time>2026-04-04T14:04:33Z</time>
   </trkpt>
   <trkpt lat="47.6106120" lon="7.5550360">
    <ele>242.5</ele>
    <time>2026-04-04T14:04:34Z</time>
   </trkpt>
   <trkpt lat="47.6106430" lon="7.5550060">
    <ele>242.5</ele>
    <time>2026-04-04T14:04:35Z</time>
   </trkpt>
   <trkpt lat="47.6106720" lon="7.5549790">
    <ele>242.5</ele>
    <time>2026-04-04T14:04:36Z</time>
   </trkpt>
   <trkpt lat="47.6107020" lon="7.5549530">
    <ele>242.5</ele>
    <time>2026-04-04T14:04:37Z</time>
   </trkpt>
   <trkpt lat="47.6107320" lon="7.5549230">
    <ele>242.5</ele>
    <time>2026-04-04T14:04:38Z</time>
   </trkpt>
   <trkpt lat="47.6107620" lon="7.5548950">
    <ele>242.5</ele>
    <time>2026-04-04T14:04:39Z</time>
   </trkpt>
   <trkpt lat="47.6107910" lon="7.5548680">
    <ele>242.5</ele>
    <time>2026-04-04T14:04:40Z</time>
   </trkpt>
   <trkpt lat="47.6108210" lon="7.5548390">
    <ele>242.5</ele>
    <time>2026-04-04T14:04:41Z</time>
   </trkpt>
   <trkpt lat="47.6108490" lon="7.5548100">
    <ele>242.5</ele>
    <time>2026-04-04T14:04:42Z</time>
   </trkpt>
   <trkpt lat="47.6108780" lon="7.5547820">
    <ele>242.5</ele>
    <time>2026-04-04T14:04:43Z</time>
   </trkpt>
   <trkpt lat="47.6109080" lon="7.5547540">
    <ele>242.5</ele>
    <time>2026-04-04T14:04:44Z</time>
   </trkpt>
   <trkpt lat="47.6109380" lon="7.5547240">
    <ele>242.5</ele>
    <time>2026-04-04T14:04:45Z</time>
   </trkpt>
   <trkpt lat="47.6109680" lon="7.5546910">
    <ele>242.5</ele>
    <time>2026-04-04T14:04:46Z</time>
   </trkpt>
   <trkpt lat="47.6109950" lon="7.5546580">
    <ele>242.5</ele>
    <time>2026-04-04T14:04:47Z</time>
   </trkpt>
   <trkpt lat="47.6110200" lon="7.5546260">
    <ele>242.5</ele>
    <time>2026-04-04T14:04:48Z</time>
   </trkpt>
   <trkpt lat="47.6110460" lon="7.5545950">
    <ele>242.5</ele>
    <time>2026-04-04T14:04:49Z</time>
   </trkpt>
   <trkpt lat="47.6110740" lon="7.5545720">
    <ele>242.5</ele>
    <time>2026-04-04T14:04:50Z</time>
   </trkpt>
   <trkpt lat="47.6111040" lon="7.5545420">
    <ele>242.5</ele>
    <time>2026-04-04T14:04:51Z</time>
   </trkpt>
   <trkpt lat="47.6111350" lon="7.5545130">
    <ele>242.5</ele>
    <time>2026-04-04T14:04:52Z</time>
   </trkpt>
   <trkpt lat="47.6111660" lon="7.5544850">
    <ele>242.5</ele>
    <time>2026-04-04T14:04:53Z</time>
   </trkpt>
   <trkpt lat="47.6111960" lon="7.5544580">
    <ele>242.5</ele>
    <time>2026-04-04T14:04:54Z</time>
   </trkpt>
   <trkpt lat="47.6112220" lon="7.5544340">
    <ele>242.5</ele>
    <time>2026-04-04T14:04:55Z</time>
   </trkpt>
   <trkpt lat="47.6112500" lon="7.5544060">
    <ele>242.5</ele>
    <time>2026-04-04T14:04:56Z</time>
   </trkpt>
   <trkpt lat="47.6112790" lon="7.5543770">
    <ele>242.5</ele>
    <time>2026-04-04T14:04:57Z</time>
   </trkpt>
   <trkpt lat="47.6113070" lon="7.5543510">
    <ele>242.5</ele>
    <time>2026-04-04T14:04:58Z</time>
   </trkpt>
   <trkpt lat="47.6113340" lon="7.5543280">
    <ele>242.5</ele>
    <time>2026-04-04T14:04:59Z</time>
   </trkpt>
   <trkpt lat="47.6113620" lon="7.5543050">
    <ele>242.4</ele>
    <time>2026-04-04T14:05:00Z</time>
   </trkpt>
   <trkpt lat="47.6113930" lon="7.5542780">
    <ele>242.4</ele>
    <time>2026-04-04T14:05:01Z</time>
   </trkpt>
   <trkpt lat="47.6114220" lon="7.5542510">
    <ele>242.4</ele>
    <time>2026-04-04T14:05:02Z</time>
   </trkpt>
   <trkpt lat="47.6114510" lon="7.5542230">
    <ele>242.4</ele>
    <time>2026-04-04T14:05:03Z</time>
   </trkpt>
   <trkpt lat="47.6114810" lon="7.5541950">
    <ele>242.4</ele>
    <time>2026-04-04T14:05:04Z</time>
   </trkpt>
   <trkpt lat="47.6115080" lon="7.5541690">
    <ele>242.4</ele>
    <time>2026-04-04T14:05:05Z</time>
   </trkpt>
   <trkpt lat="47.6115360" lon="7.5541400">
    <ele>242.4</ele>
    <time>2026-04-04T14:05:06Z</time>
   </trkpt>
   <trkpt lat="47.6115640" lon="7.5541130">
    <ele>242.4</ele>
    <time>2026-04-04T14:05:07Z</time>
   </trkpt>
   <trkpt lat="47.6115930" lon="7.5540880">
    <ele>242.4</ele>
    <time>2026-04-04T14:05:08Z</time>
   </trkpt>
   <trkpt lat="47.6116240" lon="7.5540600">
    <ele>242.4</ele>
    <time>2026-04-04T14:05:09Z</time>
   </trkpt>
   <trkpt lat="47.6116530" lon="7.5540310">
    <ele>242.4</ele>
    <time>2026-04-04T14:05:10Z</time>
   </trkpt>
   <trkpt lat="47.6116790" lon="7.5540000">
    <ele>242.4</ele>
    <time>2026-04-04T14:05:11Z</time>
   </trkpt>
   <trkpt lat="47.6117050" lon="7.5539680">
    <ele>242.4</ele>
    <time>2026-04-04T14:05:12Z</time>
   </trkpt>
   <trkpt lat="47.6117330" lon="7.5539410">
    <ele>242.4</ele>
    <time>2026-04-04T14:05:13Z</time>
   </trkpt>
   <trkpt lat="47.6117630" lon="7.5539160">
    <ele>242.4</ele>
    <time>2026-04-04T14:05:14Z</time>
   </trkpt>
   <trkpt lat="47.6117920" lon="7.5538910">
    <ele>242.4</ele>
    <time>2026-04-04T14:05:15Z</time>
   </trkpt>
   <trkpt lat="47.6118210" lon="7.5538620">
    <ele>242.4</ele>
    <time>2026-04-04T14:05:16Z</time>
   </trkpt>
   <trkpt lat="47.6118470" lon="7.5538330">
    <ele>242.4</ele>
    <time>2026-04-04T14:05:17Z</time>
   </trkpt>
   <trkpt lat="47.6118720" lon="7.5538040">
    <ele>242.4</ele>
    <time>2026-04-04T14:05:18Z</time>
   </trkpt>
   <trkpt lat="47.6118990" lon="7.5537760">
    <ele>242.4</ele>
    <time>2026-04-04T14:05:19Z</time>
   </trkpt>
   <trkpt lat="47.6119260" lon="7.5537450">
    <ele>242.4</ele>
    <time>2026-04-04T14:05:20Z</time>
   </trkpt>
   <trkpt lat="47.6119510" lon="7.5537140">
    <ele>242.4</ele>
    <time>2026-04-04T14:05:21Z</time>
   </trkpt>
   <trkpt lat="47.6119760" lon="7.5536850">
    <ele>242.4</ele>
    <time>2026-04-04T14:05:22Z</time>
   </trkpt>
   <trkpt lat="47.6120040" lon="7.5536570">
    <ele>242.4</ele>
    <time>2026-04-04T14:05:23Z</time>
   </trkpt>
   <trkpt lat="47.6120330" lon="7.5536300">
    <ele>242.4</ele>
    <time>2026-04-04T14:05:24Z</time>
   </trkpt>
   <trkpt lat="47.6120620" lon="7.5536040">
    <ele>242.4</ele>
    <time>2026-04-04T14:05:25Z</time>
   </trkpt>
   <trkpt lat="47.6120890" lon="7.5535760">
    <ele>242.4</ele>
    <time>2026-04-04T14:05:26Z</time>
   </trkpt>
   <trkpt lat="47.6121160" lon="7.5535480">
    <ele>242.4</ele>
    <time>2026-04-04T14:05:27Z</time>
   </trkpt>
   <trkpt lat="47.6121440" lon="7.5535210">
    <ele>242.4</ele>
    <time>2026-04-04T14:05:28Z</time>
   </trkpt>
   <trkpt lat="47.6121710" lon="7.5534930">
    <ele>242.4</ele>
    <time>2026-04-04T14:05:29Z</time>
   </trkpt>
   <trkpt lat="47.6122000" lon="7.5534650">
    <ele>242.4</ele>
    <time>2026-04-04T14:05:30Z</time>
   </trkpt>
   <trkpt lat="47.6122270" lon="7.5534360">
    <ele>242.4</ele>
    <time>2026-04-04T14:05:31Z</time>
   </trkpt>
   <trkpt lat="47.6122540" lon="7.5534080">
    <ele>242.4</ele>
    <time>2026-04-04T14:05:32Z</time>
   </trkpt>
   <trkpt lat="47.6122820" lon="7.5533780">
    <ele>242.4</ele>
    <time>2026-04-04T14:05:33Z</time>
   </trkpt>
   <trkpt lat="47.6123100" lon="7.5533480">
    <ele>242.4</ele>
    <time>2026-04-04T14:05:34Z</time>
   </trkpt>
   <trkpt lat="47.6123380" lon="7.5533200">
    <ele>242.4</ele>
    <time>2026-04-04T14:05:35Z</time>
   </trkpt>
   <trkpt lat="47.6123650" lon="7.5532950">
    <ele>242.4</ele>
    <time>2026-04-04T14:05:36Z</time>
   </trkpt>
   <trkpt lat="47.6123930" lon="7.5532710">
    <ele>242.4</ele>
    <time>2026-04-04T14:05:37Z</time>
   </trkpt>
   <trkpt lat="47.6124210" lon="7.5532460">
    <ele>242.4</ele>
    <time>2026-04-04T14:05:38Z</time>
   </trkpt>
   <trkpt lat="47.6124490" lon="7.5532190">
    <ele>242.4</ele>
    <time>2026-04-04T14:05:39Z</time>
   </trkpt>
   <trkpt lat="47.6124760" lon="7.5531950">
    <ele>242.4</ele>
    <time>2026-04-04T14:05:40Z</time>
   </trkpt>
   <trkpt lat="47.6125040" lon="7.5531680">
    <ele>242.4</ele>
    <time>2026-04-04T14:05:41Z</time>
   </trkpt>
   <trkpt lat="47.6125320" lon="7.5531410">
    <ele>242.4</ele>
    <time>2026-04-04T14:05:42Z</time>
   </trkpt>
   <trkpt lat="47.6125590" lon="7.5531150">
    <ele>242.4</ele>
    <time>2026-04-04T14:05:43Z</time>
   </trkpt>
   <trkpt lat="47.6125870" lon="7.5530880">
    <ele>242.4</ele>
    <time>2026-04-04T14:05:44Z</time>
   </trkpt>
   <trkpt lat="47.6126150" lon="7.5530600">
    <ele>242.4</ele>
    <time>2026-04-04T14:05:45Z</time>
   </trkpt>
   <trkpt lat="47.6126400" lon="7.5530350">
    <ele>242.4</ele>
    <time>2026-04-04T14:05:46Z</time>
   </trkpt>
   <trkpt lat="47.6126670" lon="7.5530090">
    <ele>242.4</ele>
    <time>2026-04-04T14:05:47Z</time>
   </trkpt>
   <trkpt lat="47.6126930" lon="7.5529810">
    <ele>242.4</ele>
    <time>2026-04-04T14:05:48Z</time>
   </trkpt>
   <trkpt lat="47.6127180" lon="7.5529550">
    <ele>242.4</ele>
    <time>2026-04-04T14:05:49Z</time>
   </trkpt>
   <trkpt lat="47.6127460" lon="7.5529290">
    <ele>242.4</ele>
    <time>2026-04-04T14:05:50Z</time>
   </trkpt>
   <trkpt lat="47.6127750" lon="7.5529020">
    <ele>242.4</ele>
    <time>2026-04-04T14:05:51Z</time>
   </trkpt>
   <trkpt lat="47.6128030" lon="7.5528740">
    <ele>242.4</ele>
    <time>2026-04-04T14:05:52Z</time>
   </trkpt>
   <trkpt lat="47.6128290" lon="7.5528500">
    <ele>242.4</ele>
    <time>2026-04-04T14:05:53Z</time>
   </trkpt>
   <trkpt lat="47.6128570" lon="7.5528220">
    <ele>242.4</ele>
    <time>2026-04-04T14:05:54Z</time>
   </trkpt>
   <trkpt lat="47.6128830" lon="7.5527960">
    <ele>242.4</ele>
    <time>2026-04-04T14:05:55Z</time>
   </trkpt>
   <trkpt lat="47.6129110" lon="7.5527720">
    <ele>242.4</ele>
    <time>2026-04-04T14:05:56Z</time>
   </trkpt>
   <trkpt lat="47.6129400" lon="7.5527480">
    <ele>242.4</ele>
    <time>2026-04-04T14:05:57Z</time>
   </trkpt>
   <trkpt lat="47.6129710" lon="7.5527240">
    <ele>242.5</ele>
    <time>2026-04-04T14:05:58Z</time>
   </trkpt>
   <trkpt lat="47.6130030" lon="7.5526970">
    <ele>242.5</ele>
    <time>2026-04-04T14:05:59Z</time>
   </trkpt>
   <trkpt lat="47.6130320" lon="7.5526700">
    <ele>242.5</ele>
    <time>2026-04-04T14:06:00Z</time>
   </trkpt>
   <trkpt lat="47.6130600" lon="7.5526430">
    <ele>242.5</ele>
    <time>2026-04-04T14:06:01Z</time>
   </trkpt>
   <trkpt lat="47.6130880" lon="7.5526160">
    <ele>242.5</ele>
    <time>2026-04-04T14:06:02Z</time>
   </trkpt>
   <trkpt lat="47.6131170" lon="7.5525880">
    <ele>242.5</ele>
    <time>2026-04-04T14:06:03Z</time>
   </trkpt>
   <trkpt lat="47.6131470" lon="7.5525600">
    <ele>242.5</ele>
    <time>2026-04-04T14:06:04Z</time>
   </trkpt>
   <trkpt lat="47.6131760" lon="7.5525330">
    <ele>242.5</ele>
    <time>2026-04-04T14:06:05Z</time>
   </trkpt>
   <trkpt lat="47.6132030" lon="7.5525050">
    <ele>242.5</ele>
    <time>2026-04-04T14:06:06Z</time>
   </trkpt>
   <trkpt lat="47.6132300" lon="7.5524790">
    <ele>242.5</ele>
    <time>2026-04-04T14:06:07Z</time>
   </trkpt>
   <trkpt lat="47.6132570" lon="7.5524530">
    <ele>242.5</ele>
    <time>2026-04-04T14:06:08Z</time>
   </trkpt>
   <trkpt lat="47.6132860" lon="7.5524250">
    <ele>242.5</ele>
    <time>2026-04-04T14:06:09Z</time>
   </trkpt>
   <trkpt lat="47.6133130" lon="7.5523960">
    <ele>242.5</ele>
    <time>2026-04-04T14:06:10Z</time>
   </trkpt>
   <trkpt lat="47.6133390" lon="7.5523670">
    <ele>242.5</ele>
    <time>2026-04-04T14:06:11Z</time>
   </trkpt>
   <trkpt lat="47.6133680" lon="7.5523360">
    <ele>242.5</ele>
    <time>2026-04-04T14:06:12Z</time>
   </trkpt>
   <trkpt lat="47.6133940" lon="7.5523090">
    <ele>242.5</ele>
    <time>2026-04-04T14:06:13Z</time>
   </trkpt>
   <trkpt lat="47.6134190" lon="7.5522820">
    <ele>242.5</ele>
    <time>2026-04-04T14:06:14Z</time>
   </trkpt>
   <trkpt lat="47.6134450" lon="7.5522530">
    <ele>242.5</ele>
    <time>2026-04-04T14:06:15Z</time>
   </trkpt>
   <trkpt lat="47.6134720" lon="7.5522210">
    <ele>242.5</ele>
    <time>2026-04-04T14:06:16Z</time>
   </trkpt>
   <trkpt lat="47.6135030" lon="7.5521880">
    <ele>242.5</ele>
    <time>2026-04-04T14:06:17Z</time>
   </trkpt>
   <trkpt lat="47.6135320" lon="7.5521580">
    <ele>242.5</ele>
    <time>2026-04-04T14:06:18Z</time>
   </trkpt>
   <trkpt lat="47.6135590" lon="7.5521320">
    <ele>242.5</ele>
    <time>2026-04-04T14:06:19Z</time>
   </trkpt>
   <trkpt lat="47.6135870" lon="7.5521030">
    <ele>242.5</ele>
    <time>2026-04-04T14:06:20Z</time>
   </trkpt>
   <trkpt lat="47.6136160" lon="7.5520770">
    <ele>242.5</ele>
    <time>2026-04-04T14:06:21Z</time>
   </trkpt>
   <trkpt lat="47.6136430" lon="7.5520490">
    <ele>242.5</ele>
    <time>2026-04-04T14:06:22Z</time>
   </trkpt>
   <trkpt lat="47.6136680" lon="7.5520270">
    <ele>242.5</ele>
    <time>2026-04-04T14:06:23Z</time>
   </trkpt>
   <trkpt lat="47.6136950" lon="7.5520020">
    <ele>242.5</ele>
    <time>2026-04-04T14:06:24Z</time>
   </trkpt>
   <trkpt lat="47.6137230" lon="7.5519740">
    <ele>242.5</ele>
    <time>2026-04-04T14:06:25Z</time>
   </trkpt>
   <trkpt lat="47.6137550" lon="7.5519440">
    <ele>242.5</ele>
    <time>2026-04-04T14:06:26Z</time>
   </trkpt>
   <trkpt lat="47.6137850" lon="7.5519160">
    <ele>242.5</ele>
    <time>2026-04-04T14:06:27Z</time>
   </trkpt>
   <trkpt lat="47.6138160" lon="7.5518890">
    <ele>242.6</ele>
    <time>2026-04-04T14:06:28Z</time>
   </trkpt>
   <trkpt lat="47.6138420" lon="7.5518680">
    <ele>242.6</ele>
    <time>2026-04-04T14:06:29Z</time>
   </trkpt>
   <trkpt lat="47.6138670" lon="7.5518420">
    <ele>242.6</ele>
    <time>2026-04-04T14:06:30Z</time>
   </trkpt>
   <trkpt lat="47.6138940" lon="7.5518130">
    <ele>242.6</ele>
    <time>2026-04-04T14:06:31Z</time>
   </trkpt>
   <trkpt lat="47.6139220" lon="7.5517830">
    <ele>242.6</ele>
    <time>2026-04-04T14:06:32Z</time>
   </trkpt>
   <trkpt lat="47.6139500" lon="7.5517560">
    <ele>242.6</ele>
    <time>2026-04-04T14:06:33Z</time>
   </trkpt>
   <trkpt lat="47.6139770" lon="7.5517270">
    <ele>242.6</ele>
    <time>2026-04-04T14:06:34Z</time>
   </trkpt>
   <trkpt lat="47.6140040" lon="7.5516980">
    <ele>242.6</ele>
    <time>2026-04-04T14:06:35Z</time>
   </trkpt>
   <trkpt lat="47.6140320" lon="7.5516710">
    <ele>242.6</ele>
    <time>2026-04-04T14:06:36Z</time>
   </trkpt>
   <trkpt lat="47.6140610" lon="7.5516410">
    <ele>242.6</ele>
    <time>2026-04-04T14:06:37Z</time>
   </trkpt>
   <trkpt lat="47.6140890" lon="7.5516140">
    <ele>242.6</ele>
    <time>2026-04-04T14:06:38Z</time>
   </trkpt>
   <trkpt lat="47.6141130" lon="7.5515910">
    <ele>242.6</ele>
    <time>2026-04-04T14:06:39Z</time>
   </trkpt>
   <trkpt lat="47.6141400" lon="7.5515620">
    <ele>242.6</ele>
    <time>2026-04-04T14:06:40Z</time>
   </trkpt>
   <trkpt lat="47.6141670" lon="7.5515280">
    <ele>242.6</ele>
    <time>2026-04-04T14:06:41Z</time>
   </trkpt>
   <trkpt lat="47.6141950" lon="7.5514920">
    <ele>242.6</ele>
    <time>2026-04-04T14:06:42Z</time>
   </trkpt>
   <trkpt lat="47.6142230" lon="7.5514580">
    <ele>242.6</ele>
    <time>2026-04-04T14:06:43Z</time>
   </trkpt>
   <trkpt lat="47.6142510" lon="7.5514250">
    <ele>242.6</ele>
    <time>2026-04-04T14:06:44Z</time>
   </trkpt>
   <trkpt lat="47.6142800" lon="7.5513940">
    <ele>242.6</ele>
    <time>2026-04-04T14:06:45Z</time>
   </trkpt>
   <trkpt lat="47.6143100" lon="7.5513610">
    <ele>242.6</ele>
    <time>2026-04-04T14:06:46Z</time>
   </trkpt>
   <trkpt lat="47.6143380" lon="7.5513330">
    <ele>242.6</ele>
    <time>2026-04-04T14:06:47Z</time>
   </trkpt>
   <trkpt lat="47.6143640" lon="7.5513100">
    <ele>242.6</ele>
    <time>2026-04-04T14:06:48Z</time>
   </trkpt>
   <trkpt lat="47.6143930" lon="7.5512850">
    <ele>242.6</ele>
    <time>2026-04-04T14:06:49Z</time>
   </trkpt>
   <trkpt lat="47.6144210" lon="7.5512570">
    <ele>242.6</ele>
    <time>2026-04-04T14:06:50Z</time>
   </trkpt>
   <trkpt lat="47.6144470" lon="7.5512350">
    <ele>242.6</ele>
    <time>2026-04-04T14:06:51Z</time>
   </trkpt>
   <trkpt lat="47.6144750" lon="7.5512130">
    <ele>242.6</ele>
    <time>2026-04-04T14:06:52Z</time>
   </trkpt>
   <trkpt lat="47.6145020" lon="7.5511900">
    <ele>242.6</ele>
    <time>2026-04-04T14:06:53Z</time>
   </trkpt>
   <trkpt lat="47.6145280" lon="7.5511630">
    <ele>242.6</ele>
    <time>2026-04-04T14:06:54Z</time>
   </trkpt>
   <trkpt lat="47.6145540" lon="7.5511360">
    <ele>242.5</ele>
    <time>2026-04-04T14:06:55Z</time>
   </trkpt>
   <trkpt lat="47.6145830" lon="7.5511080">
    <ele>242.5</ele>
    <time>2026-04-04T14:06:56Z</time>
   </trkpt>
   <trkpt lat="47.6146080" lon="7.5510810">
    <ele>242.5</ele>
    <time>2026-04-04T14:06:57Z</time>
   </trkpt>
   <trkpt lat="47.6146340" lon="7.5510570">
    <ele>242.5</ele>
    <time>2026-04-04T14:06:58Z</time>
   </trkpt>
   <trkpt lat="47.6146560" lon="7.5510320">
    <ele>242.5</ele>
    <time>2026-04-04T14:06:59Z</time>
   </trkpt>
   <trkpt lat="47.6146790" lon="7.5510060">
    <ele>242.5</ele>
    <time>2026-04-04T14:07:00Z</time>
   </trkpt>
   <trkpt lat="47.6147060" lon="7.5509780">
    <ele>242.5</ele>
    <time>2026-04-04T14:07:01Z</time>
   </trkpt>
   <trkpt lat="47.6147350" lon="7.5509490">
    <ele>242.5</ele>
    <time>2026-04-04T14:07:02Z</time>
   </trkpt>
   <trkpt lat="47.6147630" lon="7.5509240">
    <ele>242.5</ele>
    <time>2026-04-04T14:07:03Z</time>
   </trkpt>
   <trkpt lat="47.6147920" lon="7.5508980">
    <ele>242.5</ele>
    <time>2026-04-04T14:07:04Z</time>
   </trkpt>
   <trkpt lat="47.6148190" lon="7.5508720">
    <ele>242.5</ele>
    <time>2026-04-04T14:07:05Z</time>
   </trkpt>
   <trkpt lat="47.6148490" lon="7.5508450">
    <ele>242.5</ele>
    <time>2026-04-04T14:07:06Z</time>
   </trkpt>
   <trkpt lat="47.6148770" lon="7.5508170">
    <ele>242.5</ele>
    <time>2026-04-04T14:07:07Z</time>
   </trkpt>
   <trkpt lat="47.6149040" lon="7.5507890">
    <ele>242.5</ele>
    <time>2026-04-04T14:07:08Z</time>
   </trkpt>
   <trkpt lat="47.6149310" lon="7.5507580">
    <ele>242.4</ele>
    <time>2026-04-04T14:07:09Z</time>
   </trkpt>
   <trkpt lat="47.6149610" lon="7.5507280">
    <ele>242.4</ele>
    <time>2026-04-04T14:07:10Z</time>
   </trkpt>
   <trkpt lat="47.6149870" lon="7.5506990">
    <ele>242.4</ele>
    <time>2026-04-04T14:07:11Z</time>
   </trkpt>
   <trkpt lat="47.6150130" lon="7.5506700">
    <ele>242.4</ele>
    <time>2026-04-04T14:07:12Z</time>
   </trkpt>
   <trkpt lat="47.6150400" lon="7.5506450">
    <ele>242.4</ele>
    <time>2026-04-04T14:07:13Z</time>
   </trkpt>
   <trkpt lat="47.6150700" lon="7.5506200">
    <ele>242.4</ele>
    <time>2026-04-04T14:07:14Z</time>
   </trkpt>
   <trkpt lat="47.6151010" lon="7.5505950">
    <ele>242.4</ele>
    <time>2026-04-04T14:07:15Z</time>
   </trkpt>
   <trkpt lat="47.6151300" lon="7.5505730">
    <ele>242.4</ele>
    <time>2026-04-04T14:07:16Z</time>
   </trkpt>
   <trkpt lat="47.6151590" lon="7.5505480">
    <ele>242.4</ele>
    <time>2026-04-04T14:07:17Z</time>
   </trkpt>
   <trkpt lat="47.6151880" lon="7.5505230">
    <ele>242.4</ele>
    <time>2026-04-04T14:07:18Z</time>
   </trkpt>
   <trkpt lat="47.6152180" lon="7.5505010">
    <ele>242.4</ele>
    <time>2026-04-04T14:07:19Z</time>
   </trkpt>
   <trkpt lat="47.6152500" lon="7.5504750">
    <ele>242.4</ele>
    <time>2026-04-04T14:07:20Z</time>
   </trkpt>
   <trkpt lat="47.6152820" lon="7.5504450">
    <ele>242.4</ele>
    <time>2026-04-04T14:07:21Z</time>
   </trkpt>
   <trkpt lat="47.6153130" lon="7.5504190">
    <ele>242.4</ele>
    <time>2026-04-04T14:07:22Z</time>
   </trkpt>
   <trkpt lat="47.6153400" lon="7.5503970">
    <ele>242.4</ele>
    <time>2026-04-04T14:07:23Z</time>
   </trkpt>
   <trkpt lat="47.6153650" lon="7.5503780">
    <ele>242.4</ele>
    <time>2026-04-04T14:07:24Z</time>
   </trkpt>
   <trkpt lat="47.6153920" lon="7.5503560">
    <ele>242.4</ele>
    <time>2026-04-04T14:07:25Z</time>
   </trkpt>
   <trkpt lat="47.6154200" lon="7.5503320">
    <ele>242.4</ele>
    <time>2026-04-04T14:07:26Z</time>
   </trkpt>
   <trkpt lat="47.6154470" lon="7.5503100">
    <ele>242.5</ele>
    <time>2026-04-04T14:07:27Z</time>
   </trkpt>
   <trkpt lat="47.6154760" lon="7.5502840">
    <ele>242.5</ele>
    <time>2026-04-04T14:07:28Z</time>
   </trkpt>
   <trkpt lat="47.6155050" lon="7.5502550">
    <ele>242.5</ele>
    <time>2026-04-04T14:07:29Z</time>
   </trkpt>
   <trkpt lat="47.6155330" lon="7.5502280">
    <ele>242.5</ele>
    <time>2026-04-04T14:07:30Z</time>
   </trkpt>
   <trkpt lat="47.6155620" lon="7.5502020">
    <ele>242.5</ele>
    <time>2026-04-04T14:07:31Z</time>
   </trkpt>
   <trkpt lat="47.6155890" lon="7.5501760">
    <ele>242.5</ele>
    <time>2026-04-04T14:07:32Z</time>
   </trkpt>
   <trkpt lat="47.6156140" lon="7.5501480">
    <ele>242.5</ele>
    <time>2026-04-04T14:07:33Z</time>
   </trkpt>
   <trkpt lat="47.6156420" lon="7.5501170">
    <ele>242.5</ele>
    <time>2026-04-04T14:07:34Z</time>
   </trkpt>
   <trkpt lat="47.6156690" lon="7.5500850">
    <ele>242.5</ele>
    <time>2026-04-04T14:07:35Z</time>
   </trkpt>
   <trkpt lat="47.6156950" lon="7.5500560">
    <ele>242.5</ele>
    <time>2026-04-04T14:07:36Z</time>
   </trkpt>
   <trkpt lat="47.6157200" lon="7.5500290">
    <ele>242.4</ele>
    <time>2026-04-04T14:07:37Z</time>
   </trkpt>
   <trkpt lat="47.6157490" lon="7.5500000">
    <ele>242.4</ele>
    <time>2026-04-04T14:07:38Z</time>
   </trkpt>
   <trkpt lat="47.6157780" lon="7.5499710">
    <ele>242.4</ele>
    <time>2026-04-04T14:07:39Z</time>
   </trkpt>
   <trkpt lat="47.6158050" lon="7.5499420">
    <ele>242.4</ele>
    <time>2026-04-04T14:07:40Z</time>
   </trkpt>
   <trkpt lat="47.6158300" lon="7.5499100">
    <ele>242.4</ele>
    <time>2026-04-04T14:07:41Z</time>
   </trkpt>
   <trkpt lat="47.6158560" lon="7.5498780">
    <ele>242.4</ele>
    <time>2026-04-04T14:07:42Z</time>
   </trkpt>
   <trkpt lat="47.6158830" lon="7.5498510">
    <ele>242.5</ele>
    <time>2026-04-04T14:07:43Z</time>
   </trkpt>
   <trkpt lat="47.6159100" lon="7.5498240">
    <ele>242.5</ele>
    <time>2026-04-04T14:07:44Z</time>
   </trkpt>
   <trkpt lat="47.6159380" lon="7.5498020">
    <ele>242.5</ele>
    <time>2026-04-04T14:07:45Z</time>
   </trkpt>
   <trkpt lat="47.6159640" lon="7.5497780">
    <ele>242.5</ele>
    <time>2026-04-04T14:07:46Z</time>
   </trkpt>
   <trkpt lat="47.6159940" lon="7.5497520">
    <ele>242.5</ele>
    <time>2026-04-04T14:07:47Z</time>
   </trkpt>
   <trkpt lat="47.6160190" lon="7.5497250">
    <ele>242.5</ele>
    <time>2026-04-04T14:07:48Z</time>
   </trkpt>
   <trkpt lat="47.6160460" lon="7.5496970">
    <ele>242.5</ele>
    <time>2026-04-04T14:07:49Z</time>
   </trkpt>
   <trkpt lat="47.6160740" lon="7.5496680">
    <ele>242.4</ele>
    <time>2026-04-04T14:07:50Z</time>
   </trkpt>
   <trkpt lat="47.6161020" lon="7.5496400">
    <ele>242.4</ele>
    <time>2026-04-04T14:07:51Z</time>
   </trkpt>
   <trkpt lat="47.6161300" lon="7.5496130">
    <ele>242.4</ele>
    <time>2026-04-04T14:07:52Z</time>
   </trkpt>
   <trkpt lat="47.6161570" lon="7.5495880">
    <ele>242.4</ele>
    <time>2026-04-04T14:07:53Z</time>
   </trkpt>
   <trkpt lat="47.6161850" lon="7.5495630">
    <ele>242.4</ele>
    <time>2026-04-04T14:07:54Z</time>
   </trkpt>
   <trkpt lat="47.6162130" lon="7.5495370">
    <ele>242.4</ele>
    <time>2026-04-04T14:07:55Z</time>
   </trkpt>
   <trkpt lat="47.6162410" lon="7.5495080">
    <ele>242.4</ele>
    <time>2026-04-04T14:07:56Z</time>
   </trkpt>
   <trkpt lat="47.6162690" lon="7.5494780">
    <ele>242.4</ele>
    <time>2026-04-04T14:07:57Z</time>
   </trkpt>
   <trkpt lat="47.6162970" lon="7.5494500">
    <ele>242.3</ele>
    <time>2026-04-04T14:07:58Z</time>
   </trkpt>
   <trkpt lat="47.6163260" lon="7.5494220">
    <ele>242.3</ele>
    <time>2026-04-04T14:07:59Z</time>
   </trkpt>
   <trkpt lat="47.6163530" lon="7.5493980">
    <ele>242.3</ele>
    <time>2026-04-04T14:08:00Z</time>
   </trkpt>
   <trkpt lat="47.6163810" lon="7.5493700">
    <ele>242.3</ele>
    <time>2026-04-04T14:08:01Z</time>
   </trkpt>
   <trkpt lat="47.6164090" lon="7.5493400">
    <ele>242.3</ele>
    <time>2026-04-04T14:08:02Z</time>
   </trkpt>
   <trkpt lat="47.6164390" lon="7.5493100">
    <ele>242.3</ele>
    <time>2026-04-04T14:08:03Z</time>
   </trkpt>
   <trkpt lat="47.6164690" lon="7.5492840">
    <ele>242.3</ele>
    <time>2026-04-04T14:08:04Z</time>
   </trkpt>
   <trkpt lat="47.6165000" lon="7.5492580">
    <ele>242.3</ele>
    <time>2026-04-04T14:08:05Z</time>
   </trkpt>
   <trkpt lat="47.6165300" lon="7.5492270">
    <ele>242.3</ele>
    <time>2026-04-04T14:08:06Z</time>
   </trkpt>
   <trkpt lat="47.6165590" lon="7.5491920">
    <ele>242.3</ele>
    <time>2026-04-04T14:08:07Z</time>
   </trkpt>
   <trkpt lat="47.6165880" lon="7.5491600">
    <ele>242.3</ele>
    <time>2026-04-04T14:08:08Z</time>
   </trkpt>
   <trkpt lat="47.6166170" lon="7.5491300">
    <ele>242.3</ele>
    <time>2026-04-04T14:08:09Z</time>
   </trkpt>
   <trkpt lat="47.6166460" lon="7.5490970">
    <ele>242.3</ele>
    <time>2026-04-04T14:08:10Z</time>
   </trkpt>
   <trkpt lat="47.6166740" lon="7.5490620">
    <ele>242.3</ele>
    <time>2026-04-04T14:08:11Z</time>
   </trkpt>
   <trkpt lat="47.6167040" lon="7.5490320">
    <ele>242.3</ele>
    <time>2026-04-04T14:08:12Z</time>
   </trkpt>
   <trkpt lat="47.6167340" lon="7.5490030">
    <ele>242.3</ele>
    <time>2026-04-04T14:08:13Z</time>
   </trkpt>
   <trkpt lat="47.6167640" lon="7.5489790">
    <ele>242.3</ele>
    <time>2026-04-04T14:08:14Z</time>
   </trkpt>
   <trkpt lat="47.6167940" lon="7.5489510">
    <ele>242.3</ele>
    <time>2026-04-04T14:08:15Z</time>
   </trkpt>
   <trkpt lat="47.6168210" lon="7.5489230">
    <ele>242.3</ele>
    <time>2026-04-04T14:08:16Z</time>
   </trkpt>
   <trkpt lat="47.6168490" lon="7.5488950">
    <ele>242.3</ele>
    <time>2026-04-04T14:08:17Z</time>
   </trkpt>
   <trkpt lat="47.6168780" lon="7.5488680">
    <ele>242.3</ele>
    <time>2026-04-04T14:08:18Z</time>
   </trkpt>
   <trkpt lat="47.6169050" lon="7.5488420">
    <ele>242.3</ele>
    <time>2026-04-04T14:08:19Z</time>
   </trkpt>
   <trkpt lat="47.6169330" lon="7.5488140">
    <ele>242.3</ele>
    <time>2026-04-04T14:08:20Z</time>
   </trkpt>
   <trkpt lat="47.6169600" lon="7.5487860">
    <ele>242.3</ele>
    <time>2026-04-04T14:08:21Z</time>
   </trkpt>
   <trkpt lat="47.6169890" lon="7.5487580">
    <ele>242.3</ele>
    <time>2026-04-04T14:08:22Z</time>
   </trkpt>
   <trkpt lat="47.6170170" lon="7.5487290">
    <ele>242.3</ele>
    <time>2026-04-04T14:08:23Z</time>
   </trkpt>
   <trkpt lat="47.6170450" lon="7.5487020">
    <ele>242.3</ele>
    <time>2026-04-04T14:08:24Z</time>
   </trkpt>
   <trkpt lat="47.6170730" lon="7.5486740">
    <ele>242.3</ele>
    <time>2026-04-04T14:08:25Z</time>
   </trkpt>
   <trkpt lat="47.6171000" lon="7.5486470">
    <ele>242.3</ele>
    <time>2026-04-04T14:08:26Z</time>
   </trkpt>
   <trkpt lat="47.6171270" lon="7.5486200">
    <ele>242.3</ele>
    <time>2026-04-04T14:08:27Z</time>
   </trkpt>
   <trkpt lat="47.6171520" lon="7.5485910">
    <ele>242.3</ele>
    <time>2026-04-04T14:08:28Z</time>
   </trkpt>
   <trkpt lat="47.6171800" lon="7.5485630">
    <ele>242.4</ele>
    <time>2026-04-04T14:08:29Z</time>
   </trkpt>
   <trkpt lat="47.6172100" lon="7.5485340">
    <ele>242.4</ele>
    <time>2026-04-04T14:08:30Z</time>
   </trkpt>
   <trkpt lat="47.6172380" lon="7.5485050">
    <ele>242.4</ele>
    <time>2026-04-04T14:08:31Z</time>
   </trkpt>
   <trkpt lat="47.6172640" lon="7.5484750">
    <ele>242.4</ele>
    <time>2026-04-04T14:08:32Z</time>
   </trkpt>
   <trkpt lat="47.6172890" lon="7.5484480">
    <ele>242.4</ele>
    <time>2026-04-04T14:08:33Z</time>
   </trkpt>
   <trkpt lat="47.6173160" lon="7.5484210">
    <ele>242.4</ele>
    <time>2026-04-04T14:08:34Z</time>
   </trkpt>
   <trkpt lat="47.6173430" lon="7.5483980">
    <ele>242.4</ele>
    <time>2026-04-04T14:08:35Z</time>
   </trkpt>
   <trkpt lat="47.6173700" lon="7.5483750">
    <ele>242.4</ele>
    <time>2026-04-04T14:08:36Z</time>
   </trkpt>
   <trkpt lat="47.6173970" lon="7.5483520">
    <ele>242.4</ele>
    <time>2026-04-04T14:08:37Z</time>
   </trkpt>
   <trkpt lat="47.6174280" lon="7.5483210">
    <ele>242.4</ele>
    <time>2026-04-04T14:08:38Z</time>
   </trkpt>
   <trkpt lat="47.6174380" lon="7.5483090">
    <ele>242.4</ele>
    <time>2026-04-04T14:08:39Z</time>
   </trkpt>
   <trkpt lat="47.6174630" lon="7.5482830">
    <ele>242.4</ele>
    <time>2026-04-04T14:08:40Z</time>
   </trkpt>
   <trkpt lat="47.6174890" lon="7.5482550">
    <ele>242.4</ele>
    <time>2026-04-04T14:08:41Z</time>
   </trkpt>
   <trkpt lat="47.6175140" lon="7.5482280">
    <ele>242.4</ele>
    <time>2026-04-04T14:08:42Z</time>
   </trkpt>
   <trkpt lat="47.6175390" lon="7.5482020">
    <ele>242.4</ele>
    <time>2026-04-04T14:08:43Z</time>
   </trkpt>
   <trkpt lat="47.6175690" lon="7.5481720">
    <ele>242.4</ele>
    <time>2026-04-04T14:08:44Z</time>
   </trkpt>
   <trkpt lat="47.6176010" lon="7.5481420">
    <ele>242.3</ele>
    <time>2026-04-04T14:08:45Z</time>
   </trkpt>
   <trkpt lat="47.6176290" lon="7.5481130">
    <ele>242.3</ele>
    <time>2026-04-04T14:08:46Z</time>
   </trkpt>
   <trkpt lat="47.6176570" lon="7.5480860">
    <ele>242.3</ele>
    <time>2026-04-04T14:08:47Z</time>
   </trkpt>
   <trkpt lat="47.6176860" lon="7.5480590">
    <ele>242.3</ele>
    <time>2026-04-04T14:08:48Z</time>
   </trkpt>
   <trkpt lat="47.6177150" lon="7.5480320">
    <ele>242.3</ele>
    <time>2026-04-04T14:08:49Z</time>
   </trkpt>
   <trkpt lat="47.6177450" lon="7.5480060">
    <ele>242.3</ele>
    <time>2026-04-04T14:08:50Z</time>
   </trkpt>
   <trkpt lat="47.6177730" lon="7.5479790">
    <ele>242.3</ele>
    <time>2026-04-04T14:08:51Z</time>
   </trkpt>
   <trkpt lat="47.6177990" lon="7.5479520">
    <ele>242.3</ele>
    <time>2026-04-04T14:08:52Z</time>
   </trkpt>
   <trkpt lat="47.6178280" lon="7.5479220">
    <ele>242.3</ele>
    <time>2026-04-04T14:08:53Z</time>
   </trkpt>
   <trkpt lat="47.6178560" lon="7.5478930">
    <ele>242.2</ele>
    <time>2026-04-04T14:08:54Z</time>
   </trkpt>
   <trkpt lat="47.6178820" lon="7.5478630">
    <ele>242.2</ele>
    <time>2026-04-04T14:08:55Z</time>
   </trkpt>
   <trkpt lat="47.6179090" lon="7.5478360">
    <ele>242.2</ele>
    <time>2026-04-04T14:08:56Z</time>
   </trkpt>
   <trkpt lat="47.6179350" lon="7.5478070">
    <ele>242.2</ele>
    <time>2026-04-04T14:08:57Z</time>
   </trkpt>
   <trkpt lat="47.6179630" lon="7.5477740">
    <ele>242.2</ele>
    <time>2026-04-04T14:08:58Z</time>
   </trkpt>
   <trkpt lat="47.6179900" lon="7.5477440">
    <ele>242.2</ele>
    <time>2026-04-04T14:08:59Z</time>
   </trkpt>
   <trkpt lat="47.6180160" lon="7.5477160">
    <ele>242.2</ele>
    <time>2026-04-04T14:09:00Z</time>
   </trkpt>
   <trkpt lat="47.6180480" lon="7.5476880">
    <ele>242.2</ele>
    <time>2026-04-04T14:09:01Z</time>
   </trkpt>
   <trkpt lat="47.6180840" lon="7.5476590">
    <ele>242.2</ele>
    <time>2026-04-04T14:09:02Z</time>
   </trkpt>
   <trkpt lat="47.6181170" lon="7.5476300">
    <ele>242.2</ele>
    <time>2026-04-04T14:09:03Z</time>
   </trkpt>
   <trkpt lat="47.6181470" lon="7.5476030">
    <ele>242.2</ele>
    <time>2026-04-04T14:09:04Z</time>
   </trkpt>
   <trkpt lat="47.6181770" lon="7.5475770">
    <ele>242.2</ele>
    <time>2026-04-04T14:09:05Z</time>
   </trkpt>
   <trkpt lat="47.6182080" lon="7.5475500">
    <ele>242.1</ele>
    <time>2026-04-04T14:09:06Z</time>
   </trkpt>
   <trkpt lat="47.6182350" lon="7.5475240">
    <ele>242.1</ele>
    <time>2026-04-04T14:09:07Z</time>
   </trkpt>
   <trkpt lat="47.6182610" lon="7.5474980">
    <ele>242.1</ele>
    <time>2026-04-04T14:09:08Z</time>
   </trkpt>
   <trkpt lat="47.6182880" lon="7.5474710">
    <ele>242.1</ele>
    <time>2026-04-04T14:09:09Z</time>
   </trkpt>
   <trkpt lat="47.6183150" lon="7.5474430">
    <ele>242.1</ele>
    <time>2026-04-04T14:09:10Z</time>
   </trkpt>
   <trkpt lat="47.6183440" lon="7.5474170">
    <ele>242.1</ele>
    <time>2026-04-04T14:09:11Z</time>
   </trkpt>
   <trkpt lat="47.6183730" lon="7.5473890">
    <ele>242.1</ele>
    <time>2026-04-04T14:09:12Z</time>
   </trkpt>
   <trkpt lat="47.6183980" lon="7.5473620">
    <ele>242.1</ele>
    <time>2026-04-04T14:09:13Z</time>
   </trkpt>
   <trkpt lat="47.6184240" lon="7.5473360">
    <ele>242.1</ele>
    <time>2026-04-04T14:09:14Z</time>
   </trkpt>
   <trkpt lat="47.6184490" lon="7.5473120">
    <ele>242.1</ele>
    <time>2026-04-04T14:09:15Z</time>
   </trkpt>
   <trkpt lat="47.6184740" lon="7.5472880">
    <ele>242.1</ele>
    <time>2026-04-04T14:09:16Z</time>
   </trkpt>
   <trkpt lat="47.6185010" lon="7.5472630">
    <ele>242.1</ele>
    <time>2026-04-04T14:09:17Z</time>
   </trkpt>
   <trkpt lat="47.6185310" lon="7.5472380">
    <ele>242.1</ele>
    <time>2026-04-04T14:09:18Z</time>
   </trkpt>
   <trkpt lat="47.6185620" lon="7.5472090">
    <ele>242.1</ele>
    <time>2026-04-04T14:09:19Z</time>
   </trkpt>
   <trkpt lat="47.6185870" lon="7.5471780">
    <ele>242.1</ele>
    <time>2026-04-04T14:09:20Z</time>
   </trkpt>
   <trkpt lat="47.6186110" lon="7.5471460">
    <ele>242.1</ele>
    <time>2026-04-04T14:09:21Z</time>
   </trkpt>
   <trkpt lat="47.6186330" lon="7.5471160">
    <ele>242.1</ele>
    <time>2026-04-04T14:09:22Z</time>
   </trkpt>
   <trkpt lat="47.6186550" lon="7.5470890">
    <ele>242.0</ele>
    <time>2026-04-04T14:09:23Z</time>
   </trkpt>
   <trkpt lat="47.6186780" lon="7.5470640">
    <ele>242.0</ele>
    <time>2026-04-04T14:09:24Z</time>
   </trkpt>
   <trkpt lat="47.6187030" lon="7.5470410">
    <ele>242.0</ele>
    <time>2026-04-04T14:09:25Z</time>
   </trkpt>
   <trkpt lat="47.6187310" lon="7.5470200">
    <ele>242.0</ele>
    <time>2026-04-04T14:09:26Z</time>
   </trkpt>
   <trkpt lat="47.6187570" lon="7.5470010">
    <ele>242.0</ele>
    <time>2026-04-04T14:09:27Z</time>
   </trkpt>
   <trkpt lat="47.6187800" lon="7.5469800">
    <ele>241.9</ele>
    <time>2026-04-04T14:09:28Z</time>
   </trkpt>
   <trkpt lat="47.6188050" lon="7.5469520">
    <ele>241.9</ele>
    <time>2026-04-04T14:09:29Z</time>
   </trkpt>
   <trkpt lat="47.6188300" lon="7.5469240">
    <ele>241.9</ele>
    <time>2026-04-04T14:09:30Z</time>
   </trkpt>
   <trkpt lat="47.6188560" lon="7.5468950">
    <ele>241.9</ele>
    <time>2026-04-04T14:09:31Z</time>
   </trkpt>
   <trkpt lat="47.6188810" lon="7.5468660">
    <ele>241.8</ele>
    <time>2026-04-04T14:09:32Z</time>
   </trkpt>
   <trkpt lat="47.6189060" lon="7.5468370">
    <ele>241.8</ele>
    <time>2026-04-04T14:09:33Z</time>
   </trkpt>
   <trkpt lat="47.6189350" lon="7.5468080">
    <ele>241.8</ele>
    <time>2026-04-04T14:09:34Z</time>
   </trkpt>
   <trkpt lat="47.6189670" lon="7.5467790">
    <ele>241.7</ele>
    <time>2026-04-04T14:09:35Z</time>
   </trkpt>
   <trkpt lat="47.6189970" lon="7.5467480">
    <ele>241.7</ele>
    <time>2026-04-04T14:09:36Z</time>
   </trkpt>
   <trkpt lat="47.6190280" lon="7.5467150">
    <ele>241.6</ele>
    <time>2026-04-04T14:09:37Z</time>
   </trkpt>
   <trkpt lat="47.6190620" lon="7.5466840">
    <ele>241.6</ele>
    <time>2026-04-04T14:09:38Z</time>
   </trkpt>
   <trkpt lat="47.6190930" lon="7.5466550">
    <ele>241.6</ele>
    <time>2026-04-04T14:09:39Z</time>
   </trkpt>
   <trkpt lat="47.6191250" lon="7.5466310">
    <ele>241.5</ele>
    <time>2026-04-04T14:09:40Z</time>
   </trkpt>
   <trkpt lat="47.6191610" lon="7.5466100">
    <ele>241.5</ele>
    <time>2026-04-04T14:09:41Z</time>
   </trkpt>
   <trkpt lat="47.6191960" lon="7.5465950">
    <ele>241.5</ele>
    <time>2026-04-04T14:09:42Z</time>
   </trkpt>
   <trkpt lat="47.6192290" lon="7.5465770">
    <ele>241.5</ele>
    <time>2026-04-04T14:09:43Z</time>
   </trkpt>
   <trkpt lat="47.6192610" lon="7.5465560">
    <ele>241.5</ele>
    <time>2026-04-04T14:09:44Z</time>
   </trkpt>
   <trkpt lat="47.6192930" lon="7.5465340">
    <ele>241.5</ele>
    <time>2026-04-04T14:09:45Z</time>
   </trkpt>
   <trkpt lat="47.6193210" lon="7.5465120">
    <ele>241.5</ele>
    <time>2026-04-04T14:09:46Z</time>
   </trkpt>
   <trkpt lat="47.6193500" lon="7.5464930">
    <ele>241.5</ele>
    <time>2026-04-04T14:09:47Z</time>
   </trkpt>
   <trkpt lat="47.6193760" lon="7.5464790">
    <ele>241.5</ele>
    <time>2026-04-04T14:09:48Z</time>
   </trkpt>
   <trkpt lat="47.6194040" lon="7.5464670">
    <ele>241.5</ele>
    <time>2026-04-04T14:09:49Z</time>
   </trkpt>
   <trkpt lat="47.6194360" lon="7.5464510">
    <ele>241.4</ele>
    <time>2026-04-04T14:09:50Z</time>
   </trkpt>
   <trkpt lat="47.6194660" lon="7.5464330">
    <ele>241.4</ele>
    <time>2026-04-04T14:09:51Z</time>
   </trkpt>
   <trkpt lat="47.6194950" lon="7.5464110">
    <ele>241.4</ele>
    <time>2026-04-04T14:09:52Z</time>
   </trkpt>
   <trkpt lat="47.6195250" lon="7.5463880">
    <ele>241.4</ele>
    <time>2026-04-04T14:09:53Z</time>
   </trkpt>
   <trkpt lat="47.6195540" lon="7.5463680">
    <ele>241.4</ele>
    <time>2026-04-04T14:09:54Z</time>
   </trkpt>
   <trkpt lat="47.6195800" lon="7.5463490">
    <ele>241.4</ele>
    <time>2026-04-04T14:09:55Z</time>
   </trkpt>
   <trkpt lat="47.6196100" lon="7.5463240">
    <ele>241.4</ele>
    <time>2026-04-04T14:09:56Z</time>
   </trkpt>
   <trkpt lat="47.6196400" lon="7.5462970">
    <ele>241.4</ele>
    <time>2026-04-04T14:09:57Z</time>
   </trkpt>
   <trkpt lat="47.6196690" lon="7.5462700">
    <ele>241.3</ele>
    <time>2026-04-04T14:09:58Z</time>
   </trkpt>
   <trkpt lat="47.6196940" lon="7.5462470">
    <ele>241.3</ele>
    <time>2026-04-04T14:09:59Z</time>
   </trkpt>
   <trkpt lat="47.6197200" lon="7.5462190">
    <ele>241.3</ele>
    <time>2026-04-04T14:10:00Z</time>
   </trkpt>
   <trkpt lat="47.6197470" lon="7.5461920">
    <ele>241.3</ele>
    <time>2026-04-04T14:10:01Z</time>
   </trkpt>
   <trkpt lat="47.6197750" lon="7.5461650">
    <ele>241.3</ele>
    <time>2026-04-04T14:10:02Z</time>
   </trkpt>
   <trkpt lat="47.6198020" lon="7.5461430">
    <ele>241.3</ele>
    <time>2026-04-04T14:10:03Z</time>
   </trkpt>
   <trkpt lat="47.6198310" lon="7.5461170">
    <ele>241.3</ele>
    <time>2026-04-04T14:10:04Z</time>
   </trkpt>
   <trkpt lat="47.6198570" lon="7.5460930">
    <ele>241.3</ele>
    <time>2026-04-04T14:10:05Z</time>
   </trkpt>
   <trkpt lat="47.6198830" lon="7.5460660">
    <ele>241.3</ele>
    <time>2026-04-04T14:10:06Z</time>
   </trkpt>
   <trkpt lat="47.6199080" lon="7.5460390">
    <ele>241.3</ele>
    <time>2026-04-04T14:10:07Z</time>
   </trkpt>
   <trkpt lat="47.6199330" lon="7.5460150">
    <ele>241.3</ele>
    <time>2026-04-04T14:10:08Z</time>
   </trkpt>
   <trkpt lat="47.6199560" lon="7.5459920">
    <ele>241.3</ele>
    <time>2026-04-04T14:10:09Z</time>
   </trkpt>
   <trkpt lat="47.6199860" lon="7.5459660">
    <ele>241.3</ele>
    <time>2026-04-04T14:10:10Z</time>
   </trkpt>
   <trkpt lat="47.6199950" lon="7.5459570">
    <ele>241.3</ele>
    <time>2026-04-04T14:10:11Z</time>
   </trkpt>
   <trkpt lat="47.6200120" lon="7.5459420">
    <ele>241.3</ele>
    <time>2026-04-04T14:10:12Z</time>
   </trkpt>
   <trkpt lat="47.6200240" lon="7.5459280">
    <ele>241.4</ele>
    <time>2026-04-04T14:10:13Z</time>
   </trkpt>
   <trkpt lat="47.6200330" lon="7.5459150">
    <ele>241.4</ele>
    <time>2026-04-04T14:10:14Z</time>
   </trkpt>
   <trkpt lat="47.6200430" lon="7.5459040">
    <ele>241.4</ele>
    <time>2026-04-04T14:10:15Z</time>
   </trkpt>
   <trkpt lat="47.6200540" lon="7.5459010">
    <ele>241.4</ele>
    <time>2026-04-04T14:10:16Z</time>
   </trkpt>
   <trkpt lat="47.6200700" lon="7.5459070">
    <ele>241.4</ele>
    <time>2026-04-04T14:10:17Z</time>
   </trkpt>
   <trkpt lat="47.6200870" lon="7.5459220">
    <ele>241.4</ele>
    <time>2026-04-04T14:10:18Z</time>
   </trkpt>
   <trkpt lat="47.6201060" lon="7.5459610">
    <ele>241.4</ele>
    <time>2026-04-04T14:10:19Z</time>
   </trkpt>
   <trkpt lat="47.6201120" lon="7.5459750">
    <ele>241.4</ele>
    <time>2026-04-04T14:10:20Z</time>
   </trkpt>
   <trkpt lat="47.6201300" lon="7.5460230">
    <ele>241.4</ele>
    <time>2026-04-04T14:10:21Z</time>
   </trkpt>
   <trkpt lat="47.6201350" lon="7.5460400">
    <ele>241.4</ele>
    <time>2026-04-04T14:10:22Z</time>
   </trkpt>
   <trkpt lat="47.6201280" lon="7.5460890">
    <ele>241.3</ele>
    <time>2026-04-04T14:10:23Z</time>
   </trkpt>
   <trkpt lat="47.6201230" lon="7.5461020">
    <ele>241.3</ele>
    <time>2026-04-04T14:10:24Z</time>
   </trkpt>
   <trkpt lat="47.6201100" lon="7.5461160">
    <ele>241.3</ele>
    <time>2026-04-04T14:10:25Z</time>
   </trkpt>
   <trkpt lat="47.6200930" lon="7.5461260">
    <ele>241.3</ele>
    <time>2026-04-04T14:10:26Z</time>
   </trkpt>
   <trkpt lat="47.6200770" lon="7.5461350">
    <ele>241.3</ele>
    <time>2026-04-04T14:10:27Z</time>
   </trkpt>
   <trkpt lat="47.6200630" lon="7.5461490">
    <ele>241.3</ele>
    <time>2026-04-04T14:10:28Z</time>
   </trkpt>
   <trkpt lat="47.6200440" lon="7.5461820">
    <ele>241.3</ele>
    <time>2026-04-04T14:10:29Z</time>
   </trkpt>
   <trkpt lat="47.6200380" lon="7.5461930">
    <ele>241.3</ele>
    <time>2026-04-04T14:10:30Z</time>
   </trkpt>
   <trkpt lat="47.6200240" lon="7.5462280">
    <ele>241.3</ele>
    <time>2026-04-04T14:10:31Z</time>
   </trkpt>
   <trkpt lat="47.6200190" lon="7.5462390">
    <ele>241.3</ele>
    <time>2026-04-04T14:10:32Z</time>
   </trkpt>
   <trkpt lat="47.6200080" lon="7.5462580">
    <ele>241.3</ele>
    <time>2026-04-04T14:10:33Z</time>
   </trkpt>
   <trkpt lat="47.6199970" lon="7.5462780">
    <ele>241.2</ele>
    <time>2026-04-04T14:10:34Z</time>
   </trkpt>
   <trkpt lat="47.6199880" lon="7.5462960">
    <ele>241.2</ele>
    <time>2026-04-04T14:10:35Z</time>
   </trkpt>
   <trkpt lat="47.6199870" lon="7.5463020">
    <ele>241.2</ele>
    <time>2026-04-04T14:10:36Z</time>
   </trkpt>
   <trkpt lat="47.6199850" lon="7.5462970">
    <ele>241.2</ele>
    <time>2026-04-04T14:10:37Z</time>
   </trkpt>
   <trkpt lat="47.6199840" lon="7.5462990">
    <ele>241.2</ele>
    <time>2026-04-04T14:10:38Z</time>
   </trkpt>
   <trkpt lat="47.6199820" lon="7.5462990">
    <ele>241.2</ele>
    <time>2026-04-04T14:10:39Z</time>
   </trkpt>
   <trkpt lat="47.6199810" lon="7.5463010">
    <ele>241.2</ele>
    <time>2026-04-04T14:10:40Z</time>
   </trkpt>
   <trkpt lat="47.6199810" lon="7.5463000">
    <ele>241.2</ele>
    <time>2026-04-04T14:10:41Z</time>
   </trkpt>
   <trkpt lat="47.6199850" lon="7.5463150">
    <ele>241.2</ele>
    <time>2026-04-04T14:10:42Z</time>
   </trkpt>
   <trkpt lat="47.6199990" lon="7.5463370">
    <ele>241.2</ele>
    <time>2026-04-04T14:10:43Z</time>
   </trkpt>
   <trkpt lat="47.6200060" lon="7.5463450">
    <ele>241.2</ele>
    <time>2026-04-04T14:10:44Z</time>
   </trkpt>
   <trkpt lat="47.6200120" lon="7.5463520">
    <ele>241.2</ele>
    <time>2026-04-04T14:10:45Z</time>
   </trkpt>
   <trkpt lat="47.6200230" lon="7.5463640">
    <ele>241.2</ele>
    <time>2026-04-04T14:10:46Z</time>
   </trkpt>
   <trkpt lat="47.6200330" lon="7.5463720">
    <ele>241.2</ele>
    <time>2026-04-04T14:10:47Z</time>
   </trkpt>
   <trkpt lat="47.6200420" lon="7.5463780">
    <ele>241.2</ele>
    <time>2026-04-04T14:10:48Z</time>
   </trkpt>
   <trkpt lat="47.6200520" lon="7.5463790">
    <ele>241.2</ele>
    <time>2026-04-04T14:10:49Z</time>
   </trkpt>
   <trkpt lat="47.6200640" lon="7.5463730">
    <ele>241.2</ele>
    <time>2026-04-04T14:10:50Z</time>
   </trkpt>
   <trkpt lat="47.6200760" lon="7.5463660">
    <ele>241.2</ele>
    <time>2026-04-04T14:10:51Z</time>
   </trkpt>
   <trkpt lat="47.6200860" lon="7.5463630">
    <ele>241.2</ele>
    <time>2026-04-04T14:10:52Z</time>
   </trkpt>
   <trkpt lat="47.6200920" lon="7.5463700">
    <ele>241.2</ele>
    <time>2026-04-04T14:10:53Z</time>
   </trkpt>
   <trkpt lat="47.6200960" lon="7.5463810">
    <ele>241.2</ele>
    <time>2026-04-04T14:10:54Z</time>
   </trkpt>
   <trkpt lat="47.6200960" lon="7.5463880">
    <ele>241.2</ele>
    <time>2026-04-04T14:10:55Z</time>
   </trkpt>
   <trkpt lat="47.6200940" lon="7.5463910">
    <ele>241.2</ele>
    <time>2026-04-04T14:10:56Z</time>
   </trkpt>
   <trkpt lat="47.6200930" lon="7.5463920">
    <ele>241.2</ele>
    <time>2026-04-04T14:10:57Z</time>
   </trkpt>
   <trkpt lat="47.6200930" lon="7.5463920">
    <ele>241.2</ele>
    <time>2026-04-04T14:10:58Z</time>
   </trkpt>
   <trkpt lat="47.6200930" lon="7.5463920">
    <ele>241.2</ele>
    <time>2026-04-04T14:10:59Z</time>
   </trkpt>
   <trkpt lat="47.6200920" lon="7.5463920">
    <ele>241.2</ele>
    <time>2026-04-04T14:11:00Z</time>
   </trkpt>
   <trkpt lat="47.6200920" lon="7.5463920">
    <ele>241.2</ele>
    <time>2026-04-04T14:11:01Z</time>
   </trkpt>
   <trkpt lat="47.6200920" lon="7.5463920">
    <ele>241.2</ele>
    <time>2026-04-04T14:11:02Z</time>
   </trkpt>
   <trkpt lat="47.6200930" lon="7.5463920">
    <ele>241.2</ele>
    <time>2026-04-04T14:11:03Z</time>
   </trkpt>
   <trkpt lat="47.6200930" lon="7.5463920">
    <ele>241.2</ele>
    <time>2026-04-04T14:11:04Z</time>
   </trkpt>
   <trkpt lat="47.6200950" lon="7.5463940">
    <ele>241.2</ele>
    <time>2026-04-04T14:11:58Z</time>
   </trkpt>
   <trkpt lat="47.6200960" lon="7.5463960">
    <ele>241.2</ele>
    <time>2026-04-04T14:11:59Z</time>
   </trkpt>
   <trkpt lat="47.6200910" lon="7.5464090">
    <ele>241.2</ele>
    <time>2026-04-04T14:12:00Z</time>
   </trkpt>
   <trkpt lat="47.6200840" lon="7.5464220">
    <ele>241.2</ele>
    <time>2026-04-04T14:12:01Z</time>
   </trkpt>
   <trkpt lat="47.6200700" lon="7.5464270">
    <ele>241.2</ele>
    <time>2026-04-04T14:12:02Z</time>
   </trkpt>
   <trkpt lat="47.6200550" lon="7.5464230">
    <ele>241.2</ele>
    <time>2026-04-04T14:12:03Z</time>
   </trkpt>
   <trkpt lat="47.6200730" lon="7.5463870">
    <ele>241.2</ele>
    <time>2026-04-04T14:12:04Z</time>
   </trkpt>
   <trkpt lat="47.6200630" lon="7.5463940">
    <ele>241.2</ele>
    <time>2026-04-04T14:12:05Z</time>
   </trkpt>
   <trkpt lat="47.6200450" lon="7.5463940">
    <ele>241.1</ele>
    <time>2026-04-04T14:12:06Z</time>
   </trkpt>
   <trkpt lat="47.6200170" lon="7.5463820">
    <ele>241.1</ele>
    <time>2026-04-04T14:12:07Z</time>
   </trkpt>
   <trkpt lat="47.6200050" lon="7.5463730">
    <ele>241.1</ele>
    <time>2026-04-04T14:12:08Z</time>
   </trkpt>
   <trkpt lat="47.6199780" lon="7.5463490">
    <ele>241.1</ele>
    <time>2026-04-04T14:12:09Z</time>
   </trkpt>
   <trkpt lat="47.6199720" lon="7.5463450">
    <ele>241.1</ele>
    <time>2026-04-04T14:12:10Z</time>
   </trkpt>
   <trkpt lat="47.6199610" lon="7.5463340">
    <ele>241.1</ele>
    <time>2026-04-04T14:12:11Z</time>
   </trkpt>
   <trkpt lat="47.6199560" lon="7.5463220">
    <ele>241.1</ele>
    <time>2026-04-04T14:12:12Z</time>
   </trkpt>
   <trkpt lat="47.6199640" lon="7.5463060">
    <ele>241.1</ele>
    <time>2026-04-04T14:12:13Z</time>
   </trkpt>
   <trkpt lat="47.6199690" lon="7.5462910">
    <ele>241.1</ele>
    <time>2026-04-04T14:12:14Z</time>
   </trkpt>
   <trkpt lat="47.6199770" lon="7.5462770">
    <ele>241.1</ele>
    <time>2026-04-04T14:12:15Z</time>
   </trkpt>
   <trkpt lat="47.6199780" lon="7.5462750">
    <ele>241.1</ele>
    <time>2026-04-04T14:12:16Z</time>
   </trkpt>
   <trkpt lat="47.6199800" lon="7.5462700">
    <ele>241.1</ele>
    <time>2026-04-04T14:12:17Z</time>
   </trkpt>
   <trkpt lat="47.6199980" lon="7.5462640">
    <ele>241.1</ele>
    <time>2026-04-04T14:12:18Z</time>
   </trkpt>
   <trkpt lat="47.6200140" lon="7.5462620">
    <ele>241.1</ele>
    <time>2026-04-04T14:12:19Z</time>
   </trkpt>
   <trkpt lat="47.6200310" lon="7.5462590">
    <ele>241.1</ele>
    <time>2026-04-04T14:12:20Z</time>
   </trkpt>
   <trkpt lat="47.6200440" lon="7.5462680">
    <ele>241.1</ele>
    <time>2026-04-04T14:12:21Z</time>
   </trkpt>
   <trkpt lat="47.6200630" lon="7.5462830">
    <ele>241.1</ele>
    <time>2026-04-04T14:12:22Z</time>
   </trkpt>
   <trkpt lat="47.6200800" lon="7.5462370">
    <ele>241.1</ele>
    <time>2026-04-04T14:12:23Z</time>
   </trkpt>
   <trkpt lat="47.6200860" lon="7.5461150">
    <ele>241.2</ele>
    <time>2026-04-04T14:12:24Z</time>
   </trkpt>
   <trkpt lat="47.6201020" lon="7.5460600">
    <ele>241.3</ele>
    <time>2026-04-04T14:12:25Z</time>
   </trkpt>
   <trkpt lat="47.6201210" lon="7.5460230">
    <ele>241.3</ele>
    <time>2026-04-04T14:12:26Z</time>
   </trkpt>
   <trkpt lat="47.6202140" lon="7.5460250">
    <ele>241.2</ele>
    <time>2026-04-04T14:12:27Z</time>
   </trkpt>
   <trkpt lat="47.6202380" lon="7.5460060">
    <ele>241.2</ele>
    <time>2026-04-04T14:12:28Z</time>
   </trkpt>
   <trkpt lat="47.6202770" lon="7.5459830">
    <ele>241.1</ele>
    <time>2026-04-04T14:12:29Z</time>
   </trkpt>
   <trkpt lat="47.6202910" lon="7.5459780">
    <ele>241.1</ele>
    <time>2026-04-04T14:12:30Z</time>
   </trkpt>
   <trkpt lat="47.6203230" lon="7.5459610">
    <ele>241.0</ele>
    <time>2026-04-04T14:12:31Z</time>
   </trkpt>
   <trkpt lat="47.6203550" lon="7.5459370">
    <ele>241.0</ele>
    <time>2026-04-04T14:12:32Z</time>
   </trkpt>
   <trkpt lat="47.6203870" lon="7.5459060">
    <ele>240.9</ele>
    <time>2026-04-04T14:12:33Z</time>
   </trkpt>
   <trkpt lat="47.6204190" lon="7.5458740">
    <ele>240.9</ele>
    <time>2026-04-04T14:12:34Z</time>
   </trkpt>
   <trkpt lat="47.6204510" lon="7.5458400">
    <ele>240.9</ele>
    <time>2026-04-04T14:12:35Z</time>
   </trkpt>
   <trkpt lat="47.6204830" lon="7.5458060">
    <ele>240.8</ele>
    <time>2026-04-04T14:12:36Z</time>
   </trkpt>
   <trkpt lat="47.6205150" lon="7.5457740">
    <ele>240.8</ele>
    <time>2026-04-04T14:12:37Z</time>
   </trkpt>
   <trkpt lat="47.6205460" lon="7.5457440">
    <ele>240.8</ele>
    <time>2026-04-04T14:12:38Z</time>
   </trkpt>
   <trkpt lat="47.6205770" lon="7.5457150">
    <ele>240.7</ele>
    <time>2026-04-04T14:12:39Z</time>
   </trkpt>
   <trkpt lat="47.6206080" lon="7.5456850">
    <ele>240.7</ele>
    <time>2026-04-04T14:12:40Z</time>
   </trkpt>
   <trkpt lat="47.6206410" lon="7.5456570">
    <ele>240.7</ele>
    <time>2026-04-04T14:12:41Z</time>
   </trkpt>
   <trkpt lat="47.6206730" lon="7.5456290">
    <ele>240.7</ele>
    <time>2026-04-04T14:12:42Z</time>
   </trkpt>
   <trkpt lat="47.6207060" lon="7.5456010">
    <ele>240.6</ele>
    <time>2026-04-04T14:12:43Z</time>
   </trkpt>
   <trkpt lat="47.6207380" lon="7.5455680">
    <ele>240.6</ele>
    <time>2026-04-04T14:12:44Z</time>
   </trkpt>
   <trkpt lat="47.6207700" lon="7.5455380">
    <ele>240.5</ele>
    <time>2026-04-04T14:12:45Z</time>
   </trkpt>
   <trkpt lat="47.6207990" lon="7.5455030">
    <ele>240.5</ele>
    <time>2026-04-04T14:12:46Z</time>
   </trkpt>
   <trkpt lat="47.6208300" lon="7.5454690">
    <ele>240.5</ele>
    <time>2026-04-04T14:12:47Z</time>
   </trkpt>
   <trkpt lat="47.6208590" lon="7.5454400">
    <ele>240.5</ele>
    <time>2026-04-04T14:12:48Z</time>
   </trkpt>
   <trkpt lat="47.6208900" lon="7.5454120">
    <ele>240.4</ele>
    <time>2026-04-04T14:12:49Z</time>
   </trkpt>
   <trkpt lat="47.6209220" lon="7.5453800">
    <ele>240.4</ele>
    <time>2026-04-04T14:12:50Z</time>
   </trkpt>
   <trkpt lat="47.6209550" lon="7.5453480">
    <ele>240.4</ele>
    <time>2026-04-04T14:12:51Z</time>
   </trkpt>
   <trkpt lat="47.6209880" lon="7.5453170">
    <ele>240.4</ele>
    <time>2026-04-04T14:12:52Z</time>
   </trkpt>
   <trkpt lat="47.6210220" lon="7.5452860">
    <ele>240.3</ele>
    <time>2026-04-04T14:12:53Z</time>
   </trkpt>
   <trkpt lat="47.6210550" lon="7.5452540">
    <ele>240.3</ele>
    <time>2026-04-04T14:12:54Z</time>
   </trkpt>
   <trkpt lat="47.6210880" lon="7.5452240">
    <ele>240.3</ele>
    <time>2026-04-04T14:12:55Z</time>
   </trkpt>
   <trkpt lat="47.6211220" lon="7.5451930">
    <ele>240.3</ele>
    <time>2026-04-04T14:12:56Z</time>
   </trkpt>
   <trkpt lat="47.6211560" lon="7.5451630">
    <ele>240.2</ele>
    <time>2026-04-04T14:12:57Z</time>
   </trkpt>
   <trkpt lat="47.6211890" lon="7.5451340">
    <ele>240.2</ele>
    <time>2026-04-04T14:12:58Z</time>
   </trkpt>
   <trkpt lat="47.6212230" lon="7.5451040">
    <ele>240.2</ele>
    <time>2026-04-04T14:12:59Z</time>
   </trkpt>
   <trkpt lat="47.6212550" lon="7.5450720">
    <ele>240.2</ele>
    <time>2026-04-04T14:13:00Z</time>
   </trkpt>
   <trkpt lat="47.6212860" lon="7.5450410">
    <ele>240.3</ele>
    <time>2026-04-04T14:13:01Z</time>
   </trkpt>
   <trkpt lat="47.6213170" lon="7.5450110">
    <ele>240.3</ele>
    <time>2026-04-04T14:13:02Z</time>
   </trkpt>
   <trkpt lat="47.6213470" lon="7.5449830">
    <ele>240.3</ele>
    <time>2026-04-04T14:13:03Z</time>
   </trkpt>
   <trkpt lat="47.6213770" lon="7.5449570">
    <ele>240.3</ele>
    <time>2026-04-04T14:13:04Z</time>
   </trkpt>
   <trkpt lat="47.6214070" lon="7.5449300">
    <ele>240.3</ele>
    <time>2026-04-04T14:13:05Z</time>
   </trkpt>
   <trkpt lat="47.6214360" lon="7.5449030">
    <ele>240.3</ele>
    <time>2026-04-04T14:13:06Z</time>
   </trkpt>
   <trkpt lat="47.6214650" lon="7.5448770">
    <ele>240.3</ele>
    <time>2026-04-04T14:13:07Z</time>
   </trkpt>
   <trkpt lat="47.6214950" lon="7.5448500">
    <ele>240.3</ele>
    <time>2026-04-04T14:13:08Z</time>
   </trkpt>
   <trkpt lat="47.6215240" lon="7.5448210">
    <ele>240.3</ele>
    <time>2026-04-04T14:13:09Z</time>
   </trkpt>
   <trkpt lat="47.6215530" lon="7.5447920">
    <ele>240.3</ele>
    <time>2026-04-04T14:13:10Z</time>
   </trkpt>
   <trkpt lat="47.6215830" lon="7.5447630">
    <ele>240.3</ele>
    <time>2026-04-04T14:13:11Z</time>
   </trkpt>
   <trkpt lat="47.6216110" lon="7.5447340">
    <ele>240.3</ele>
    <time>2026-04-04T14:13:12Z</time>
   </trkpt>
   <trkpt lat="47.6216390" lon="7.5447040">
    <ele>240.3</ele>
    <time>2026-04-04T14:13:13Z</time>
   </trkpt>
   <trkpt lat="47.6216690" lon="7.5446740">
    <ele>240.3</ele>
    <time>2026-04-04T14:13:14Z</time>
   </trkpt>
   <trkpt lat="47.6216980" lon="7.5446410">
    <ele>240.3</ele>
    <time>2026-04-04T14:13:15Z</time>
   </trkpt>
   <trkpt lat="47.6217280" lon="7.5446120">
    <ele>240.3</ele>
    <time>2026-04-04T14:13:16Z</time>
   </trkpt>
   <trkpt lat="47.6217590" lon="7.5445820">
    <ele>240.3</ele>
    <time>2026-04-04T14:13:17Z</time>
   </trkpt>
   <trkpt lat="47.6217900" lon="7.5445520">
    <ele>240.3</ele>
    <time>2026-04-04T14:13:18Z</time>
   </trkpt>
   <trkpt lat="47.6218210" lon="7.5445210">
    <ele>240.3</ele>
    <time>2026-04-04T14:13:19Z</time>
   </trkpt>
   <trkpt lat="47.6218520" lon="7.5444930">
    <ele>240.3</ele>
    <time>2026-04-04T14:13:20Z</time>
   </trkpt>
   <trkpt lat="47.6218830" lon="7.5444640">
    <ele>240.3</ele>
    <time>2026-04-04T14:13:21Z</time>
   </trkpt>
   <trkpt lat="47.6219130" lon="7.5444360">
    <ele>240.3</ele>
    <time>2026-04-04T14:13:22Z</time>
   </trkpt>
   <trkpt lat="47.6219420" lon="7.5444100">
    <ele>240.3</ele>
    <time>2026-04-04T14:13:23Z</time>
   </trkpt>
   <trkpt lat="47.6219720" lon="7.5443820">
    <ele>240.3</ele>
    <time>2026-04-04T14:13:24Z</time>
   </trkpt>
   <trkpt lat="47.6220010" lon="7.5443530">
    <ele>240.3</ele>
    <time>2026-04-04T14:13:25Z</time>
   </trkpt>
   <trkpt lat="47.6220310" lon="7.5443220">
    <ele>240.3</ele>
    <time>2026-04-04T14:13:26Z</time>
   </trkpt>
   <trkpt lat="47.6220600" lon="7.5442940">
    <ele>240.3</ele>
    <time>2026-04-04T14:13:27Z</time>
   </trkpt>
   <trkpt lat="47.6220900" lon="7.5442640">
    <ele>240.3</ele>
    <time>2026-04-04T14:13:28Z</time>
   </trkpt>
   <trkpt lat="47.6221200" lon="7.5442350">
    <ele>240.3</ele>
    <time>2026-04-04T14:13:29Z</time>
   </trkpt>
   <trkpt lat="47.6221500" lon="7.5442080">
    <ele>240.3</ele>
    <time>2026-04-04T14:13:30Z</time>
   </trkpt>
   <trkpt lat="47.6221800" lon="7.5441750">
    <ele>240.3</ele>
    <time>2026-04-04T14:13:31Z</time>
   </trkpt>
   <trkpt lat="47.6222090" lon="7.5441440">
    <ele>240.3</ele>
    <time>2026-04-04T14:13:32Z</time>
   </trkpt>
   <trkpt lat="47.6222390" lon="7.5441150">
    <ele>240.3</ele>
    <time>2026-04-04T14:13:33Z</time>
   </trkpt>
   <trkpt lat="47.6222680" lon="7.5440860">
    <ele>240.3</ele>
    <time>2026-04-04T14:13:34Z</time>
   </trkpt>
   <trkpt lat="47.6222980" lon="7.5440600">
    <ele>240.3</ele>
    <time>2026-04-04T14:13:35Z</time>
   </trkpt>
   <trkpt lat="47.6223280" lon="7.5440360">
    <ele>240.3</ele>
    <time>2026-04-04T14:13:36Z</time>
   </trkpt>
   <trkpt lat="47.6223570" lon="7.5440120">
    <ele>240.3</ele>
    <time>2026-04-04T14:13:37Z</time>
   </trkpt>
   <trkpt lat="47.6223860" lon="7.5439850">
    <ele>240.3</ele>
    <time>2026-04-04T14:13:38Z</time>
   </trkpt>
   <trkpt lat="47.6224160" lon="7.5439560">
    <ele>240.3</ele>
    <time>2026-04-04T14:13:39Z</time>
   </trkpt>
   <trkpt lat="47.6224470" lon="7.5439300">
    <ele>240.3</ele>
    <time>2026-04-04T14:13:40Z</time>
   </trkpt>
   <trkpt lat="47.6224770" lon="7.5439020">
    <ele>240.3</ele>
    <time>2026-04-04T14:13:41Z</time>
   </trkpt>
   <trkpt lat="47.6225060" lon="7.5438770">
    <ele>240.3</ele>
    <time>2026-04-04T14:13:42Z</time>
   </trkpt>
   <trkpt lat="47.6225370" lon="7.5438500">
    <ele>240.3</ele>
    <time>2026-04-04T14:13:43Z</time>
   </trkpt>
   <trkpt lat="47.6225680" lon="7.5438240">
    <ele>240.3</ele>
    <time>2026-04-04T14:13:44Z</time>
   </trkpt>
   <trkpt lat="47.6225990" lon="7.5437960">
    <ele>240.3</ele>
    <time>2026-04-04T14:13:45Z</time>
   </trkpt>
   <trkpt lat="47.6226300" lon="7.5437680">
    <ele>240.3</ele>
    <time>2026-04-04T14:13:46Z</time>
   </trkpt>
   <trkpt lat="47.6226600" lon="7.5437390">
    <ele>240.3</ele>
    <time>2026-04-04T14:13:47Z</time>
   </trkpt>
   <trkpt lat="47.6226880" lon="7.5437090">
    <ele>240.3</ele>
    <time>2026-04-04T14:13:48Z</time>
   </trkpt>
   <trkpt lat="47.6227160" lon="7.5436810">
    <ele>240.3</ele>
    <time>2026-04-04T14:13:49Z</time>
   </trkpt>
   <trkpt lat="47.6227470" lon="7.5436530">
    <ele>240.3</ele>
    <time>2026-04-04T14:13:50Z</time>
   </trkpt>
   <trkpt lat="47.6227780" lon="7.5436250">
    <ele>240.3</ele>
    <time>2026-04-04T14:13:51Z</time>
   </trkpt>
   <trkpt lat="47.6228050" lon="7.5435970">
    <ele>240.3</ele>
    <time>2026-04-04T14:13:52Z</time>
   </trkpt>
   <trkpt lat="47.6228320" lon="7.5435690">
    <ele>240.3</ele>
    <time>2026-04-04T14:13:53Z</time>
   </trkpt>
   <trkpt lat="47.6228600" lon="7.5435390">
    <ele>240.3</ele>
    <time>2026-04-04T14:13:54Z</time>
   </trkpt>
   <trkpt lat="47.6228860" lon="7.5435080">
    <ele>240.3</ele>
    <time>2026-04-04T14:13:55Z</time>
   </trkpt>
   <trkpt lat="47.6229140" lon="7.5434780">
    <ele>240.3</ele>
    <time>2026-04-04T14:13:56Z</time>
   </trkpt>
   <trkpt lat="47.6229440" lon="7.5434500">
    <ele>240.4</ele>
    <time>2026-04-04T14:13:57Z</time>
   </trkpt>
   <trkpt lat="47.6229730" lon="7.5434230">
    <ele>240.4</ele>
    <time>2026-04-04T14:13:58Z</time>
   </trkpt>
   <trkpt lat="47.6230020" lon="7.5433950">
    <ele>240.4</ele>
    <time>2026-04-04T14:13:59Z</time>
   </trkpt>
   <trkpt lat="47.6230290" lon="7.5433680">
    <ele>240.4</ele>
    <time>2026-04-04T14:14:00Z</time>
   </trkpt>
   <trkpt lat="47.6230580" lon="7.5433390">
    <ele>240.4</ele>
    <time>2026-04-04T14:14:01Z</time>
   </trkpt>
   <trkpt lat="47.6230870" lon="7.5433110">
    <ele>240.4</ele>
    <time>2026-04-04T14:14:02Z</time>
   </trkpt>
   <trkpt lat="47.6231160" lon="7.5432810">
    <ele>240.4</ele>
    <time>2026-04-04T14:14:03Z</time>
   </trkpt>
   <trkpt lat="47.6231440" lon="7.5432530">
    <ele>240.4</ele>
    <time>2026-04-04T14:14:04Z</time>
   </trkpt>
   <trkpt lat="47.6231730" lon="7.5432220">
    <ele>240.4</ele>
    <time>2026-04-04T14:14:05Z</time>
   </trkpt>
   <trkpt lat="47.6232020" lon="7.5431880">
    <ele>240.4</ele>
    <time>2026-04-04T14:14:06Z</time>
   </trkpt>
   <trkpt lat="47.6232310" lon="7.5431570">
    <ele>240.4</ele>
    <time>2026-04-04T14:14:07Z</time>
   </trkpt>
   <trkpt lat="47.6232570" lon="7.5431280">
    <ele>240.4</ele>
    <time>2026-04-04T14:14:08Z</time>
   </trkpt>
   <trkpt lat="47.6232810" lon="7.5431000">
    <ele>240.4</ele>
    <time>2026-04-04T14:14:09Z</time>
   </trkpt>
   <trkpt lat="47.6233070" lon="7.5430750">
    <ele>240.4</ele>
    <time>2026-04-04T14:14:10Z</time>
   </trkpt>
   <trkpt lat="47.6233360" lon="7.5430440">
    <ele>240.4</ele>
    <time>2026-04-04T14:14:11Z</time>
   </trkpt>
   <trkpt lat="47.6233670" lon="7.5430140">
    <ele>240.4</ele>
    <time>2026-04-04T14:14:12Z</time>
   </trkpt>
   <trkpt lat="47.6233970" lon="7.5429830">
    <ele>240.4</ele>
    <time>2026-04-04T14:14:13Z</time>
   </trkpt>
   <trkpt lat="47.6234270" lon="7.5429520">
    <ele>240.4</ele>
    <time>2026-04-04T14:14:14Z</time>
   </trkpt>
   <trkpt lat="47.6234580" lon="7.5429220">
    <ele>240.4</ele>
    <time>2026-04-04T14:14:15Z</time>
   </trkpt>
   <trkpt lat="47.6234870" lon="7.5428950">
    <ele>240.4</ele>
    <time>2026-04-04T14:14:16Z</time>
   </trkpt>
   <trkpt lat="47.6235170" lon="7.5428700">
    <ele>240.4</ele>
    <time>2026-04-04T14:14:17Z</time>
   </trkpt>
   <trkpt lat="47.6235490" lon="7.5428430">
    <ele>240.4</ele>
    <time>2026-04-04T14:14:18Z</time>
   </trkpt>
   <trkpt lat="47.6235790" lon="7.5428160">
    <ele>240.4</ele>
    <time>2026-04-04T14:14:19Z</time>
   </trkpt>
   <trkpt lat="47.6236070" lon="7.5427860">
    <ele>240.4</ele>
    <time>2026-04-04T14:14:20Z</time>
   </trkpt>
   <trkpt lat="47.6236360" lon="7.5427550">
    <ele>240.4</ele>
    <time>2026-04-04T14:14:21Z</time>
   </trkpt>
   <trkpt lat="47.6236650" lon="7.5427280">
    <ele>240.4</ele>
    <time>2026-04-04T14:14:22Z</time>
   </trkpt>
   <trkpt lat="47.6236950" lon="7.5426980">
    <ele>240.4</ele>
    <time>2026-04-04T14:14:23Z</time>
   </trkpt>
   <trkpt lat="47.6237250" lon="7.5426700">
    <ele>240.4</ele>
    <time>2026-04-04T14:14:24Z</time>
   </trkpt>
   <trkpt lat="47.6237540" lon="7.5426430">
    <ele>240.4</ele>
    <time>2026-04-04T14:14:25Z</time>
   </trkpt>
   <trkpt lat="47.6237820" lon="7.5426160">
    <ele>240.4</ele>
    <time>2026-04-04T14:14:26Z</time>
   </trkpt>
   <trkpt lat="47.6238100" lon="7.5425860">
    <ele>240.4</ele>
    <time>2026-04-04T14:14:27Z</time>
   </trkpt>
   <trkpt lat="47.6238380" lon="7.5425570">
    <ele>240.4</ele>
    <time>2026-04-04T14:14:28Z</time>
   </trkpt>
   <trkpt lat="47.6238670" lon="7.5425290">
    <ele>240.5</ele>
    <time>2026-04-04T14:14:29Z</time>
   </trkpt>
   <trkpt lat="47.6238940" lon="7.5425000">
    <ele>240.5</ele>
    <time>2026-04-04T14:14:30Z</time>
   </trkpt>
   <trkpt lat="47.6239210" lon="7.5424740">
    <ele>240.5</ele>
    <time>2026-04-04T14:14:31Z</time>
   </trkpt>
   <trkpt lat="47.6239460" lon="7.5424490">
    <ele>240.5</ele>
    <time>2026-04-04T14:14:32Z</time>
   </trkpt>
   <trkpt lat="47.6239740" lon="7.5424230">
    <ele>240.5</ele>
    <time>2026-04-04T14:14:33Z</time>
   </trkpt>
   <trkpt lat="47.6240030" lon="7.5423960">
    <ele>240.4</ele>
    <time>2026-04-04T14:14:34Z</time>
   </trkpt>
   <trkpt lat="47.6240290" lon="7.5423720">
    <ele>240.4</ele>
    <time>2026-04-04T14:14:35Z</time>
   </trkpt>
   <trkpt lat="47.6240570" lon="7.5423470">
    <ele>240.4</ele>
    <time>2026-04-04T14:14:36Z</time>
   </trkpt>
   <trkpt lat="47.6240890" lon="7.5423220">
    <ele>240.4</ele>
    <time>2026-04-04T14:14:37Z</time>
   </trkpt>
   <trkpt lat="47.6241200" lon="7.5422990">
    <ele>240.4</ele>
    <time>2026-04-04T14:14:38Z</time>
   </trkpt>
   <trkpt lat="47.6241520" lon="7.5422750">
    <ele>240.4</ele>
    <time>2026-04-04T14:14:39Z</time>
   </trkpt>
   <trkpt lat="47.6241820" lon="7.5422490">
    <ele>240.4</ele>
    <time>2026-04-04T14:14:40Z</time>
   </trkpt>
   <trkpt lat="47.6242110" lon="7.5422220">
    <ele>240.4</ele>
    <time>2026-04-04T14:14:41Z</time>
   </trkpt>
   <trkpt lat="47.6242390" lon="7.5421930">
    <ele>240.4</ele>
    <time>2026-04-04T14:14:42Z</time>
   </trkpt>
   <trkpt lat="47.6242670" lon="7.5421620">
    <ele>240.4</ele>
    <time>2026-04-04T14:14:43Z</time>
   </trkpt>
   <trkpt lat="47.6242960" lon="7.5421320">
    <ele>240.5</ele>
    <time>2026-04-04T14:14:44Z</time>
   </trkpt>
   <trkpt lat="47.6243250" lon="7.5421030">
    <ele>240.5</ele>
    <time>2026-04-04T14:14:45Z</time>
   </trkpt>
   <trkpt lat="47.6243550" lon="7.5420760">
    <ele>240.5</ele>
    <time>2026-04-04T14:14:46Z</time>
   </trkpt>
   <trkpt lat="47.6243840" lon="7.5420500">
    <ele>240.5</ele>
    <time>2026-04-04T14:14:47Z</time>
   </trkpt>
   <trkpt lat="47.6244120" lon="7.5420250">
    <ele>240.5</ele>
    <time>2026-04-04T14:14:48Z</time>
   </trkpt>
   <trkpt lat="47.6244390" lon="7.5419990">
    <ele>240.5</ele>
    <time>2026-04-04T14:14:49Z</time>
   </trkpt>
   <trkpt lat="47.6244670" lon="7.5419730">
    <ele>240.5</ele>
    <time>2026-04-04T14:14:50Z</time>
   </trkpt>
   <trkpt lat="47.6244970" lon="7.5419450">
    <ele>240.5</ele>
    <time>2026-04-04T14:14:51Z</time>
   </trkpt>
   <trkpt lat="47.6245260" lon="7.5419160">
    <ele>240.5</ele>
    <time>2026-04-04T14:14:52Z</time>
   </trkpt>
   <trkpt lat="47.6245550" lon="7.5418890">
    <ele>240.5</ele>
    <time>2026-04-04T14:14:53Z</time>
   </trkpt>
   <trkpt lat="47.6245850" lon="7.5418610">
    <ele>240.5</ele>
    <time>2026-04-04T14:14:54Z</time>
   </trkpt>
   <trkpt lat="47.6246140" lon="7.5418340">
    <ele>240.5</ele>
    <time>2026-04-04T14:14:55Z</time>
   </trkpt>
   <trkpt lat="47.6246430" lon="7.5418050">
    <ele>240.5</ele>
    <time>2026-04-04T14:14:56Z</time>
   </trkpt>
   <trkpt lat="47.6246720" lon="7.5417750">
    <ele>240.5</ele>
    <time>2026-04-04T14:14:57Z</time>
   </trkpt>
   <trkpt lat="47.6247020" lon="7.5417460">
    <ele>240.5</ele>
    <time>2026-04-04T14:14:58Z</time>
   </trkpt>
   <trkpt lat="47.6247320" lon="7.5417180">
    <ele>240.5</ele>
    <time>2026-04-04T14:14:59Z</time>
   </trkpt>
   <trkpt lat="47.6247620" lon="7.5416900">
    <ele>240.5</ele>
    <time>2026-04-04T14:15:00Z</time>
   </trkpt>
   <trkpt lat="47.6247910" lon="7.5416640">
    <ele>240.5</ele>
    <time>2026-04-04T14:15:01Z</time>
   </trkpt>
   <trkpt lat="47.6248200" lon="7.5416340">
    <ele>240.5</ele>
    <time>2026-04-04T14:15:02Z</time>
   </trkpt>
   <trkpt lat="47.6248490" lon="7.5416060">
    <ele>240.5</ele>
    <time>2026-04-04T14:15:03Z</time>
   </trkpt>
   <trkpt lat="47.6248780" lon="7.5415780">
    <ele>240.5</ele>
    <time>2026-04-04T14:15:04Z</time>
   </trkpt>
   <trkpt lat="47.6249080" lon="7.5415490">
    <ele>240.5</ele>
    <time>2026-04-04T14:15:05Z</time>
   </trkpt>
   <trkpt lat="47.6249380" lon="7.5415220">
    <ele>240.5</ele>
    <time>2026-04-04T14:15:06Z</time>
   </trkpt>
   <trkpt lat="47.6249680" lon="7.5414960">
    <ele>240.5</ele>
    <time>2026-04-04T14:15:07Z</time>
   </trkpt>
   <trkpt lat="47.6250010" lon="7.5414730">
    <ele>240.5</ele>
    <time>2026-04-04T14:15:08Z</time>
   </trkpt>
   <trkpt lat="47.6250320" lon="7.5414460">
    <ele>240.5</ele>
    <time>2026-04-04T14:15:09Z</time>
   </trkpt>
   <trkpt lat="47.6250620" lon="7.5414190">
    <ele>240.5</ele>
    <time>2026-04-04T14:15:10Z</time>
   </trkpt>
   <trkpt lat="47.6250910" lon="7.5413910">
    <ele>240.5</ele>
    <time>2026-04-04T14:15:11Z</time>
   </trkpt>
   <trkpt lat="47.6251180" lon="7.5413620">
    <ele>240.5</ele>
    <time>2026-04-04T14:15:12Z</time>
   </trkpt>
   <trkpt lat="47.6251460" lon="7.5413330">
    <ele>240.5</ele>
    <time>2026-04-04T14:15:13Z</time>
   </trkpt>
   <trkpt lat="47.6251740" lon="7.5413040">
    <ele>240.5</ele>
    <time>2026-04-04T14:15:14Z</time>
   </trkpt>
   <trkpt lat="47.6252030" lon="7.5412750">
    <ele>240.5</ele>
    <time>2026-04-04T14:15:15Z</time>
   </trkpt>
   <trkpt lat="47.6252320" lon="7.5412490">
    <ele>240.5</ele>
    <time>2026-04-04T14:15:16Z</time>
   </trkpt>
   <trkpt lat="47.6252600" lon="7.5412190">
    <ele>240.5</ele>
    <time>2026-04-04T14:15:17Z</time>
   </trkpt>
   <trkpt lat="47.6252900" lon="7.5411920">
    <ele>240.5</ele>
    <time>2026-04-04T14:15:18Z</time>
   </trkpt>
   <trkpt lat="47.6253190" lon="7.5411680">
    <ele>240.5</ele>
    <time>2026-04-04T14:15:19Z</time>
   </trkpt>
   <trkpt lat="47.6253490" lon="7.5411430">
    <ele>240.5</ele>
    <time>2026-04-04T14:15:20Z</time>
   </trkpt>
   <trkpt lat="47.6253780" lon="7.5411170">
    <ele>240.5</ele>
    <time>2026-04-04T14:15:21Z</time>
   </trkpt>
   <trkpt lat="47.6254060" lon="7.5410910">
    <ele>240.5</ele>
    <time>2026-04-04T14:15:22Z</time>
   </trkpt>
   <trkpt lat="47.6254350" lon="7.5410660">
    <ele>240.5</ele>
    <time>2026-04-04T14:15:23Z</time>
   </trkpt>
   <trkpt lat="47.6254640" lon="7.5410380">
    <ele>240.5</ele>
    <time>2026-04-04T14:15:24Z</time>
   </trkpt>
   <trkpt lat="47.6254950" lon="7.5410090">
    <ele>240.5</ele>
    <time>2026-04-04T14:15:25Z</time>
   </trkpt>
   <trkpt lat="47.6255250" lon="7.5409850">
    <ele>240.5</ele>
    <time>2026-04-04T14:15:26Z</time>
   </trkpt>
   <trkpt lat="47.6255550" lon="7.5409550">
    <ele>240.5</ele>
    <time>2026-04-04T14:15:27Z</time>
   </trkpt>
   <trkpt lat="47.6255850" lon="7.5409260">
    <ele>240.5</ele>
    <time>2026-04-04T14:15:28Z</time>
   </trkpt>
   <trkpt lat="47.6256140" lon="7.5408970">
    <ele>240.5</ele>
    <time>2026-04-04T14:15:29Z</time>
   </trkpt>
   <trkpt lat="47.6256430" lon="7.5408630">
    <ele>240.5</ele>
    <time>2026-04-04T14:15:30Z</time>
   </trkpt>
   <trkpt lat="47.6256710" lon="7.5408290">
    <ele>240.5</ele>
    <time>2026-04-04T14:15:31Z</time>
   </trkpt>
   <trkpt lat="47.6256970" lon="7.5407960">
    <ele>240.6</ele>
    <time>2026-04-04T14:15:32Z</time>
   </trkpt>
   <trkpt lat="47.6257240" lon="7.5407620">
    <ele>240.6</ele>
    <time>2026-04-04T14:15:33Z</time>
   </trkpt>
   <trkpt lat="47.6257510" lon="7.5407290">
    <ele>240.6</ele>
    <time>2026-04-04T14:15:34Z</time>
   </trkpt>
   <trkpt lat="47.6257760" lon="7.5406980">
    <ele>240.6</ele>
    <time>2026-04-04T14:15:35Z</time>
   </trkpt>
   <trkpt lat="47.6258000" lon="7.5406670">
    <ele>240.6</ele>
    <time>2026-04-04T14:15:36Z</time>
   </trkpt>
   <trkpt lat="47.6258280" lon="7.5406350">
    <ele>240.6</ele>
    <time>2026-04-04T14:15:37Z</time>
   </trkpt>
   <trkpt lat="47.6258550" lon="7.5406050">
    <ele>240.6</ele>
    <time>2026-04-04T14:15:38Z</time>
   </trkpt>
   <trkpt lat="47.6258820" lon="7.5405750">
    <ele>240.7</ele>
    <time>2026-04-04T14:15:39Z</time>
   </trkpt>
   <trkpt lat="47.6259090" lon="7.5405450">
    <ele>240.7</ele>
    <time>2026-04-04T14:15:40Z</time>
   </trkpt>
   <trkpt lat="47.6259380" lon="7.5405210">
    <ele>240.7</ele>
    <time>2026-04-04T14:15:41Z</time>
   </trkpt>
   <trkpt lat="47.6259670" lon="7.5405020">
    <ele>240.7</ele>
    <time>2026-04-04T14:15:42Z</time>
   </trkpt>
   <trkpt lat="47.6259970" lon="7.5404790">
    <ele>240.7</ele>
    <time>2026-04-04T14:15:43Z</time>
   </trkpt>
   <trkpt lat="47.6260250" lon="7.5404490">
    <ele>240.7</ele>
    <time>2026-04-04T14:15:44Z</time>
   </trkpt>
   <trkpt lat="47.6260530" lon="7.5404200">
    <ele>240.7</ele>
    <time>2026-04-04T14:15:45Z</time>
   </trkpt>
   <trkpt lat="47.6260820" lon="7.5403890">
    <ele>240.7</ele>
    <time>2026-04-04T14:15:46Z</time>
   </trkpt>
   <trkpt lat="47.6261150" lon="7.5403540">
    <ele>240.8</ele>
    <time>2026-04-04T14:15:47Z</time>
   </trkpt>
   <trkpt lat="47.6261460" lon="7.5403220">
    <ele>240.8</ele>
    <time>2026-04-04T14:15:48Z</time>
   </trkpt>
   <trkpt lat="47.6261730" lon="7.5402940">
    <ele>240.8</ele>
    <time>2026-04-04T14:15:49Z</time>
   </trkpt>
   <trkpt lat="47.6262010" lon="7.5402670">
    <ele>240.8</ele>
    <time>2026-04-04T14:15:50Z</time>
   </trkpt>
   <trkpt lat="47.6262310" lon="7.5402380">
    <ele>240.8</ele>
    <time>2026-04-04T14:15:51Z</time>
   </trkpt>
   <trkpt lat="47.6262600" lon="7.5402060">
    <ele>240.7</ele>
    <time>2026-04-04T14:15:52Z</time>
   </trkpt>
   <trkpt lat="47.6262920" lon="7.5401730">
    <ele>240.7</ele>
    <time>2026-04-04T14:15:53Z</time>
   </trkpt>
   <trkpt lat="47.6263200" lon="7.5401460">
    <ele>240.7</ele>
    <time>2026-04-04T14:15:54Z</time>
   </trkpt>
   <trkpt lat="47.6263510" lon="7.5401240">
    <ele>240.7</ele>
    <time>2026-04-04T14:15:55Z</time>
   </trkpt>
   <trkpt lat="47.6263840" lon="7.5401020">
    <ele>240.7</ele>
    <time>2026-04-04T14:15:56Z</time>
   </trkpt>
   <trkpt lat="47.6264190" lon="7.5400780">
    <ele>240.7</ele>
    <time>2026-04-04T14:15:57Z</time>
   </trkpt>
   <trkpt lat="47.6264520" lon="7.5400530">
    <ele>240.7</ele>
    <time>2026-04-04T14:15:58Z</time>
   </trkpt>
   <trkpt lat="47.6264820" lon="7.5400270">
    <ele>240.7</ele>
    <time>2026-04-04T14:15:59Z</time>
   </trkpt>
   <trkpt lat="47.6265110" lon="7.5400060">
    <ele>240.7</ele>
    <time>2026-04-04T14:16:00Z</time>
   </trkpt>
   <trkpt lat="47.6265380" lon="7.5399790">
    <ele>240.6</ele>
    <time>2026-04-04T14:16:01Z</time>
   </trkpt>
   <trkpt lat="47.6265690" lon="7.5399490">
    <ele>240.6</ele>
    <time>2026-04-04T14:16:02Z</time>
   </trkpt>
   <trkpt lat="47.6266010" lon="7.5399200">
    <ele>240.6</ele>
    <time>2026-04-04T14:16:03Z</time>
   </trkpt>
   <trkpt lat="47.6266310" lon="7.5398950">
    <ele>240.6</ele>
    <time>2026-04-04T14:16:04Z</time>
   </trkpt>
   <trkpt lat="47.6266610" lon="7.5398710">
    <ele>240.6</ele>
    <time>2026-04-04T14:16:05Z</time>
   </trkpt>
   <trkpt lat="47.6266910" lon="7.5398440">
    <ele>240.6</ele>
    <time>2026-04-04T14:16:06Z</time>
   </trkpt>
   <trkpt lat="47.6267170" lon="7.5398170">
    <ele>240.6</ele>
    <time>2026-04-04T14:16:07Z</time>
   </trkpt>
   <trkpt lat="47.6267410" lon="7.5397950">
    <ele>240.6</ele>
    <time>2026-04-04T14:16:08Z</time>
   </trkpt>
   <trkpt lat="47.6267700" lon="7.5397670">
    <ele>240.6</ele>
    <time>2026-04-04T14:16:09Z</time>
   </trkpt>
   <trkpt lat="47.6268010" lon="7.5397330">
    <ele>240.6</ele>
    <time>2026-04-04T14:16:10Z</time>
   </trkpt>
   <trkpt lat="47.6268310" lon="7.5397020">
    <ele>240.6</ele>
    <time>2026-04-04T14:16:11Z</time>
   </trkpt>
   <trkpt lat="47.6268620" lon="7.5396740">
    <ele>240.6</ele>
    <time>2026-04-04T14:16:12Z</time>
   </trkpt>
   <trkpt lat="47.6268880" lon="7.5396460">
    <ele>240.7</ele>
    <time>2026-04-04T14:16:13Z</time>
   </trkpt>
   <trkpt lat="47.6269180" lon="7.5396160">
    <ele>240.7</ele>
    <time>2026-04-04T14:16:14Z</time>
   </trkpt>
   <trkpt lat="47.6269460" lon="7.5395840">
    <ele>240.7</ele>
    <time>2026-04-04T14:16:15Z</time>
   </trkpt>
   <trkpt lat="47.6269730" lon="7.5395560">
    <ele>240.7</ele>
    <time>2026-04-04T14:16:16Z</time>
   </trkpt>
   <trkpt lat="47.6270020" lon="7.5395280">
    <ele>240.7</ele>
    <time>2026-04-04T14:16:17Z</time>
   </trkpt>
   <trkpt lat="47.6270320" lon="7.5394980">
    <ele>240.7</ele>
    <time>2026-04-04T14:16:18Z</time>
   </trkpt>
   <trkpt lat="47.6270590" lon="7.5394730">
    <ele>240.7</ele>
    <time>2026-04-04T14:16:19Z</time>
   </trkpt>
   <trkpt lat="47.6270860" lon="7.5394490">
    <ele>240.7</ele>
    <time>2026-04-04T14:16:20Z</time>
   </trkpt>
   <trkpt lat="47.6271150" lon="7.5394250">
    <ele>240.8</ele>
    <time>2026-04-04T14:16:21Z</time>
   </trkpt>
   <trkpt lat="47.6271460" lon="7.5393940">
    <ele>240.8</ele>
    <time>2026-04-04T14:16:22Z</time>
   </trkpt>
   <trkpt lat="47.6271750" lon="7.5393630">
    <ele>240.8</ele>
    <time>2026-04-04T14:16:23Z</time>
   </trkpt>
   <trkpt lat="47.6272010" lon="7.5393370">
    <ele>240.8</ele>
    <time>2026-04-04T14:16:24Z</time>
   </trkpt>
   <trkpt lat="47.6272300" lon="7.5393130">
    <ele>240.8</ele>
    <time>2026-04-04T14:16:25Z</time>
   </trkpt>
   <trkpt lat="47.6272570" lon="7.5392880">
    <ele>240.8</ele>
    <time>2026-04-04T14:16:26Z</time>
   </trkpt>
   <trkpt lat="47.6272830" lon="7.5392640">
    <ele>240.8</ele>
    <time>2026-04-04T14:16:27Z</time>
   </trkpt>
   <trkpt lat="47.6273120" lon="7.5392400">
    <ele>240.8</ele>
    <time>2026-04-04T14:16:28Z</time>
   </trkpt>
   <trkpt lat="47.6273390" lon="7.5392220">
    <ele>240.8</ele>
    <time>2026-04-04T14:16:29Z</time>
   </trkpt>
   <trkpt lat="47.6273670" lon="7.5392020">
    <ele>240.8</ele>
    <time>2026-04-04T14:16:30Z</time>
   </trkpt>
   <trkpt lat="47.6273950" lon="7.5391780">
    <ele>240.8</ele>
    <time>2026-04-04T14:16:31Z</time>
   </trkpt>
   <trkpt lat="47.6274180" lon="7.5391560">
    <ele>240.8</ele>
    <time>2026-04-04T14:16:32Z</time>
   </trkpt>
   <trkpt lat="47.6274430" lon="7.5391240">
    <ele>240.8</ele>
    <time>2026-04-04T14:16:33Z</time>
   </trkpt>
   <trkpt lat="47.6274720" lon="7.5390830">
    <ele>240.8</ele>
    <time>2026-04-04T14:16:34Z</time>
   </trkpt>
   <trkpt lat="47.6275000" lon="7.5390410">
    <ele>240.8</ele>
    <time>2026-04-04T14:16:35Z</time>
   </trkpt>
   <trkpt lat="47.6275270" lon="7.5389990">
    <ele>240.8</ele>
    <time>2026-04-04T14:16:36Z</time>
   </trkpt>
   <trkpt lat="47.6275530" lon="7.5389620">
    <ele>240.8</ele>
    <time>2026-04-04T14:16:37Z</time>
   </trkpt>
   <trkpt lat="47.6275810" lon="7.5389280">
    <ele>240.8</ele>
    <time>2026-04-04T14:16:38Z</time>
   </trkpt>
   <trkpt lat="47.6276080" lon="7.5388940">
    <ele>240.8</ele>
    <time>2026-04-04T14:16:39Z</time>
   </trkpt>
   <trkpt lat="47.6276340" lon="7.5388590">
    <ele>240.8</ele>
    <time>2026-04-04T14:16:40Z</time>
   </trkpt>
   <trkpt lat="47.6276610" lon="7.5388290">
    <ele>240.8</ele>
    <time>2026-04-04T14:16:41Z</time>
   </trkpt>
   <trkpt lat="47.6276930" lon="7.5387940">
    <ele>240.8</ele>
    <time>2026-04-04T14:16:42Z</time>
   </trkpt>
   <trkpt lat="47.6277260" lon="7.5387600">
    <ele>240.7</ele>
    <time>2026-04-04T14:16:43Z</time>
   </trkpt>
   <trkpt lat="47.6277550" lon="7.5387270">
    <ele>240.7</ele>
    <time>2026-04-04T14:16:44Z</time>
   </trkpt>
   <trkpt lat="47.6277830" lon="7.5386950">
    <ele>240.7</ele>
    <time>2026-04-04T14:16:45Z</time>
   </trkpt>
   <trkpt lat="47.6278100" lon="7.5386670">
    <ele>240.7</ele>
    <time>2026-04-04T14:16:46Z</time>
   </trkpt>
   <trkpt lat="47.6278370" lon="7.5386420">
    <ele>240.7</ele>
    <time>2026-04-04T14:16:47Z</time>
   </trkpt>
   <trkpt lat="47.6278640" lon="7.5386190">
    <ele>240.7</ele>
    <time>2026-04-04T14:16:48Z</time>
   </trkpt>
   <trkpt lat="47.6278930" lon="7.5385950">
    <ele>240.7</ele>
    <time>2026-04-04T14:16:49Z</time>
   </trkpt>
   <trkpt lat="47.6279230" lon="7.5385700">
    <ele>240.6</ele>
    <time>2026-04-04T14:16:50Z</time>
   </trkpt>
   <trkpt lat="47.6279520" lon="7.5385470">
    <ele>240.6</ele>
    <time>2026-04-04T14:16:51Z</time>
   </trkpt>
   <trkpt lat="47.6279800" lon="7.5385200">
    <ele>240.6</ele>
    <time>2026-04-04T14:16:52Z</time>
   </trkpt>
   <trkpt lat="47.6280080" lon="7.5384910">
    <ele>240.6</ele>
    <time>2026-04-04T14:16:53Z</time>
   </trkpt>
   <trkpt lat="47.6280360" lon="7.5384620">
    <ele>240.6</ele>
    <time>2026-04-04T14:16:54Z</time>
   </trkpt>
   <trkpt lat="47.6280630" lon="7.5384340">
    <ele>240.6</ele>
    <time>2026-04-04T14:16:55Z</time>
   </trkpt>
   <trkpt lat="47.6280900" lon="7.5384060">
    <ele>240.6</ele>
    <time>2026-04-04T14:16:56Z</time>
   </trkpt>
   <trkpt lat="47.6281170" lon="7.5383780">
    <ele>240.7</ele>
    <time>2026-04-04T14:16:57Z</time>
   </trkpt>
   <trkpt lat="47.6281450" lon="7.5383520">
    <ele>240.7</ele>
    <time>2026-04-04T14:16:58Z</time>
   </trkpt>
   <trkpt lat="47.6281700" lon="7.5383280">
    <ele>240.7</ele>
    <time>2026-04-04T14:16:59Z</time>
   </trkpt>
   <trkpt lat="47.6281980" lon="7.5383020">
    <ele>240.7</ele>
    <time>2026-04-04T14:17:00Z</time>
   </trkpt>
   <trkpt lat="47.6282270" lon="7.5382710">
    <ele>240.7</ele>
    <time>2026-04-04T14:17:01Z</time>
   </trkpt>
   <trkpt lat="47.6282550" lon="7.5382440">
    <ele>240.7</ele>
    <time>2026-04-04T14:17:02Z</time>
   </trkpt>
   <trkpt lat="47.6282820" lon="7.5382170">
    <ele>240.7</ele>
    <time>2026-04-04T14:17:03Z</time>
   </trkpt>
   <trkpt lat="47.6283100" lon="7.5381900">
    <ele>240.7</ele>
    <time>2026-04-04T14:17:04Z</time>
   </trkpt>
   <trkpt lat="47.6283370" lon="7.5381610">
    <ele>240.7</ele>
    <time>2026-04-04T14:17:05Z</time>
   </trkpt>
   <trkpt lat="47.6283650" lon="7.5381280">
    <ele>240.7</ele>
    <time>2026-04-04T14:17:06Z</time>
   </trkpt>
   <trkpt lat="47.6283930" lon="7.5380960">
    <ele>240.7</ele>
    <time>2026-04-04T14:17:07Z</time>
   </trkpt>
   <trkpt lat="47.6284210" lon="7.5380670">
    <ele>240.7</ele>
    <time>2026-04-04T14:17:08Z</time>
   </trkpt>
   <trkpt lat="47.6284500" lon="7.5380360">
    <ele>240.7</ele>
    <time>2026-04-04T14:17:09Z</time>
   </trkpt>
   <trkpt lat="47.6284790" lon="7.5380080">
    <ele>240.7</ele>
    <time>2026-04-04T14:17:10Z</time>
   </trkpt>
   <trkpt lat="47.6285060" lon="7.5379740">
    <ele>240.7</ele>
    <time>2026-04-04T14:17:11Z</time>
   </trkpt>
   <trkpt lat="47.6285350" lon="7.5379430">
    <ele>240.7</ele>
    <time>2026-04-04T14:17:12Z</time>
   </trkpt>
   <trkpt lat="47.6285620" lon="7.5379160">
    <ele>240.6</ele>
    <time>2026-04-04T14:17:13Z</time>
   </trkpt>
   <trkpt lat="47.6285920" lon="7.5378930">
    <ele>240.6</ele>
    <time>2026-04-04T14:17:14Z</time>
   </trkpt>
   <trkpt lat="47.6286210" lon="7.5378690">
    <ele>240.6</ele>
    <time>2026-04-04T14:17:15Z</time>
   </trkpt>
   <trkpt lat="47.6286490" lon="7.5378470">
    <ele>240.6</ele>
    <time>2026-04-04T14:17:16Z</time>
   </trkpt>
   <trkpt lat="47.6286750" lon="7.5378260">
    <ele>240.6</ele>
    <time>2026-04-04T14:17:17Z</time>
   </trkpt>
   <trkpt lat="47.6287010" lon="7.5378070">
    <ele>240.6</ele>
    <time>2026-04-04T14:17:18Z</time>
   </trkpt>
   <trkpt lat="47.6287300" lon="7.5377840">
    <ele>240.6</ele>
    <time>2026-04-04T14:17:19Z</time>
   </trkpt>
   <trkpt lat="47.6287600" lon="7.5377570">
    <ele>240.6</ele>
    <time>2026-04-04T14:17:20Z</time>
   </trkpt>
   <trkpt lat="47.6287890" lon="7.5377300">
    <ele>240.6</ele>
    <time>2026-04-04T14:17:21Z</time>
   </trkpt>
   <trkpt lat="47.6288180" lon="7.5377020">
    <ele>240.6</ele>
    <time>2026-04-04T14:17:22Z</time>
   </trkpt>
   <trkpt lat="47.6288490" lon="7.5376740">
    <ele>240.6</ele>
    <time>2026-04-04T14:17:23Z</time>
   </trkpt>
   <trkpt lat="47.6288780" lon="7.5376500">
    <ele>240.6</ele>
    <time>2026-04-04T14:17:24Z</time>
   </trkpt>
   <trkpt lat="47.6289090" lon="7.5376250">
    <ele>240.6</ele>
    <time>2026-04-04T14:17:25Z</time>
   </trkpt>
   <trkpt lat="47.6289410" lon="7.5376000">
    <ele>240.6</ele>
    <time>2026-04-04T14:17:26Z</time>
   </trkpt>
   <trkpt lat="47.6289720" lon="7.5375740">
    <ele>240.6</ele>
    <time>2026-04-04T14:17:27Z</time>
   </trkpt>
   <trkpt lat="47.6290040" lon="7.5375480">
    <ele>240.6</ele>
    <time>2026-04-04T14:17:28Z</time>
   </trkpt>
   <trkpt lat="47.6290340" lon="7.5375220">
    <ele>240.6</ele>
    <time>2026-04-04T14:17:29Z</time>
   </trkpt>
   <trkpt lat="47.6290590" lon="7.5374970">
    <ele>240.6</ele>
    <time>2026-04-04T14:17:30Z</time>
   </trkpt>
   <trkpt lat="47.6290850" lon="7.5374750">
    <ele>240.6</ele>
    <time>2026-04-04T14:17:31Z</time>
   </trkpt>
   <trkpt lat="47.6291140" lon="7.5374550">
    <ele>240.7</ele>
    <time>2026-04-04T14:17:32Z</time>
   </trkpt>
   <trkpt lat="47.6291440" lon="7.5374300">
    <ele>240.7</ele>
    <time>2026-04-04T14:17:33Z</time>
   </trkpt>
   <trkpt lat="47.6291740" lon="7.5374010">
    <ele>240.7</ele>
    <time>2026-04-04T14:17:34Z</time>
   </trkpt>
   <trkpt lat="47.6292020" lon="7.5373730">
    <ele>240.7</ele>
    <time>2026-04-04T14:17:35Z</time>
   </trkpt>
   <trkpt lat="47.6292310" lon="7.5373450">
    <ele>240.7</ele>
    <time>2026-04-04T14:17:36Z</time>
   </trkpt>
   <trkpt lat="47.6292580" lon="7.5373160">
    <ele>240.7</ele>
    <time>2026-04-04T14:17:37Z</time>
   </trkpt>
   <trkpt lat="47.6292850" lon="7.5372840">
    <ele>240.7</ele>
    <time>2026-04-04T14:17:38Z</time>
   </trkpt>
   <trkpt lat="47.6293110" lon="7.5372540">
    <ele>240.7</ele>
    <time>2026-04-04T14:17:39Z</time>
   </trkpt>
   <trkpt lat="47.6293370" lon="7.5372220">
    <ele>240.7</ele>
    <time>2026-04-04T14:17:40Z</time>
   </trkpt>
   <trkpt lat="47.6293640" lon="7.5371950">
    <ele>240.7</ele>
    <time>2026-04-04T14:17:41Z</time>
   </trkpt>
   <trkpt lat="47.6293910" lon="7.5371690">
    <ele>240.7</ele>
    <time>2026-04-04T14:17:42Z</time>
   </trkpt>
   <trkpt lat="47.6294170" lon="7.5371470">
    <ele>240.7</ele>
    <time>2026-04-04T14:17:43Z</time>
   </trkpt>
   <trkpt lat="47.6294440" lon="7.5371240">
    <ele>240.7</ele>
    <time>2026-04-04T14:17:44Z</time>
   </trkpt>
   <trkpt lat="47.6294740" lon="7.5370970">
    <ele>240.7</ele>
    <time>2026-04-04T14:17:45Z</time>
   </trkpt>
   <trkpt lat="47.6295050" lon="7.5370720">
    <ele>240.7</ele>
    <time>2026-04-04T14:17:46Z</time>
   </trkpt>
   <trkpt lat="47.6295370" lon="7.5370480">
    <ele>240.7</ele>
    <time>2026-04-04T14:17:47Z</time>
   </trkpt>
   <trkpt lat="47.6295650" lon="7.5370190">
    <ele>240.7</ele>
    <time>2026-04-04T14:17:48Z</time>
   </trkpt>
   <trkpt lat="47.6295970" lon="7.5369870">
    <ele>240.7</ele>
    <time>2026-04-04T14:17:49Z</time>
   </trkpt>
   <trkpt lat="47.6296300" lon="7.5369570">
    <ele>240.7</ele>
    <time>2026-04-04T14:17:50Z</time>
   </trkpt>
   <trkpt lat="47.6296570" lon="7.5369300">
    <ele>240.7</ele>
    <time>2026-04-04T14:17:51Z</time>
   </trkpt>
   <trkpt lat="47.6296820" lon="7.5369070">
    <ele>240.7</ele>
    <time>2026-04-04T14:17:52Z</time>
   </trkpt>
   <trkpt lat="47.6297100" lon="7.5368800">
    <ele>240.7</ele>
    <time>2026-04-04T14:17:53Z</time>
   </trkpt>
   <trkpt lat="47.6297420" lon="7.5368500">
    <ele>240.6</ele>
    <time>2026-04-04T14:17:54Z</time>
   </trkpt>
   <trkpt lat="47.6297710" lon="7.5368230">
    <ele>240.6</ele>
    <time>2026-04-04T14:17:55Z</time>
   </trkpt>
   <trkpt lat="47.6298010" lon="7.5367970">
    <ele>240.6</ele>
    <time>2026-04-04T14:17:56Z</time>
   </trkpt>
   <trkpt lat="47.6298290" lon="7.5367740">
    <ele>240.6</ele>
    <time>2026-04-04T14:17:57Z</time>
   </trkpt>
   <trkpt lat="47.6298580" lon="7.5367500">
    <ele>240.6</ele>
    <time>2026-04-04T14:17:58Z</time>
   </trkpt>
   <trkpt lat="47.6298880" lon="7.5367220">
    <ele>240.6</ele>
    <time>2026-04-04T14:17:59Z</time>
   </trkpt>
   <trkpt lat="47.6299180" lon="7.5366940">
    <ele>240.6</ele>
    <time>2026-04-04T14:18:00Z</time>
   </trkpt>
   <trkpt lat="47.6299480" lon="7.5366680">
    <ele>240.6</ele>
    <time>2026-04-04T14:18:01Z</time>
   </trkpt>
   <trkpt lat="47.6299780" lon="7.5366410">
    <ele>240.6</ele>
    <time>2026-04-04T14:18:02Z</time>
   </trkpt>
   <trkpt lat="47.6300070" lon="7.5366110">
    <ele>240.6</ele>
    <time>2026-04-04T14:18:03Z</time>
   </trkpt>
   <trkpt lat="47.6300380" lon="7.5365830">
    <ele>240.6</ele>
    <time>2026-04-04T14:18:04Z</time>
   </trkpt>
   <trkpt lat="47.6300680" lon="7.5365550">
    <ele>240.6</ele>
    <time>2026-04-04T14:18:05Z</time>
   </trkpt>
   <trkpt lat="47.6300980" lon="7.5365200">
    <ele>240.6</ele>
    <time>2026-04-04T14:18:06Z</time>
   </trkpt>
   <trkpt lat="47.6301270" lon="7.5364850">
    <ele>240.6</ele>
    <time>2026-04-04T14:18:07Z</time>
   </trkpt>
   <trkpt lat="47.6301570" lon="7.5364540">
    <ele>240.6</ele>
    <time>2026-04-04T14:18:08Z</time>
   </trkpt>
   <trkpt lat="47.6301850" lon="7.5364230">
    <ele>240.6</ele>
    <time>2026-04-04T14:18:09Z</time>
   </trkpt>
   <trkpt lat="47.6302110" lon="7.5363930">
    <ele>240.6</ele>
    <time>2026-04-04T14:18:10Z</time>
   </trkpt>
   <trkpt lat="47.6302390" lon="7.5363640">
    <ele>240.6</ele>
    <time>2026-04-04T14:18:11Z</time>
   </trkpt>
   <trkpt lat="47.6302690" lon="7.5363320">
    <ele>240.6</ele>
    <time>2026-04-04T14:18:12Z</time>
   </trkpt>
   <trkpt lat="47.6302980" lon="7.5363000">
    <ele>240.6</ele>
    <time>2026-04-04T14:18:13Z</time>
   </trkpt>
   <trkpt lat="47.6303270" lon="7.5362680">
    <ele>240.6</ele>
    <time>2026-04-04T14:18:14Z</time>
   </trkpt>
   <trkpt lat="47.6303530" lon="7.5362320">
    <ele>240.6</ele>
    <time>2026-04-04T14:18:15Z</time>
   </trkpt>
   <trkpt lat="47.6303810" lon="7.5361960">
    <ele>240.6</ele>
    <time>2026-04-04T14:18:16Z</time>
   </trkpt>
   <trkpt lat="47.6304120" lon="7.5361580">
    <ele>240.6</ele>
    <time>2026-04-04T14:18:17Z</time>
   </trkpt>
   <trkpt lat="47.6304420" lon="7.5361250">
    <ele>240.6</ele>
    <time>2026-04-04T14:18:18Z</time>
   </trkpt>
   <trkpt lat="47.6304690" lon="7.5360950">
    <ele>240.7</ele>
    <time>2026-04-04T14:18:19Z</time>
   </trkpt>
   <trkpt lat="47.6304960" lon="7.5360650">
    <ele>240.7</ele>
    <time>2026-04-04T14:18:20Z</time>
   </trkpt>
   <trkpt lat="47.6305250" lon="7.5360370">
    <ele>240.7</ele>
    <time>2026-04-04T14:18:21Z</time>
   </trkpt>
   <trkpt lat="47.6305540" lon="7.5360080">
    <ele>240.7</ele>
    <time>2026-04-04T14:18:22Z</time>
   </trkpt>
   <trkpt lat="47.6305840" lon="7.5359790">
    <ele>240.7</ele>
    <time>2026-04-04T14:18:23Z</time>
   </trkpt>
   <trkpt lat="47.6306150" lon="7.5359520">
    <ele>240.7</ele>
    <time>2026-04-04T14:18:24Z</time>
   </trkpt>
   <trkpt lat="47.6306460" lon="7.5359250">
    <ele>240.6</ele>
    <time>2026-04-04T14:18:25Z</time>
   </trkpt>
   <trkpt lat="47.6306770" lon="7.5358980">
    <ele>240.6</ele>
    <time>2026-04-04T14:18:26Z</time>
   </trkpt>
   <trkpt lat="47.6307060" lon="7.5358750">
    <ele>240.6</ele>
    <time>2026-04-04T14:18:27Z</time>
   </trkpt>
   <trkpt lat="47.6307390" lon="7.5358470">
    <ele>240.7</ele>
    <time>2026-04-04T14:18:28Z</time>
   </trkpt>
   <trkpt lat="47.6307710" lon="7.5358180">
    <ele>240.7</ele>
    <time>2026-04-04T14:18:29Z</time>
   </trkpt>
   <trkpt lat="47.6307990" lon="7.5357940">
    <ele>240.7</ele>
    <time>2026-04-04T14:18:30Z</time>
   </trkpt>
   <trkpt lat="47.6308270" lon="7.5357680">
    <ele>240.7</ele>
    <time>2026-04-04T14:18:31Z</time>
   </trkpt>
   <trkpt lat="47.6308550" lon="7.5357400">
    <ele>240.7</ele>
    <time>2026-04-04T14:18:32Z</time>
   </trkpt>
   <trkpt lat="47.6308850" lon="7.5357090">
    <ele>240.7</ele>
    <time>2026-04-04T14:18:33Z</time>
   </trkpt>
   <trkpt lat="47.6309130" lon="7.5356800">
    <ele>240.7</ele>
    <time>2026-04-04T14:18:34Z</time>
   </trkpt>
   <trkpt lat="47.6309370" lon="7.5356490">
    <ele>240.7</ele>
    <time>2026-04-04T14:18:35Z</time>
   </trkpt>
   <trkpt lat="47.6309620" lon="7.5356220">
    <ele>240.7</ele>
    <time>2026-04-04T14:18:36Z</time>
   </trkpt>
   <trkpt lat="47.6309890" lon="7.5355940">
    <ele>240.7</ele>
    <time>2026-04-04T14:18:37Z</time>
   </trkpt>
   <trkpt lat="47.6310140" lon="7.5355660">
    <ele>240.7</ele>
    <time>2026-04-04T14:18:38Z</time>
   </trkpt>
   <trkpt lat="47.6310400" lon="7.5355380">
    <ele>240.7</ele>
    <time>2026-04-04T14:18:39Z</time>
   </trkpt>
   <trkpt lat="47.6310760" lon="7.5355050">
    <ele>240.7</ele>
    <time>2026-04-04T14:18:40Z</time>
   </trkpt>
   <trkpt lat="47.6310880" lon="7.5354940">
    <ele>240.7</ele>
    <time>2026-04-04T14:18:41Z</time>
   </trkpt>
   <trkpt lat="47.6311180" lon="7.5354700">
    <ele>240.6</ele>
    <time>2026-04-04T14:18:42Z</time>
   </trkpt>
   <trkpt lat="47.6311470" lon="7.5354410">
    <ele>240.6</ele>
    <time>2026-04-04T14:18:43Z</time>
   </trkpt>
   <trkpt lat="47.6311740" lon="7.5354130">
    <ele>240.6</ele>
    <time>2026-04-04T14:18:44Z</time>
   </trkpt>
   <trkpt lat="47.6312020" lon="7.5353850">
    <ele>240.6</ele>
    <time>2026-04-04T14:18:45Z</time>
   </trkpt>
   <trkpt lat="47.6312290" lon="7.5353550">
    <ele>240.6</ele>
    <time>2026-04-04T14:18:46Z</time>
   </trkpt>
   <trkpt lat="47.6312570" lon="7.5353250">
    <ele>240.5</ele>
    <time>2026-04-04T14:18:47Z</time>
   </trkpt>
   <trkpt lat="47.6312880" lon="7.5352930">
    <ele>240.5</ele>
    <time>2026-04-04T14:18:48Z</time>
   </trkpt>
   <trkpt lat="47.6313170" lon="7.5352650">
    <ele>240.5</ele>
    <time>2026-04-04T14:18:49Z</time>
   </trkpt>
   <trkpt lat="47.6313450" lon="7.5352360">
    <ele>240.5</ele>
    <time>2026-04-04T14:18:50Z</time>
   </trkpt>
   <trkpt lat="47.6313740" lon="7.5352070">
    <ele>240.5</ele>
    <time>2026-04-04T14:18:51Z</time>
   </trkpt>
   <trkpt lat="47.6314030" lon="7.5351760">
    <ele>240.5</ele>
    <time>2026-04-04T14:18:52Z</time>
   </trkpt>
   <trkpt lat="47.6314310" lon="7.5351440">
    <ele>240.5</ele>
    <time>2026-04-04T14:18:53Z</time>
   </trkpt>
   <trkpt lat="47.6314630" lon="7.5351100">
    <ele>240.5</ele>
    <time>2026-04-04T14:18:54Z</time>
   </trkpt>
   <trkpt lat="47.6314940" lon="7.5350780">
    <ele>240.5</ele>
    <time>2026-04-04T14:18:55Z</time>
   </trkpt>
   <trkpt lat="47.6315270" lon="7.5350470">
    <ele>240.4</ele>
    <time>2026-04-04T14:18:56Z</time>
   </trkpt>
   <trkpt lat="47.6315570" lon="7.5350190">
    <ele>240.4</ele>
    <time>2026-04-04T14:18:57Z</time>
   </trkpt>
   <trkpt lat="47.6315890" lon="7.5349930">
    <ele>240.4</ele>
    <time>2026-04-04T14:18:58Z</time>
   </trkpt>
   <trkpt lat="47.6316200" lon="7.5349660">
    <ele>240.4</ele>
    <time>2026-04-04T14:18:59Z</time>
   </trkpt>
   <trkpt lat="47.6316530" lon="7.5349370">
    <ele>240.4</ele>
    <time>2026-04-04T14:19:00Z</time>
   </trkpt>
   <trkpt lat="47.6316820" lon="7.5349120">
    <ele>240.4</ele>
    <time>2026-04-04T14:19:01Z</time>
   </trkpt>
   <trkpt lat="47.6317110" lon="7.5348880">
    <ele>240.4</ele>
    <time>2026-04-04T14:19:02Z</time>
   </trkpt>
   <trkpt lat="47.6317410" lon="7.5348620">
    <ele>240.4</ele>
    <time>2026-04-04T14:19:03Z</time>
   </trkpt>
   <trkpt lat="47.6317730" lon="7.5348260">
    <ele>240.4</ele>
    <time>2026-04-04T14:19:04Z</time>
   </trkpt>
   <trkpt lat="47.6318050" lon="7.5347920">
    <ele>240.4</ele>
    <time>2026-04-04T14:19:05Z</time>
   </trkpt>
   <trkpt lat="47.6318350" lon="7.5347630">
    <ele>240.4</ele>
    <time>2026-04-04T14:19:06Z</time>
   </trkpt>
   <trkpt lat="47.6318640" lon="7.5347340">
    <ele>240.4</ele>
    <time>2026-04-04T14:19:07Z</time>
   </trkpt>
   <trkpt lat="47.6318910" lon="7.5347030">
    <ele>240.4</ele>
    <time>2026-04-04T14:19:08Z</time>
   </trkpt>
   <trkpt lat="47.6319170" lon="7.5346730">
    <ele>240.4</ele>
    <time>2026-04-04T14:19:09Z</time>
   </trkpt>
   <trkpt lat="47.6319420" lon="7.5346400">
    <ele>240.4</ele>
    <time>2026-04-04T14:19:10Z</time>
   </trkpt>
   <trkpt lat="47.6319650" lon="7.5346060">
    <ele>240.4</ele>
    <time>2026-04-04T14:19:11Z</time>
   </trkpt>
   <trkpt lat="47.6319930" lon="7.5345710">
    <ele>240.4</ele>
    <time>2026-04-04T14:19:12Z</time>
   </trkpt>
   <trkpt lat="47.6320210" lon="7.5345420">
    <ele>240.4</ele>
    <time>2026-04-04T14:19:13Z</time>
   </trkpt>
   <trkpt lat="47.6320500" lon="7.5345120">
    <ele>240.4</ele>
    <time>2026-04-04T14:19:14Z</time>
   </trkpt>
   <trkpt lat="47.6320780" lon="7.5344820">
    <ele>240.4</ele>
    <time>2026-04-04T14:19:15Z</time>
   </trkpt>
   <trkpt lat="47.6321050" lon="7.5344530">
    <ele>240.4</ele>
    <time>2026-04-04T14:19:16Z</time>
   </trkpt>
   <trkpt lat="47.6321300" lon="7.5344250">
    <ele>240.4</ele>
    <time>2026-04-04T14:19:17Z</time>
   </trkpt>
   <trkpt lat="47.6321540" lon="7.5343960">
    <ele>240.3</ele>
    <time>2026-04-04T14:19:18Z</time>
   </trkpt>
   <trkpt lat="47.6321800" lon="7.5343610">
    <ele>240.3</ele>
    <time>2026-04-04T14:19:19Z</time>
   </trkpt>
   <trkpt lat="47.6322090" lon="7.5343240">
    <ele>240.3</ele>
    <time>2026-04-04T14:19:20Z</time>
   </trkpt>
   <trkpt lat="47.6322390" lon="7.5342890">
    <ele>240.3</ele>
    <time>2026-04-04T14:19:21Z</time>
   </trkpt>
   <trkpt lat="47.6322670" lon="7.5342570">
    <ele>240.3</ele>
    <time>2026-04-04T14:19:22Z</time>
   </trkpt>
   <trkpt lat="47.6322930" lon="7.5342260">
    <ele>240.3</ele>
    <time>2026-04-04T14:19:23Z</time>
   </trkpt>
   <trkpt lat="47.6323210" lon="7.5341960">
    <ele>240.3</ele>
    <time>2026-04-04T14:19:24Z</time>
   </trkpt>
   <trkpt lat="47.6323480" lon="7.5341690">
    <ele>240.3</ele>
    <time>2026-04-04T14:19:25Z</time>
   </trkpt>
   <trkpt lat="47.6323760" lon="7.5341400">
    <ele>240.3</ele>
    <time>2026-04-04T14:19:26Z</time>
   </trkpt>
   <trkpt lat="47.6324040" lon="7.5341150">
    <ele>240.3</ele>
    <time>2026-04-04T14:19:27Z</time>
   </trkpt>
   <trkpt lat="47.6324310" lon="7.5340930">
    <ele>240.3</ele>
    <time>2026-04-04T14:19:28Z</time>
   </trkpt>
   <trkpt lat="47.6324540" lon="7.5340710">
    <ele>240.3</ele>
    <time>2026-04-04T14:19:29Z</time>
   </trkpt>
   <trkpt lat="47.6324800" lon="7.5340440">
    <ele>240.3</ele>
    <time>2026-04-04T14:19:30Z</time>
   </trkpt>
   <trkpt lat="47.6325070" lon="7.5340170">
    <ele>240.3</ele>
    <time>2026-04-04T14:19:31Z</time>
   </trkpt>
   <trkpt lat="47.6325340" lon="7.5339890">
    <ele>240.3</ele>
    <time>2026-04-04T14:19:32Z</time>
   </trkpt>
   <trkpt lat="47.6325630" lon="7.5339620">
    <ele>240.3</ele>
    <time>2026-04-04T14:19:33Z</time>
   </trkpt>
   <trkpt lat="47.6325910" lon="7.5339330">
    <ele>240.3</ele>
    <time>2026-04-04T14:19:34Z</time>
   </trkpt>
   <trkpt lat="47.6326170" lon="7.5339020">
    <ele>240.3</ele>
    <time>2026-04-04T14:19:35Z</time>
   </trkpt>
   <trkpt lat="47.6326460" lon="7.5338720">
    <ele>240.4</ele>
    <time>2026-04-04T14:19:36Z</time>
   </trkpt>
   <trkpt lat="47.6326740" lon="7.5338390">
    <ele>240.4</ele>
    <time>2026-04-04T14:19:37Z</time>
   </trkpt>
   <trkpt lat="47.6327020" lon="7.5338070">
    <ele>240.4</ele>
    <time>2026-04-04T14:19:38Z</time>
   </trkpt>
   <trkpt lat="47.6327300" lon="7.5337770">
    <ele>240.4</ele>
    <time>2026-04-04T14:19:39Z</time>
   </trkpt>
   <trkpt lat="47.6327560" lon="7.5337520">
    <ele>240.4</ele>
    <time>2026-04-04T14:19:40Z</time>
   </trkpt>
   <trkpt lat="47.6327840" lon="7.5337260">
    <ele>240.4</ele>
    <time>2026-04-04T14:19:41Z</time>
   </trkpt>
   <trkpt lat="47.6328130" lon="7.5336990">
    <ele>240.4</ele>
    <time>2026-04-04T14:19:42Z</time>
   </trkpt>
   <trkpt lat="47.6328400" lon="7.5336730">
    <ele>240.4</ele>
    <time>2026-04-04T14:19:43Z</time>
   </trkpt>
   <trkpt lat="47.6328700" lon="7.5336460">
    <ele>240.4</ele>
    <time>2026-04-04T14:19:44Z</time>
   </trkpt>
   <trkpt lat="47.6329020" lon="7.5336210">
    <ele>240.4</ele>
    <time>2026-04-04T14:19:45Z</time>
   </trkpt>
   <trkpt lat="47.6329310" lon="7.5335970">
    <ele>240.4</ele>
    <time>2026-04-04T14:19:46Z</time>
   </trkpt>
   <trkpt lat="47.6329560" lon="7.5335730">
    <ele>240.4</ele>
    <time>2026-04-04T14:19:47Z</time>
   </trkpt>
   <trkpt lat="47.6329820" lon="7.5335490">
    <ele>240.4</ele>
    <time>2026-04-04T14:19:48Z</time>
   </trkpt>
   <trkpt lat="47.6330060" lon="7.5335300">
    <ele>240.4</ele>
    <time>2026-04-04T14:19:49Z</time>
   </trkpt>
   <trkpt lat="47.6330320" lon="7.5335030">
    <ele>240.4</ele>
    <time>2026-04-04T14:19:50Z</time>
   </trkpt>
   <trkpt lat="47.6330580" lon="7.5334770">
    <ele>240.4</ele>
    <time>2026-04-04T14:19:51Z</time>
   </trkpt>
   <trkpt lat="47.6330880" lon="7.5334480">
    <ele>240.4</ele>
    <time>2026-04-04T14:19:52Z</time>
   </trkpt>
   <trkpt lat="47.6331170" lon="7.5334210">
    <ele>240.4</ele>
    <time>2026-04-04T14:19:53Z</time>
   </trkpt>
   <trkpt lat="47.6331460" lon="7.5333940">
    <ele>240.4</ele>
    <time>2026-04-04T14:19:54Z</time>
   </trkpt>
   <trkpt lat="47.6331730" lon="7.5333630">
    <ele>240.4</ele>
    <time>2026-04-04T14:19:55Z</time>
   </trkpt>
   <trkpt lat="47.6332030" lon="7.5333300">
    <ele>240.4</ele>
    <time>2026-04-04T14:19:56Z</time>
   </trkpt>
   <trkpt lat="47.6332330" lon="7.5333010">
    <ele>240.4</ele>
    <time>2026-04-04T14:19:57Z</time>
   </trkpt>
   <trkpt lat="47.6332640" lon="7.5332740">
    <ele>240.4</ele>
    <time>2026-04-04T14:19:58Z</time>
   </trkpt>
   <trkpt lat="47.6332940" lon="7.5332470">
    <ele>240.4</ele>
    <time>2026-04-04T14:19:59Z</time>
   </trkpt>
   <trkpt lat="47.6333250" lon="7.5332220">
    <ele>240.4</ele>
    <time>2026-04-04T14:20:00Z</time>
   </trkpt>
   <trkpt lat="47.6333510" lon="7.5331940">
    <ele>240.4</ele>
    <time>2026-04-04T14:20:01Z</time>
   </trkpt>
   <trkpt lat="47.6333790" lon="7.5331650">
    <ele>240.4</ele>
    <time>2026-04-04T14:20:02Z</time>
   </trkpt>
   <trkpt lat="47.6334060" lon="7.5331340">
    <ele>240.4</ele>
    <time>2026-04-04T14:20:03Z</time>
   </trkpt>
   <trkpt lat="47.6334310" lon="7.5331070">
    <ele>240.4</ele>
    <time>2026-04-04T14:20:04Z</time>
   </trkpt>
   <trkpt lat="47.6334570" lon="7.5330830">
    <ele>240.4</ele>
    <time>2026-04-04T14:20:05Z</time>
   </trkpt>
   <trkpt lat="47.6334840" lon="7.5330610">
    <ele>240.4</ele>
    <time>2026-04-04T14:20:06Z</time>
   </trkpt>
   <trkpt lat="47.6335120" lon="7.5330350">
    <ele>240.4</ele>
    <time>2026-04-04T14:20:07Z</time>
   </trkpt>
   <trkpt lat="47.6335410" lon="7.5330110">
    <ele>240.3</ele>
    <time>2026-04-04T14:20:08Z</time>
   </trkpt>
   <trkpt lat="47.6335730" lon="7.5329870">
    <ele>240.3</ele>
    <time>2026-04-04T14:20:09Z</time>
   </trkpt>
   <trkpt lat="47.6336040" lon="7.5329630">
    <ele>240.3</ele>
    <time>2026-04-04T14:20:10Z</time>
   </trkpt>
   <trkpt lat="47.6336350" lon="7.5329360">
    <ele>240.3</ele>
    <time>2026-04-04T14:20:11Z</time>
   </trkpt>
   <trkpt lat="47.6336630" lon="7.5329090">
    <ele>240.3</ele>
    <time>2026-04-04T14:20:12Z</time>
   </trkpt>
   <trkpt lat="47.6336930" lon="7.5328790">
    <ele>240.3</ele>
    <time>2026-04-04T14:20:13Z</time>
   </trkpt>
   <trkpt lat="47.6337220" lon="7.5328500">
    <ele>240.3</ele>
    <time>2026-04-04T14:20:14Z</time>
   </trkpt>
   <trkpt lat="47.6337500" lon="7.5328220">
    <ele>240.3</ele>
    <time>2026-04-04T14:20:15Z</time>
   </trkpt>
   <trkpt lat="47.6337780" lon="7.5327940">
    <ele>240.3</ele>
    <time>2026-04-04T14:20:16Z</time>
   </trkpt>
   <trkpt lat="47.6338070" lon="7.5327670">
    <ele>240.2</ele>
    <time>2026-04-04T14:20:17Z</time>
   </trkpt>
   <trkpt lat="47.6338350" lon="7.5327390">
    <ele>240.2</ele>
    <time>2026-04-04T14:20:18Z</time>
   </trkpt>
   <trkpt lat="47.6338620" lon="7.5327150">
    <ele>240.2</ele>
    <time>2026-04-04T14:20:19Z</time>
   </trkpt>
   <trkpt lat="47.6338910" lon="7.5326900">
    <ele>240.2</ele>
    <time>2026-04-04T14:20:20Z</time>
   </trkpt>
   <trkpt lat="47.6339180" lon="7.5326660">
    <ele>240.2</ele>
    <time>2026-04-04T14:20:21Z</time>
   </trkpt>
   <trkpt lat="47.6339440" lon="7.5326400">
    <ele>240.2</ele>
    <time>2026-04-04T14:20:22Z</time>
   </trkpt>
   <trkpt lat="47.6339700" lon="7.5326140">
    <ele>240.2</ele>
    <time>2026-04-04T14:20:23Z</time>
   </trkpt>
   <trkpt lat="47.6339960" lon="7.5325900">
    <ele>240.2</ele>
    <time>2026-04-04T14:20:24Z</time>
   </trkpt>
   <trkpt lat="47.6340230" lon="7.5325650">
    <ele>240.2</ele>
    <time>2026-04-04T14:20:25Z</time>
   </trkpt>
   <trkpt lat="47.6340500" lon="7.5325400">
    <ele>240.2</ele>
    <time>2026-04-04T14:20:26Z</time>
   </trkpt>
   <trkpt lat="47.6340760" lon="7.5325130">
    <ele>240.2</ele>
    <time>2026-04-04T14:20:27Z</time>
   </trkpt>
   <trkpt lat="47.6341030" lon="7.5324860">
    <ele>240.2</ele>
    <time>2026-04-04T14:20:28Z</time>
   </trkpt>
   <trkpt lat="47.6341290" lon="7.5324610">
    <ele>240.2</ele>
    <time>2026-04-04T14:20:29Z</time>
   </trkpt>
   <trkpt lat="47.6341560" lon="7.5324340">
    <ele>240.2</ele>
    <time>2026-04-04T14:20:30Z</time>
   </trkpt>
   <trkpt lat="47.6341840" lon="7.5324060">
    <ele>240.2</ele>
    <time>2026-04-04T14:20:31Z</time>
   </trkpt>
   <trkpt lat="47.6342100" lon="7.5323810">
    <ele>240.2</ele>
    <time>2026-04-04T14:20:32Z</time>
   </trkpt>
   <trkpt lat="47.6342370" lon="7.5323580">
    <ele>240.2</ele>
    <time>2026-04-04T14:20:33Z</time>
   </trkpt>
   <trkpt lat="47.6342640" lon="7.5323330">
    <ele>240.2</ele>
    <time>2026-04-04T14:20:34Z</time>
   </trkpt>
   <trkpt lat="47.6342920" lon="7.5323050">
    <ele>240.2</ele>
    <time>2026-04-04T14:20:35Z</time>
   </trkpt>
   <trkpt lat="47.6343190" lon="7.5322760">
    <ele>240.2</ele>
    <time>2026-04-04T14:20:36Z</time>
   </trkpt>
   <trkpt lat="47.6343460" lon="7.5322490">
    <ele>240.2</ele>
    <time>2026-04-04T14:20:37Z</time>
   </trkpt>
   <trkpt lat="47.6343740" lon="7.5322200">
    <ele>240.2</ele>
    <time>2026-04-04T14:20:38Z</time>
   </trkpt>
   <trkpt lat="47.6344000" lon="7.5321950">
    <ele>240.2</ele>
    <time>2026-04-04T14:20:39Z</time>
   </trkpt>
   <trkpt lat="47.6344290" lon="7.5321650">
    <ele>240.2</ele>
    <time>2026-04-04T14:20:40Z</time>
   </trkpt>
   <trkpt lat="47.6344570" lon="7.5321400">
    <ele>240.2</ele>
    <time>2026-04-04T14:20:41Z</time>
   </trkpt>
   <trkpt lat="47.6344850" lon="7.5321170">
    <ele>240.2</ele>
    <time>2026-04-04T14:20:42Z</time>
   </trkpt>
   <trkpt lat="47.6345120" lon="7.5320940">
    <ele>240.2</ele>
    <time>2026-04-04T14:20:43Z</time>
   </trkpt>
   <trkpt lat="47.6345400" lon="7.5320690">
    <ele>240.2</ele>
    <time>2026-04-04T14:20:44Z</time>
   </trkpt>
   <trkpt lat="47.6345680" lon="7.5320440">
    <ele>240.2</ele>
    <time>2026-04-04T14:20:45Z</time>
   </trkpt>
   <trkpt lat="47.6345950" lon="7.5320190">
    <ele>240.1</ele>
    <time>2026-04-04T14:20:46Z</time>
   </trkpt>
   <trkpt lat="47.6346240" lon="7.5319880">
    <ele>240.1</ele>
    <time>2026-04-04T14:20:47Z</time>
   </trkpt>
   <trkpt lat="47.6346520" lon="7.5319610">
    <ele>240.1</ele>
    <time>2026-04-04T14:20:48Z</time>
   </trkpt>
   <trkpt lat="47.6346820" lon="7.5319290">
    <ele>240.1</ele>
    <time>2026-04-04T14:20:49Z</time>
   </trkpt>
   <trkpt lat="47.6347110" lon="7.5318960">
    <ele>240.1</ele>
    <time>2026-04-04T14:20:50Z</time>
   </trkpt>
   <trkpt lat="47.6347400" lon="7.5318650">
    <ele>240.1</ele>
    <time>2026-04-04T14:20:51Z</time>
   </trkpt>
   <trkpt lat="47.6347690" lon="7.5318300">
    <ele>240.1</ele>
    <time>2026-04-04T14:20:52Z</time>
   </trkpt>
   <trkpt lat="47.6347980" lon="7.5317970">
    <ele>240.1</ele>
    <time>2026-04-04T14:20:53Z</time>
   </trkpt>
   <trkpt lat="47.6348260" lon="7.5317660">
    <ele>240.1</ele>
    <time>2026-04-04T14:20:54Z</time>
   </trkpt>
   <trkpt lat="47.6348540" lon="7.5317350">
    <ele>240.1</ele>
    <time>2026-04-04T14:20:55Z</time>
   </trkpt>
   <trkpt lat="47.6348820" lon="7.5317030">
    <ele>240.1</ele>
    <time>2026-04-04T14:20:56Z</time>
   </trkpt>
   <trkpt lat="47.6349120" lon="7.5316690">
    <ele>240.1</ele>
    <time>2026-04-04T14:20:57Z</time>
   </trkpt>
   <trkpt lat="47.6349410" lon="7.5316350">
    <ele>240.0</ele>
    <time>2026-04-04T14:20:58Z</time>
   </trkpt>
   <trkpt lat="47.6349700" lon="7.5316030">
    <ele>240.0</ele>
    <time>2026-04-04T14:20:59Z</time>
   </trkpt>
   <trkpt lat="47.6350000" lon="7.5315710">
    <ele>240.0</ele>
    <time>2026-04-04T14:21:00Z</time>
   </trkpt>
   <trkpt lat="47.6350280" lon="7.5315410">
    <ele>240.0</ele>
    <time>2026-04-04T14:21:01Z</time>
   </trkpt>
   <trkpt lat="47.6350570" lon="7.5315100">
    <ele>240.0</ele>
    <time>2026-04-04T14:21:02Z</time>
   </trkpt>
   <trkpt lat="47.6350860" lon="7.5314800">
    <ele>240.0</ele>
    <time>2026-04-04T14:21:03Z</time>
   </trkpt>
   <trkpt lat="47.6351160" lon="7.5314510">
    <ele>240.0</ele>
    <time>2026-04-04T14:21:04Z</time>
   </trkpt>
   <trkpt lat="47.6351460" lon="7.5314220">
    <ele>240.0</ele>
    <time>2026-04-04T14:21:05Z</time>
   </trkpt>
   <trkpt lat="47.6351740" lon="7.5313930">
    <ele>239.9</ele>
    <time>2026-04-04T14:21:06Z</time>
   </trkpt>
   <trkpt lat="47.6352020" lon="7.5313660">
    <ele>239.9</ele>
    <time>2026-04-04T14:21:07Z</time>
   </trkpt>
   <trkpt lat="47.6352310" lon="7.5313400">
    <ele>239.9</ele>
    <time>2026-04-04T14:21:08Z</time>
   </trkpt>
   <trkpt lat="47.6352640" lon="7.5313120">
    <ele>239.9</ele>
    <time>2026-04-04T14:21:09Z</time>
   </trkpt>
   <trkpt lat="47.6352970" lon="7.5312760">
    <ele>239.9</ele>
    <time>2026-04-04T14:21:10Z</time>
   </trkpt>
   <trkpt lat="47.6353300" lon="7.5312380">
    <ele>239.9</ele>
    <time>2026-04-04T14:21:11Z</time>
   </trkpt>
   <trkpt lat="47.6353610" lon="7.5312030">
    <ele>239.8</ele>
    <time>2026-04-04T14:21:12Z</time>
   </trkpt>
   <trkpt lat="47.6353900" lon="7.5311730">
    <ele>239.8</ele>
    <time>2026-04-04T14:21:13Z</time>
   </trkpt>
   <trkpt lat="47.6354200" lon="7.5311430">
    <ele>239.8</ele>
    <time>2026-04-04T14:21:14Z</time>
   </trkpt>
   <trkpt lat="47.6354510" lon="7.5311090">
    <ele>239.8</ele>
    <time>2026-04-04T14:21:15Z</time>
   </trkpt>
   <trkpt lat="47.6354820" lon="7.5310770">
    <ele>239.8</ele>
    <time>2026-04-04T14:21:16Z</time>
   </trkpt>
   <trkpt lat="47.6355110" lon="7.5310460">
    <ele>239.8</ele>
    <time>2026-04-04T14:21:17Z</time>
   </trkpt>
   <trkpt lat="47.6355400" lon="7.5310180">
    <ele>239.8</ele>
    <time>2026-04-04T14:21:18Z</time>
   </trkpt>
   <trkpt lat="47.6355700" lon="7.5309900">
    <ele>239.8</ele>
    <time>2026-04-04T14:21:19Z</time>
   </trkpt>
   <trkpt lat="47.6355990" lon="7.5309640">
    <ele>239.7</ele>
    <time>2026-04-04T14:21:20Z</time>
   </trkpt>
   <trkpt lat="47.6356280" lon="7.5309350">
    <ele>239.7</ele>
    <time>2026-04-04T14:21:21Z</time>
   </trkpt>
   <trkpt lat="47.6356570" lon="7.5309040">
    <ele>239.7</ele>
    <time>2026-04-04T14:21:22Z</time>
   </trkpt>
   <trkpt lat="47.6356840" lon="7.5308810">
    <ele>239.7</ele>
    <time>2026-04-04T14:21:23Z</time>
   </trkpt>
   <trkpt lat="47.6357110" lon="7.5308570">
    <ele>239.7</ele>
    <time>2026-04-04T14:21:24Z</time>
   </trkpt>
   <trkpt lat="47.6357390" lon="7.5308280">
    <ele>239.7</ele>
    <time>2026-04-04T14:21:25Z</time>
   </trkpt>
   <trkpt lat="47.6357670" lon="7.5308020">
    <ele>239.7</ele>
    <time>2026-04-04T14:21:26Z</time>
   </trkpt>
   <trkpt lat="47.6357980" lon="7.5307750">
    <ele>239.6</ele>
    <time>2026-04-04T14:21:27Z</time>
   </trkpt>
   <trkpt lat="47.6358280" lon="7.5307490">
    <ele>239.6</ele>
    <time>2026-04-04T14:21:28Z</time>
   </trkpt>
   <trkpt lat="47.6358560" lon="7.5307180">
    <ele>239.6</ele>
    <time>2026-04-04T14:21:29Z</time>
   </trkpt>
   <trkpt lat="47.6358850" lon="7.5306890">
    <ele>239.6</ele>
    <time>2026-04-04T14:21:30Z</time>
   </trkpt>
   <trkpt lat="47.6359150" lon="7.5306610">
    <ele>239.5</ele>
    <time>2026-04-04T14:21:31Z</time>
   </trkpt>
   <trkpt lat="47.6359460" lon="7.5306310">
    <ele>239.5</ele>
    <time>2026-04-04T14:21:32Z</time>
   </trkpt>
   <trkpt lat="47.6359740" lon="7.5306050">
    <ele>239.5</ele>
    <time>2026-04-04T14:21:33Z</time>
   </trkpt>
   <trkpt lat="47.6360020" lon="7.5305840">
    <ele>239.4</ele>
    <time>2026-04-04T14:21:34Z</time>
   </trkpt>
   <trkpt lat="47.6360320" lon="7.5305570">
    <ele>239.4</ele>
    <time>2026-04-04T14:21:35Z</time>
   </trkpt>
   <trkpt lat="47.6360620" lon="7.5305310">
    <ele>239.4</ele>
    <time>2026-04-04T14:21:36Z</time>
   </trkpt>
   <trkpt lat="47.6360890" lon="7.5305050">
    <ele>239.3</ele>
    <time>2026-04-04T14:21:37Z</time>
   </trkpt>
   <trkpt lat="47.6361170" lon="7.5304820">
    <ele>239.3</ele>
    <time>2026-04-04T14:21:38Z</time>
   </trkpt>
   <trkpt lat="47.6361460" lon="7.5304560">
    <ele>239.2</ele>
    <time>2026-04-04T14:21:39Z</time>
   </trkpt>
   <trkpt lat="47.6361760" lon="7.5304300">
    <ele>239.2</ele>
    <time>2026-04-04T14:21:40Z</time>
   </trkpt>
   <trkpt lat="47.6362040" lon="7.5304040">
    <ele>239.2</ele>
    <time>2026-04-04T14:21:41Z</time>
   </trkpt>
   <trkpt lat="47.6362320" lon="7.5303770">
    <ele>239.1</ele>
    <time>2026-04-04T14:21:42Z</time>
   </trkpt>
   <trkpt lat="47.6362670" lon="7.5303510">
    <ele>239.1</ele>
    <time>2026-04-04T14:21:43Z</time>
   </trkpt>
   <trkpt lat="47.6362980" lon="7.5303250">
    <ele>239.1</ele>
    <time>2026-04-04T14:21:44Z</time>
   </trkpt>
   <trkpt lat="47.6363300" lon="7.5302970">
    <ele>239.1</ele>
    <time>2026-04-04T14:21:45Z</time>
   </trkpt>
   <trkpt lat="47.6363590" lon="7.5302630">
    <ele>239.0</ele>
    <time>2026-04-04T14:21:46Z</time>
   </trkpt>
   <trkpt lat="47.6363850" lon="7.5302330">
    <ele>239.0</ele>
    <time>2026-04-04T14:21:47Z</time>
   </trkpt>
   <trkpt lat="47.6364100" lon="7.5302070">
    <ele>239.0</ele>
    <time>2026-04-04T14:21:48Z</time>
   </trkpt>
   <trkpt lat="47.6364380" lon="7.5301770">
    <ele>239.0</ele>
    <time>2026-04-04T14:21:49Z</time>
   </trkpt>
   <trkpt lat="47.6364450" lon="7.5301680">
    <ele>239.0</ele>
    <time>2026-04-04T14:21:50Z</time>
   </trkpt>
   <trkpt lat="47.6364570" lon="7.5301570">
    <ele>239.0</ele>
    <time>2026-04-04T14:21:51Z</time>
   </trkpt>
   <trkpt lat="47.6364670" lon="7.5301500">
    <ele>239.0</ele>
    <time>2026-04-04T14:21:52Z</time>
   </trkpt>
   <trkpt lat="47.6364730" lon="7.5301460">
    <ele>239.0</ele>
    <time>2026-04-04T14:21:53Z</time>
   </trkpt>
   <trkpt lat="47.6364790" lon="7.5301410">
    <ele>239.0</ele>
    <time>2026-04-04T14:21:54Z</time>
   </trkpt>
   <trkpt lat="47.6364830" lon="7.5301370">
    <ele>239.0</ele>
    <time>2026-04-04T14:21:55Z</time>
   </trkpt>
   <trkpt lat="47.6364880" lon="7.5301320">
    <ele>239.0</ele>
    <time>2026-04-04T14:21:56Z</time>
   </trkpt>
   <trkpt lat="47.6364920" lon="7.5301270">
    <ele>239.0</ele>
    <time>2026-04-04T14:21:57Z</time>
   </trkpt>
   <trkpt lat="47.6364970" lon="7.5301230">
    <ele>239.0</ele>
    <time>2026-04-04T14:21:58Z</time>
   </trkpt>
   <trkpt lat="47.6365020" lon="7.5301180">
    <ele>239.0</ele>
    <time>2026-04-04T14:21:59Z</time>
   </trkpt>
   <trkpt lat="47.6365060" lon="7.5301130">
    <ele>239.0</ele>
    <time>2026-04-04T14:22:00Z</time>
   </trkpt>
   <trkpt lat="47.6365110" lon="7.5301080">
    <ele>239.0</ele>
    <time>2026-04-04T14:22:01Z</time>
   </trkpt>
   <trkpt lat="47.6365160" lon="7.5301040">
    <ele>239.0</ele>
    <time>2026-04-04T14:22:02Z</time>
   </trkpt>
   <trkpt lat="47.6365200" lon="7.5300990">
    <ele>239.0</ele>
    <time>2026-04-04T14:22:03Z</time>
   </trkpt>
   <trkpt lat="47.6365250" lon="7.5300940">
    <ele>239.0</ele>
    <time>2026-04-04T14:22:12Z</time>
   </trkpt>
   <trkpt lat="47.6365290" lon="7.5300900">
    <ele>239.0</ele>
    <time>2026-04-04T14:22:13Z</time>
   </trkpt>
   <trkpt lat="47.6365340" lon="7.5300850">
    <ele>239.0</ele>
    <time>2026-04-04T14:22:14Z</time>
   </trkpt>
   <trkpt lat="47.6365620" lon="7.5300540">
    <ele>238.9</ele>
    <time>2026-04-04T14:22:15Z</time>
   </trkpt>
   <trkpt lat="47.6365720" lon="7.5300420">
    <ele>238.9</ele>
    <time>2026-04-04T14:22:16Z</time>
   </trkpt>
   <trkpt lat="47.6366000" lon="7.5299990">
    <ele>238.9</ele>
    <time>2026-04-04T14:22:17Z</time>
   </trkpt>
   <trkpt lat="47.6366100" lon="7.5299830">
    <ele>238.9</ele>
    <time>2026-04-04T14:22:18Z</time>
   </trkpt>
   <trkpt lat="47.6366320" lon="7.5299490">
    <ele>238.9</ele>
    <time>2026-04-04T14:22:19Z</time>
   </trkpt>
   <trkpt lat="47.6366550" lon="7.5299150">
    <ele>239.0</ele>
    <time>2026-04-04T14:22:20Z</time>
   </trkpt>
   <trkpt lat="47.6366780" lon="7.5298840">
    <ele>239.0</ele>
    <time>2026-04-04T14:22:21Z</time>
   </trkpt>
   <trkpt lat="47.6367050" lon="7.5298590">
    <ele>239.0</ele>
    <time>2026-04-04T14:22:22Z</time>
   </trkpt>
   <trkpt lat="47.6367300" lon="7.5298380">
    <ele>239.0</ele>
    <time>2026-04-04T14:22:23Z</time>
   </trkpt>
   <trkpt lat="47.6367660" lon="7.5298080">
    <ele>239.1</ele>
    <time>2026-04-04T14:22:24Z</time>
   </trkpt>
   <trkpt lat="47.6367790" lon="7.5297980">
    <ele>239.1</ele>
    <time>2026-04-04T14:22:25Z</time>
   </trkpt>
   <trkpt lat="47.6368030" lon="7.5297770">
    <ele>239.1</ele>
    <time>2026-04-04T14:22:26Z</time>
   </trkpt>
   <trkpt lat="47.6368260" lon="7.5297530">
    <ele>239.2</ele>
    <time>2026-04-04T14:22:27Z</time>
   </trkpt>
   <trkpt lat="47.6368560" lon="7.5297200">
    <ele>239.2</ele>
    <time>2026-04-04T14:22:28Z</time>
   </trkpt>
   <trkpt lat="47.6368650" lon="7.5297100">
    <ele>239.2</ele>
    <time>2026-04-04T14:22:29Z</time>
   </trkpt>
   <trkpt lat="47.6368930" lon="7.5296860">
    <ele>239.3</ele>
    <time>2026-04-04T14:22:30Z</time>
   </trkpt>
   <trkpt lat="47.6369000" lon="7.5296800">
    <ele>239.3</ele>
    <time>2026-04-04T14:22:31Z</time>
   </trkpt>
   <trkpt lat="47.6369100" lon="7.5296690">
    <ele>239.3</ele>
    <time>2026-04-04T14:22:32Z</time>
   </trkpt>
   <trkpt lat="47.6369190" lon="7.5296560">
    <ele>239.3</ele>
    <time>2026-04-04T14:22:33Z</time>
   </trkpt>
   <trkpt lat="47.6369230" lon="7.5296390">
    <ele>239.3</ele>
    <time>2026-04-04T14:22:34Z</time>
   </trkpt>
   <trkpt lat="47.6369210" lon="7.5296190">
    <ele>239.3</ele>
    <time>2026-04-04T14:22:35Z</time>
   </trkpt>
   <trkpt lat="47.6369110" lon="7.5295990">
    <ele>239.3</ele>
    <time>2026-04-04T14:22:36Z</time>
   </trkpt>
   <trkpt lat="47.6369000" lon="7.5295780">
    <ele>239.2</ele>
    <time>2026-04-04T14:22:37Z</time>
   </trkpt>
   <trkpt lat="47.6368910" lon="7.5295570">
    <ele>239.2</ele>
    <time>2026-04-04T14:22:38Z</time>
   </trkpt>
   <trkpt lat="47.6368710" lon="7.5295120">
    <ele>239.2</ele>
    <time>2026-04-04T14:22:39Z</time>
   </trkpt>
   <trkpt lat="47.6368630" lon="7.5294960">
    <ele>239.1</ele>
    <time>2026-04-04T14:22:40Z</time>
   </trkpt>
   <trkpt lat="47.6368490" lon="7.5294470">
    <ele>239.1</ele>
    <time>2026-04-04T14:22:41Z</time>
   </trkpt>
   <trkpt lat="47.6368480" lon="7.5294330">
    <ele>239.1</ele>
    <time>2026-04-04T14:22:42Z</time>
   </trkpt>
   <trkpt lat="47.6368560" lon="7.5294040">
    <ele>239.0</ele>
    <time>2026-04-04T14:22:43Z</time>
   </trkpt>
   <trkpt lat="47.6368620" lon="7.5293940">
    <ele>239.0</ele>
    <time>2026-04-04T14:22:44Z</time>
   </trkpt>
   <trkpt lat="47.6368670" lon="7.5293840">
    <ele>238.9</ele>
    <time>2026-04-04T14:22:45Z</time>
   </trkpt>
   <trkpt lat="47.6368930" lon="7.5293530">
    <ele>238.8</ele>
    <time>2026-04-04T14:22:46Z</time>
   </trkpt>
   <trkpt lat="47.6369040" lon="7.5293410">
    <ele>238.7</ele>
    <time>2026-04-04T14:22:47Z</time>
   </trkpt>
   <trkpt lat="47.6369290" lon="7.5293150">
    <ele>238.5</ele>
    <time>2026-04-04T14:22:48Z</time>
   </trkpt>
   <trkpt lat="47.6369550" lon="7.5292900">
    <ele>238.4</ele>
    <time>2026-04-04T14:22:49Z</time>
   </trkpt>
   <trkpt lat="47.6369810" lon="7.5292680">
    <ele>238.3</ele>
    <time>2026-04-04T14:22:50Z</time>
   </trkpt>
   <trkpt lat="47.6370100" lon="7.5292490">
    <ele>238.2</ele>
    <time>2026-04-04T14:22:51Z</time>
   </trkpt>
   <trkpt lat="47.6370400" lon="7.5292280">
    <ele>238.0</ele>
    <time>2026-04-04T14:22:52Z</time>
   </trkpt>
   <trkpt lat="47.6370730" lon="7.5292060">
    <ele>237.9</ele>
    <time>2026-04-04T14:22:53Z</time>
   </trkpt>
   <trkpt lat="47.6371030" lon="7.5291830">
    <ele>237.9</ele>
    <time>2026-04-04T14:22:54Z</time>
   </trkpt>
   <trkpt lat="47.6371310" lon="7.5291590">
    <ele>237.8</ele>
    <time>2026-04-04T14:22:55Z</time>
   </trkpt>
   <trkpt lat="47.6371610" lon="7.5291340">
    <ele>237.7</ele>
    <time>2026-04-04T14:22:56Z</time>
   </trkpt>
   <trkpt lat="47.6371890" lon="7.5291120">
    <ele>237.7</ele>
    <time>2026-04-04T14:22:57Z</time>
   </trkpt>
   <trkpt lat="47.6372170" lon="7.5290880">
    <ele>237.6</ele>
    <time>2026-04-04T14:22:58Z</time>
   </trkpt>
   <trkpt lat="47.6372440" lon="7.5290640">
    <ele>237.6</ele>
    <time>2026-04-04T14:22:59Z</time>
   </trkpt>
   <trkpt lat="47.6372720" lon="7.5290440">
    <ele>237.6</ele>
    <time>2026-04-04T14:23:00Z</time>
   </trkpt>
   <trkpt lat="47.6372990" lon="7.5290260">
    <ele>237.6</ele>
    <time>2026-04-04T14:23:01Z</time>
   </trkpt>
   <trkpt lat="47.6373280" lon="7.5290020">
    <ele>237.5</ele>
    <time>2026-04-04T14:23:02Z</time>
   </trkpt>
   <trkpt lat="47.6373570" lon="7.5289790">
    <ele>237.5</ele>
    <time>2026-04-04T14:23:03Z</time>
   </trkpt>
   <trkpt lat="47.6373870" lon="7.5289580">
    <ele>237.5</ele>
    <time>2026-04-04T14:23:04Z</time>
   </trkpt>
   <trkpt lat="47.6374160" lon="7.5289370">
    <ele>237.5</ele>
    <time>2026-04-04T14:23:05Z</time>
   </trkpt>
   <trkpt lat="47.6374470" lon="7.5289170">
    <ele>237.5</ele>
    <time>2026-04-04T14:23:06Z</time>
   </trkpt>
   <trkpt lat="47.6374790" lon="7.5288950">
    <ele>237.5</ele>
    <time>2026-04-04T14:23:07Z</time>
   </trkpt>
   <trkpt lat="47.6375120" lon="7.5288710">
    <ele>237.5</ele>
    <time>2026-04-04T14:23:08Z</time>
   </trkpt>
   <trkpt lat="47.6375450" lon="7.5288440">
    <ele>237.5</ele>
    <time>2026-04-04T14:23:09Z</time>
   </trkpt>
   <trkpt lat="47.6375780" lon="7.5288180">
    <ele>237.5</ele>
    <time>2026-04-04T14:23:10Z</time>
   </trkpt>
   <trkpt lat="47.6376120" lon="7.5287930">
    <ele>237.5</ele>
    <time>2026-04-04T14:23:11Z</time>
   </trkpt>
   <trkpt lat="47.6376450" lon="7.5287650">
    <ele>237.5</ele>
    <time>2026-04-04T14:23:12Z</time>
   </trkpt>
   <trkpt lat="47.6376780" lon="7.5287380">
    <ele>237.5</ele>
    <time>2026-04-04T14:23:13Z</time>
   </trkpt>
   <trkpt lat="47.6377110" lon="7.5287100">
    <ele>237.5</ele>
    <time>2026-04-04T14:23:14Z</time>
   </trkpt>
   <trkpt lat="47.6377450" lon="7.5286800">
    <ele>237.5</ele>
    <time>2026-04-04T14:23:15Z</time>
   </trkpt>
   <trkpt lat="47.6377760" lon="7.5286520">
    <ele>237.5</ele>
    <time>2026-04-04T14:23:16Z</time>
   </trkpt>
   <trkpt lat="47.6378050" lon="7.5286260">
    <ele>237.5</ele>
    <time>2026-04-04T14:23:17Z</time>
   </trkpt>
   <trkpt lat="47.6378320" lon="7.5286060">
    <ele>237.5</ele>
    <time>2026-04-04T14:23:18Z</time>
   </trkpt>
   <trkpt lat="47.6378630" lon="7.5285870">
    <ele>237.5</ele>
    <time>2026-04-04T14:23:19Z</time>
   </trkpt>
   <trkpt lat="47.6378960" lon="7.5285650">
    <ele>237.5</ele>
    <time>2026-04-04T14:23:20Z</time>
   </trkpt>
   <trkpt lat="47.6379250" lon="7.5285410">
    <ele>237.5</ele>
    <time>2026-04-04T14:23:21Z</time>
   </trkpt>
   <trkpt lat="47.6379520" lon="7.5285170">
    <ele>237.6</ele>
    <time>2026-04-04T14:23:22Z</time>
   </trkpt>
   <trkpt lat="47.6379780" lon="7.5284970">
    <ele>237.6</ele>
    <time>2026-04-04T14:23:23Z</time>
   </trkpt>
   <trkpt lat="47.6380020" lon="7.5284770">
    <ele>237.6</ele>
    <time>2026-04-04T14:23:24Z</time>
   </trkpt>
   <trkpt lat="47.6380270" lon="7.5284570">
    <ele>237.6</ele>
    <time>2026-04-04T14:23:25Z</time>
   </trkpt>
   <trkpt lat="47.6380540" lon="7.5284360">
    <ele>237.6</ele>
    <time>2026-04-04T14:23:26Z</time>
   </trkpt>
   <trkpt lat="47.6380820" lon="7.5284130">
    <ele>237.6</ele>
    <time>2026-04-04T14:23:27Z</time>
   </trkpt>
   <trkpt lat="47.6381090" lon="7.5283920">
    <ele>237.6</ele>
    <time>2026-04-04T14:23:28Z</time>
   </trkpt>
   <trkpt lat="47.6381350" lon="7.5283730">
    <ele>237.6</ele>
    <time>2026-04-04T14:23:29Z</time>
   </trkpt>
   <trkpt lat="47.6381620" lon="7.5283530">
    <ele>237.6</ele>
    <time>2026-04-04T14:23:30Z</time>
   </trkpt>
   <trkpt lat="47.6381890" lon="7.5283340">
    <ele>237.6</ele>
    <time>2026-04-04T14:23:31Z</time>
   </trkpt>
   <trkpt lat="47.6382150" lon="7.5283160">
    <ele>237.5</ele>
    <time>2026-04-04T14:23:32Z</time>
   </trkpt>
   <trkpt lat="47.6382400" lon="7.5282980">
    <ele>237.5</ele>
    <time>2026-04-04T14:23:33Z</time>
   </trkpt>
   <trkpt lat="47.6382700" lon="7.5282750">
    <ele>237.5</ele>
    <time>2026-04-04T14:23:34Z</time>
   </trkpt>
   <trkpt lat="47.6383000" lon="7.5282510">
    <ele>237.5</ele>
    <time>2026-04-04T14:23:35Z</time>
   </trkpt>
   <trkpt lat="47.6383370" lon="7.5282240">
    <ele>237.5</ele>
    <time>2026-04-04T14:23:36Z</time>
   </trkpt>
   <trkpt lat="47.6383760" lon="7.5282030">
    <ele>237.4</ele>
    <time>2026-04-04T14:23:37Z</time>
   </trkpt>
   <trkpt lat="47.6384200" lon="7.5281920">
    <ele>237.4</ele>
    <time>2026-04-04T14:23:38Z</time>
   </trkpt>
   <trkpt lat="47.6384610" lon="7.5281790">
    <ele>237.4</ele>
    <time>2026-04-04T14:23:39Z</time>
   </trkpt>
   <trkpt lat="47.6384940" lon="7.5281600">
    <ele>237.4</ele>
    <time>2026-04-04T14:23:40Z</time>
   </trkpt>
   <trkpt lat="47.6385260" lon="7.5281320">
    <ele>237.4</ele>
    <time>2026-04-04T14:23:41Z</time>
   </trkpt>
   <trkpt lat="47.6385570" lon="7.5280980">
    <ele>237.4</ele>
    <time>2026-04-04T14:23:42Z</time>
   </trkpt>
   <trkpt lat="47.6385830" lon="7.5280640">
    <ele>237.4</ele>
    <time>2026-04-04T14:23:43Z</time>
   </trkpt>
   <trkpt lat="47.6386120" lon="7.5280230">
    <ele>237.4</ele>
    <time>2026-04-04T14:23:44Z</time>
   </trkpt>
   <trkpt lat="47.6386370" lon="7.5279860">
    <ele>237.4</ele>
    <time>2026-04-04T14:23:45Z</time>
   </trkpt>
   <trkpt lat="47.6386600" lon="7.5279520">
    <ele>237.4</ele>
    <time>2026-04-04T14:23:46Z</time>
   </trkpt>
   <trkpt lat="47.6386870" lon="7.5279190">
    <ele>237.4</ele>
    <time>2026-04-04T14:23:47Z</time>
   </trkpt>
   <trkpt lat="47.6387170" lon="7.5278920">
    <ele>237.5</ele>
    <time>2026-04-04T14:23:48Z</time>
   </trkpt>
   <trkpt lat="47.6387490" lon="7.5278700">
    <ele>237.5</ele>
    <time>2026-04-04T14:23:49Z</time>
   </trkpt>
   <trkpt lat="47.6387820" lon="7.5278460">
    <ele>237.5</ele>
    <time>2026-04-04T14:23:50Z</time>
   </trkpt>
   <trkpt lat="47.6388140" lon="7.5278220">
    <ele>237.5</ele>
    <time>2026-04-04T14:23:51Z</time>
   </trkpt>
   <trkpt lat="47.6388460" lon="7.5277980">
    <ele>237.5</ele>
    <time>2026-04-04T14:23:52Z</time>
   </trkpt>
   <trkpt lat="47.6388790" lon="7.5277730">
    <ele>237.5</ele>
    <time>2026-04-04T14:23:53Z</time>
   </trkpt>
   <trkpt lat="47.6389140" lon="7.5277470">
    <ele>237.5</ele>
    <time>2026-04-04T14:23:54Z</time>
   </trkpt>
   <trkpt lat="47.6389500" lon="7.5277190">
    <ele>237.5</ele>
    <time>2026-04-04T14:23:55Z</time>
   </trkpt>
   <trkpt lat="47.6389850" lon="7.5276950">
    <ele>237.6</ele>
    <time>2026-04-04T14:23:56Z</time>
   </trkpt>
   <trkpt lat="47.6390180" lon="7.5276700">
    <ele>237.6</ele>
    <time>2026-04-04T14:23:57Z</time>
   </trkpt>
   <trkpt lat="47.6390520" lon="7.5276450">
    <ele>237.6</ele>
    <time>2026-04-04T14:23:58Z</time>
   </trkpt>
   <trkpt lat="47.6390870" lon="7.5276190">
    <ele>237.6</ele>
    <time>2026-04-04T14:23:59Z</time>
   </trkpt>
   <trkpt lat="47.6391190" lon="7.5275910">
    <ele>237.6</ele>
    <time>2026-04-04T14:24:00Z</time>
   </trkpt>
   <trkpt lat="47.6391480" lon="7.5275650">
    <ele>237.6</ele>
    <time>2026-04-04T14:24:01Z</time>
   </trkpt>
   <trkpt lat="47.6391780" lon="7.5275390">
    <ele>237.6</ele>
    <time>2026-04-04T14:24:02Z</time>
   </trkpt>
   <trkpt lat="47.6392100" lon="7.5275120">
    <ele>237.6</ele>
    <time>2026-04-04T14:24:03Z</time>
   </trkpt>
   <trkpt lat="47.6392420" lon="7.5274860">
    <ele>237.6</ele>
    <time>2026-04-04T14:24:04Z</time>
   </trkpt>
   <trkpt lat="47.6392760" lon="7.5274580">
    <ele>237.6</ele>
    <time>2026-04-04T14:24:05Z</time>
   </trkpt>
   <trkpt lat="47.6393100" lon="7.5274300">
    <ele>237.6</ele>
    <time>2026-04-04T14:24:06Z</time>
   </trkpt>
   <trkpt lat="47.6393450" lon="7.5274020">
    <ele>237.6</ele>
    <time>2026-04-04T14:24:07Z</time>
   </trkpt>
   <trkpt lat="47.6393800" lon="7.5273730">
    <ele>237.5</ele>
    <time>2026-04-04T14:24:08Z</time>
   </trkpt>
   <trkpt lat="47.6394140" lon="7.5273450">
    <ele>237.5</ele>
    <time>2026-04-04T14:24:09Z</time>
   </trkpt>
   <trkpt lat="47.6394460" lon="7.5273200">
    <ele>237.5</ele>
    <time>2026-04-04T14:24:10Z</time>
   </trkpt>
   <trkpt lat="47.6394770" lon="7.5272950">
    <ele>237.5</ele>
    <time>2026-04-04T14:24:11Z</time>
   </trkpt>
   <trkpt lat="47.6395090" lon="7.5272690">
    <ele>237.5</ele>
    <time>2026-04-04T14:24:12Z</time>
   </trkpt>
   <trkpt lat="47.6395410" lon="7.5272400">
    <ele>237.5</ele>
    <time>2026-04-04T14:24:13Z</time>
   </trkpt>
   <trkpt lat="47.6395730" lon="7.5272140">
    <ele>237.5</ele>
    <time>2026-04-04T14:24:14Z</time>
   </trkpt>
   <trkpt lat="47.6396060" lon="7.5271880">
    <ele>237.5</ele>
    <time>2026-04-04T14:24:15Z</time>
   </trkpt>
   <trkpt lat="47.6396390" lon="7.5271580">
    <ele>237.5</ele>
    <time>2026-04-04T14:24:16Z</time>
   </trkpt>
   <trkpt lat="47.6396720" lon="7.5271260">
    <ele>237.5</ele>
    <time>2026-04-04T14:24:17Z</time>
   </trkpt>
   <trkpt lat="47.6397030" lon="7.5270950">
    <ele>237.5</ele>
    <time>2026-04-04T14:24:18Z</time>
   </trkpt>
   <trkpt lat="47.6397310" lon="7.5270700">
    <ele>237.6</ele>
    <time>2026-04-04T14:24:19Z</time>
   </trkpt>
   <trkpt lat="47.6397610" lon="7.5270450">
    <ele>237.6</ele>
    <time>2026-04-04T14:24:20Z</time>
   </trkpt>
   <trkpt lat="47.6397950" lon="7.5270140">
    <ele>237.6</ele>
    <time>2026-04-04T14:24:21Z</time>
   </trkpt>
   <trkpt lat="47.6398260" lon="7.5269890">
    <ele>237.6</ele>
    <time>2026-04-04T14:24:22Z</time>
   </trkpt>
   <trkpt lat="47.6398560" lon="7.5269660">
    <ele>237.6</ele>
    <time>2026-04-04T14:24:23Z</time>
   </trkpt>
   <trkpt lat="47.6398850" lon="7.5269430">
    <ele>237.6</ele>
    <time>2026-04-04T14:24:24Z</time>
   </trkpt>
   <trkpt lat="47.6399140" lon="7.5269180">
    <ele>237.6</ele>
    <time>2026-04-04T14:24:25Z</time>
   </trkpt>
   <trkpt lat="47.6399440" lon="7.5268960">
    <ele>237.6</ele>
    <time>2026-04-04T14:24:26Z</time>
   </trkpt>
   <trkpt lat="47.6399760" lon="7.5268730">
    <ele>237.6</ele>
    <time>2026-04-04T14:24:27Z</time>
   </trkpt>
   <trkpt lat="47.6400080" lon="7.5268500">
    <ele>237.6</ele>
    <time>2026-04-04T14:24:28Z</time>
   </trkpt>
   <trkpt lat="47.6400440" lon="7.5268250">
    <ele>237.6</ele>
    <time>2026-04-04T14:24:29Z</time>
   </trkpt>
   <trkpt lat="47.6400780" lon="7.5267990">
    <ele>237.6</ele>
    <time>2026-04-04T14:24:30Z</time>
   </trkpt>
   <trkpt lat="47.6401110" lon="7.5267750">
    <ele>237.6</ele>
    <time>2026-04-04T14:24:31Z</time>
   </trkpt>
   <trkpt lat="47.6401440" lon="7.5267500">
    <ele>237.6</ele>
    <time>2026-04-04T14:24:32Z</time>
   </trkpt>
   <trkpt lat="47.6401770" lon="7.5267230">
    <ele>237.6</ele>
    <time>2026-04-04T14:24:33Z</time>
   </trkpt>
   <trkpt lat="47.6402100" lon="7.5266970">
    <ele>237.6</ele>
    <time>2026-04-04T14:24:34Z</time>
   </trkpt>
   <trkpt lat="47.6402440" lon="7.5266700">
    <ele>237.6</ele>
    <time>2026-04-04T14:24:35Z</time>
   </trkpt>
   <trkpt lat="47.6402780" lon="7.5266440">
    <ele>237.6</ele>
    <time>2026-04-04T14:24:36Z</time>
   </trkpt>
   <trkpt lat="47.6403100" lon="7.5266170">
    <ele>237.6</ele>
    <time>2026-04-04T14:24:37Z</time>
   </trkpt>
   <trkpt lat="47.6403430" lon="7.5265890">
    <ele>237.6</ele>
    <time>2026-04-04T14:24:38Z</time>
   </trkpt>
   <trkpt lat="47.6403760" lon="7.5265620">
    <ele>237.6</ele>
    <time>2026-04-04T14:24:39Z</time>
   </trkpt>
   <trkpt lat="47.6404100" lon="7.5265320">
    <ele>237.6</ele>
    <time>2026-04-04T14:24:40Z</time>
   </trkpt>
   <trkpt lat="47.6404400" lon="7.5265050">
    <ele>237.6</ele>
    <time>2026-04-04T14:24:41Z</time>
   </trkpt>
   <trkpt lat="47.6404710" lon="7.5264780">
    <ele>237.6</ele>
    <time>2026-04-04T14:24:42Z</time>
   </trkpt>
   <trkpt lat="47.6405040" lon="7.5264520">
    <ele>237.6</ele>
    <time>2026-04-04T14:24:43Z</time>
   </trkpt>
   <trkpt lat="47.6405360" lon="7.5264270">
    <ele>237.5</ele>
    <time>2026-04-04T14:24:44Z</time>
   </trkpt>
   <trkpt lat="47.6405650" lon="7.5264050">
    <ele>237.5</ele>
    <time>2026-04-04T14:24:45Z</time>
   </trkpt>
   <trkpt lat="47.6405950" lon="7.5263770">
    <ele>237.5</ele>
    <time>2026-04-04T14:24:46Z</time>
   </trkpt>
   <trkpt lat="47.6406260" lon="7.5263480">
    <ele>237.5</ele>
    <time>2026-04-04T14:24:47Z</time>
   </trkpt>
   <trkpt lat="47.6406590" lon="7.5263110">
    <ele>237.5</ele>
    <time>2026-04-04T14:24:48Z</time>
   </trkpt>
   <trkpt lat="47.6406940" lon="7.5262780">
    <ele>237.4</ele>
    <time>2026-04-04T14:24:49Z</time>
   </trkpt>
   <trkpt lat="47.6407290" lon="7.5262470">
    <ele>237.4</ele>
    <time>2026-04-04T14:24:50Z</time>
   </trkpt>
   <trkpt lat="47.6407640" lon="7.5262170">
    <ele>237.4</ele>
    <time>2026-04-04T14:24:51Z</time>
   </trkpt>
   <trkpt lat="47.6407970" lon="7.5261870">
    <ele>237.4</ele>
    <time>2026-04-04T14:24:52Z</time>
   </trkpt>
   <trkpt lat="47.6408310" lon="7.5261560">
    <ele>237.3</ele>
    <time>2026-04-04T14:24:53Z</time>
   </trkpt>
   <trkpt lat="47.6408670" lon="7.5261240">
    <ele>237.3</ele>
    <time>2026-04-04T14:24:54Z</time>
   </trkpt>
   <trkpt lat="47.6409000" lon="7.5260950">
    <ele>237.3</ele>
    <time>2026-04-04T14:24:55Z</time>
   </trkpt>
   <trkpt lat="47.6409330" lon="7.5260690">
    <ele>237.3</ele>
    <time>2026-04-04T14:24:56Z</time>
   </trkpt>
   <trkpt lat="47.6409690" lon="7.5260460">
    <ele>237.3</ele>
    <time>2026-04-04T14:24:57Z</time>
   </trkpt>
   <trkpt lat="47.6410020" lon="7.5260210">
    <ele>237.3</ele>
    <time>2026-04-04T14:24:58Z</time>
   </trkpt>
   <trkpt lat="47.6410330" lon="7.5259930">
    <ele>237.2</ele>
    <time>2026-04-04T14:24:59Z</time>
   </trkpt>
   <trkpt lat="47.6410650" lon="7.5259660">
    <ele>237.2</ele>
    <time>2026-04-04T14:25:00Z</time>
   </trkpt>
   <trkpt lat="47.6410960" lon="7.5259410">
    <ele>237.2</ele>
    <time>2026-04-04T14:25:01Z</time>
   </trkpt>
   <trkpt lat="47.6411240" lon="7.5259190">
    <ele>237.2</ele>
    <time>2026-04-04T14:25:02Z</time>
   </trkpt>
   <trkpt lat="47.6411570" lon="7.5258930">
    <ele>237.2</ele>
    <time>2026-04-04T14:25:03Z</time>
   </trkpt>
   <trkpt lat="47.6411920" lon="7.5258670">
    <ele>237.2</ele>
    <time>2026-04-04T14:25:04Z</time>
   </trkpt>
   <trkpt lat="47.6412300" lon="7.5258330">
    <ele>237.2</ele>
    <time>2026-04-04T14:25:05Z</time>
   </trkpt>
   <trkpt lat="47.6412650" lon="7.5258000">
    <ele>237.2</ele>
    <time>2026-04-04T14:25:06Z</time>
   </trkpt>
   <trkpt lat="47.6413000" lon="7.5257700">
    <ele>237.2</ele>
    <time>2026-04-04T14:25:07Z</time>
   </trkpt>
   <trkpt lat="47.6413330" lon="7.5257460">
    <ele>237.1</ele>
    <time>2026-04-04T14:25:08Z</time>
   </trkpt>
   <trkpt lat="47.6413660" lon="7.5257200">
    <ele>237.1</ele>
    <time>2026-04-04T14:25:09Z</time>
   </trkpt>
   <trkpt lat="47.6414010" lon="7.5256920">
    <ele>237.1</ele>
    <time>2026-04-04T14:25:10Z</time>
   </trkpt>
   <trkpt lat="47.6414360" lon="7.5256600">
    <ele>237.1</ele>
    <time>2026-04-04T14:25:11Z</time>
   </trkpt>
   <trkpt lat="47.6414680" lon="7.5256310">
    <ele>237.1</ele>
    <time>2026-04-04T14:25:12Z</time>
   </trkpt>
   <trkpt lat="47.6415000" lon="7.5256010">
    <ele>237.1</ele>
    <time>2026-04-04T14:25:13Z</time>
   </trkpt>
   <trkpt lat="47.6415340" lon="7.5255690">
    <ele>237.1</ele>
    <time>2026-04-04T14:25:14Z</time>
   </trkpt>
   <trkpt lat="47.6415660" lon="7.5255400">
    <ele>237.1</ele>
    <time>2026-04-04T14:25:15Z</time>
   </trkpt>
   <trkpt lat="47.6416000" lon="7.5255150">
    <ele>237.1</ele>
    <time>2026-04-04T14:25:16Z</time>
   </trkpt>
   <trkpt lat="47.6416330" lon="7.5254890">
    <ele>237.1</ele>
    <time>2026-04-04T14:25:17Z</time>
   </trkpt>
   <trkpt lat="47.6416650" lon="7.5254630">
    <ele>237.1</ele>
    <time>2026-04-04T14:25:18Z</time>
   </trkpt>
   <trkpt lat="47.6417010" lon="7.5254350">
    <ele>237.1</ele>
    <time>2026-04-04T14:25:19Z</time>
   </trkpt>
   <trkpt lat="47.6417330" lon="7.5254060">
    <ele>237.1</ele>
    <time>2026-04-04T14:25:20Z</time>
   </trkpt>
   <trkpt lat="47.6417640" lon="7.5253790">
    <ele>237.1</ele>
    <time>2026-04-04T14:25:21Z</time>
   </trkpt>
   <trkpt lat="47.6417960" lon="7.5253520">
    <ele>237.1</ele>
    <time>2026-04-04T14:25:22Z</time>
   </trkpt>
   <trkpt lat="47.6418300" lon="7.5253240">
    <ele>237.1</ele>
    <time>2026-04-04T14:25:23Z</time>
   </trkpt>
   <trkpt lat="47.6418620" lon="7.5252950">
    <ele>237.1</ele>
    <time>2026-04-04T14:25:24Z</time>
   </trkpt>
   <trkpt lat="47.6418920" lon="7.5252660">
    <ele>237.1</ele>
    <time>2026-04-04T14:25:25Z</time>
   </trkpt>
   <trkpt lat="47.6419230" lon="7.5252390">
    <ele>237.1</ele>
    <time>2026-04-04T14:25:26Z</time>
   </trkpt>
   <trkpt lat="47.6419570" lon="7.5252110">
    <ele>237.1</ele>
    <time>2026-04-04T14:25:27Z</time>
   </trkpt>
   <trkpt lat="47.6419910" lon="7.5251830">
    <ele>237.1</ele>
    <time>2026-04-04T14:25:28Z</time>
   </trkpt>
   <trkpt lat="47.6420260" lon="7.5251540">
    <ele>237.1</ele>
    <time>2026-04-04T14:25:29Z</time>
   </trkpt>
   <trkpt lat="47.6420590" lon="7.5251270">
    <ele>237.1</ele>
    <time>2026-04-04T14:25:30Z</time>
   </trkpt>
   <trkpt lat="47.6420910" lon="7.5250970">
    <ele>237.1</ele>
    <time>2026-04-04T14:25:31Z</time>
   </trkpt>
   <trkpt lat="47.6421220" lon="7.5250680">
    <ele>237.2</ele>
    <time>2026-04-04T14:25:32Z</time>
   </trkpt>
   <trkpt lat="47.6421540" lon="7.5250410">
    <ele>237.2</ele>
    <time>2026-04-04T14:25:33Z</time>
   </trkpt>
   <trkpt lat="47.6421820" lon="7.5250130">
    <ele>237.2</ele>
    <time>2026-04-04T14:25:34Z</time>
   </trkpt>
   <trkpt lat="47.6422110" lon="7.5249880">
    <ele>237.2</ele>
    <time>2026-04-04T14:25:35Z</time>
   </trkpt>
   <trkpt lat="47.6422360" lon="7.5249650">
    <ele>237.2</ele>
    <time>2026-04-04T14:25:36Z</time>
   </trkpt>
   <trkpt lat="47.6422650" lon="7.5249410">
    <ele>237.2</ele>
    <time>2026-04-04T14:25:37Z</time>
   </trkpt>
   <trkpt lat="47.6422960" lon="7.5249160">
    <ele>237.2</ele>
    <time>2026-04-04T14:25:38Z</time>
   </trkpt>
   <trkpt lat="47.6423260" lon="7.5248900">
    <ele>237.2</ele>
    <time>2026-04-04T14:25:39Z</time>
   </trkpt>
   <trkpt lat="47.6423590" lon="7.5248680">
    <ele>237.2</ele>
    <time>2026-04-04T14:25:40Z</time>
   </trkpt>
   <trkpt lat="47.6423890" lon="7.5248510">
    <ele>237.2</ele>
    <time>2026-04-04T14:25:41Z</time>
   </trkpt>
   <trkpt lat="47.6424210" lon="7.5248330">
    <ele>237.2</ele>
    <time>2026-04-04T14:25:42Z</time>
   </trkpt>
   <trkpt lat="47.6424520" lon="7.5248120">
    <ele>237.3</ele>
    <time>2026-04-04T14:25:43Z</time>
   </trkpt>
   <trkpt lat="47.6424810" lon="7.5247910">
    <ele>237.3</ele>
    <time>2026-04-04T14:25:44Z</time>
   </trkpt>
   <trkpt lat="47.6425130" lon="7.5247730">
    <ele>237.3</ele>
    <time>2026-04-04T14:25:45Z</time>
   </trkpt>
   <trkpt lat="47.6425490" lon="7.5247430">
    <ele>237.3</ele>
    <time>2026-04-04T14:25:46Z</time>
   </trkpt>
   <trkpt lat="47.6425630" lon="7.5247320">
    <ele>237.3</ele>
    <time>2026-04-04T14:25:47Z</time>
   </trkpt>
   <trkpt lat="47.6425870" lon="7.5247140">
    <ele>237.3</ele>
    <time>2026-04-04T14:25:48Z</time>
   </trkpt>
   <trkpt lat="47.6426200" lon="7.5246890">
    <ele>237.3</ele>
    <time>2026-04-04T14:25:49Z</time>
   </trkpt>
   <trkpt lat="47.6426320" lon="7.5246800">
    <ele>237.4</ele>
    <time>2026-04-04T14:25:50Z</time>
   </trkpt>
   <trkpt lat="47.6426720" lon="7.5246590">
    <ele>237.4</ele>
    <time>2026-04-04T14:25:51Z</time>
   </trkpt>
   <trkpt lat="47.6426890" lon="7.5246500">
    <ele>237.4</ele>
    <time>2026-04-04T14:25:52Z</time>
   </trkpt>
   <trkpt lat="47.6427250" lon="7.5246250">
    <ele>237.4</ele>
    <time>2026-04-04T14:25:53Z</time>
   </trkpt>
   <trkpt lat="47.6427610" lon="7.5245990">
    <ele>237.4</ele>
    <time>2026-04-04T14:25:54Z</time>
   </trkpt>
   <trkpt lat="47.6428010" lon="7.5245710">
    <ele>237.4</ele>
    <time>2026-04-04T14:25:55Z</time>
   </trkpt>
   <trkpt lat="47.6428390" lon="7.5245400">
    <ele>237.4</ele>
    <time>2026-04-04T14:25:56Z</time>
   </trkpt>
   <trkpt lat="47.6428740" lon="7.5245110">
    <ele>237.4</ele>
    <time>2026-04-04T14:25:57Z</time>
   </trkpt>
   <trkpt lat="47.6429130" lon="7.5244790">
    <ele>237.3</ele>
    <time>2026-04-04T14:25:58Z</time>
   </trkpt>
   <trkpt lat="47.6429490" lon="7.5244470">
    <ele>237.3</ele>
    <time>2026-04-04T14:25:59Z</time>
   </trkpt>
   <trkpt lat="47.6429830" lon="7.5244120">
    <ele>237.3</ele>
    <time>2026-04-04T14:26:00Z</time>
   </trkpt>
   <trkpt lat="47.6430170" lon="7.5243790">
    <ele>237.3</ele>
    <time>2026-04-04T14:26:01Z</time>
   </trkpt>
   <trkpt lat="47.6430520" lon="7.5243470">
    <ele>237.4</ele>
    <time>2026-04-04T14:26:02Z</time>
   </trkpt>
   <trkpt lat="47.6430900" lon="7.5243140">
    <ele>237.4</ele>
    <time>2026-04-04T14:26:03Z</time>
   </trkpt>
   <trkpt lat="47.6431230" lon="7.5242830">
    <ele>237.4</ele>
    <time>2026-04-04T14:26:04Z</time>
   </trkpt>
   <trkpt lat="47.6431550" lon="7.5242520">
    <ele>237.4</ele>
    <time>2026-04-04T14:26:05Z</time>
   </trkpt>
   <trkpt lat="47.6431890" lon="7.5242220">
    <ele>237.4</ele>
    <time>2026-04-04T14:26:06Z</time>
   </trkpt>
   <trkpt lat="47.6432200" lon="7.5241970">
    <ele>237.4</ele>
    <time>2026-04-04T14:26:07Z</time>
   </trkpt>
   <trkpt lat="47.6432510" lon="7.5241750">
    <ele>237.4</ele>
    <time>2026-04-04T14:26:08Z</time>
   </trkpt>
   <trkpt lat="47.6432820" lon="7.5241540">
    <ele>237.4</ele>
    <time>2026-04-04T14:26:09Z</time>
   </trkpt>
   <trkpt lat="47.6433150" lon="7.5241350">
    <ele>237.4</ele>
    <time>2026-04-04T14:26:10Z</time>
   </trkpt>
   <trkpt lat="47.6433440" lon="7.5241160">
    <ele>237.3</ele>
    <time>2026-04-04T14:26:11Z</time>
   </trkpt>
   <trkpt lat="47.6433740" lon="7.5240980">
    <ele>237.3</ele>
    <time>2026-04-04T14:26:12Z</time>
   </trkpt>
   <trkpt lat="47.6434040" lon="7.5240810">
    <ele>237.3</ele>
    <time>2026-04-04T14:26:13Z</time>
   </trkpt>
   <trkpt lat="47.6434340" lon="7.5240620">
    <ele>237.3</ele>
    <time>2026-04-04T14:26:14Z</time>
   </trkpt>
   <trkpt lat="47.6434670" lon="7.5240330">
    <ele>237.3</ele>
    <time>2026-04-04T14:26:15Z</time>
   </trkpt>
   <trkpt lat="47.6434940" lon="7.5240060">
    <ele>237.3</ele>
    <time>2026-04-04T14:26:16Z</time>
   </trkpt>
   <trkpt lat="47.6435190" lon="7.5239790">
    <ele>237.3</ele>
    <time>2026-04-04T14:26:17Z</time>
   </trkpt>
   <trkpt lat="47.6435500" lon="7.5239510">
    <ele>237.3</ele>
    <time>2026-04-04T14:26:18Z</time>
   </trkpt>
   <trkpt lat="47.6435830" lon="7.5239230">
    <ele>237.2</ele>
    <time>2026-04-04T14:26:19Z</time>
   </trkpt>
   <trkpt lat="47.6436150" lon="7.5238960">
    <ele>237.2</ele>
    <time>2026-04-04T14:26:20Z</time>
   </trkpt>
   <trkpt lat="47.6436490" lon="7.5238650">
    <ele>237.2</ele>
    <time>2026-04-04T14:26:21Z</time>
   </trkpt>
   <trkpt lat="47.6436820" lon="7.5238340">
    <ele>237.2</ele>
    <time>2026-04-04T14:26:22Z</time>
   </trkpt>
   <trkpt lat="47.6437170" lon="7.5238080">
    <ele>237.2</ele>
    <time>2026-04-04T14:26:23Z</time>
   </trkpt>
   <trkpt lat="47.6437490" lon="7.5237830">
    <ele>237.2</ele>
    <time>2026-04-04T14:26:24Z</time>
   </trkpt>
   <trkpt lat="47.6437810" lon="7.5237560">
    <ele>237.1</ele>
    <time>2026-04-04T14:26:25Z</time>
   </trkpt>
   <trkpt lat="47.6438110" lon="7.5237270">
    <ele>237.1</ele>
    <time>2026-04-04T14:26:26Z</time>
   </trkpt>
   <trkpt lat="47.6438410" lon="7.5236980">
    <ele>237.1</ele>
    <time>2026-04-04T14:26:27Z</time>
   </trkpt>
   <trkpt lat="47.6438740" lon="7.5236670">
    <ele>237.1</ele>
    <time>2026-04-04T14:26:28Z</time>
   </trkpt>
   <trkpt lat="47.6439070" lon="7.5236400">
    <ele>237.1</ele>
    <time>2026-04-04T14:26:29Z</time>
   </trkpt>
   <trkpt lat="47.6439410" lon="7.5236100">
    <ele>237.1</ele>
    <time>2026-04-04T14:26:30Z</time>
   </trkpt>
   <trkpt lat="47.6439750" lon="7.5235810">
    <ele>237.1</ele>
    <time>2026-04-04T14:26:31Z</time>
   </trkpt>
   <trkpt lat="47.6440070" lon="7.5235550">
    <ele>237.1</ele>
    <time>2026-04-04T14:26:32Z</time>
   </trkpt>
   <trkpt lat="47.6440370" lon="7.5235290">
    <ele>237.1</ele>
    <time>2026-04-04T14:26:33Z</time>
   </trkpt>
   <trkpt lat="47.6440680" lon="7.5234980">
    <ele>237.1</ele>
    <time>2026-04-04T14:26:34Z</time>
   </trkpt>
   <trkpt lat="47.6440980" lon="7.5234730">
    <ele>237.1</ele>
    <time>2026-04-04T14:26:35Z</time>
   </trkpt>
   <trkpt lat="47.6441280" lon="7.5234480">
    <ele>237.1</ele>
    <time>2026-04-04T14:26:36Z</time>
   </trkpt>
   <trkpt lat="47.6441570" lon="7.5234200">
    <ele>237.1</ele>
    <time>2026-04-04T14:26:37Z</time>
   </trkpt>
   <trkpt lat="47.6441840" lon="7.5233960">
    <ele>237.1</ele>
    <time>2026-04-04T14:26:38Z</time>
   </trkpt>
   <trkpt lat="47.6442140" lon="7.5233690">
    <ele>237.1</ele>
    <time>2026-04-04T14:26:39Z</time>
   </trkpt>
   <trkpt lat="47.6442450" lon="7.5233430">
    <ele>237.1</ele>
    <time>2026-04-04T14:26:40Z</time>
   </trkpt>
   <trkpt lat="47.6442780" lon="7.5233200">
    <ele>237.2</ele>
    <time>2026-04-04T14:26:41Z</time>
   </trkpt>
   <trkpt lat="47.6443080" lon="7.5232960">
    <ele>237.2</ele>
    <time>2026-04-04T14:26:42Z</time>
   </trkpt>
   <trkpt lat="47.6443370" lon="7.5232650">
    <ele>237.2</ele>
    <time>2026-04-04T14:26:43Z</time>
   </trkpt>
   <trkpt lat="47.6443660" lon="7.5232400">
    <ele>237.2</ele>
    <time>2026-04-04T14:26:44Z</time>
   </trkpt>
   <trkpt lat="47.6443950" lon="7.5232170">
    <ele>237.2</ele>
    <time>2026-04-04T14:26:45Z</time>
   </trkpt>
   <trkpt lat="47.6444220" lon="7.5231950">
    <ele>237.2</ele>
    <time>2026-04-04T14:26:46Z</time>
   </trkpt>
   <trkpt lat="47.6444490" lon="7.5231720">
    <ele>237.2</ele>
    <time>2026-04-04T14:26:47Z</time>
   </trkpt>
   <trkpt lat="47.6444800" lon="7.5231460">
    <ele>237.3</ele>
    <time>2026-04-04T14:26:48Z</time>
   </trkpt>
   <trkpt lat="47.6445120" lon="7.5231180">
    <ele>237.3</ele>
    <time>2026-04-04T14:26:49Z</time>
   </trkpt>
   <trkpt lat="47.6445420" lon="7.5230910">
    <ele>237.3</ele>
    <time>2026-04-04T14:26:50Z</time>
   </trkpt>
   <trkpt lat="47.6445710" lon="7.5230660">
    <ele>237.3</ele>
    <time>2026-04-04T14:26:51Z</time>
   </trkpt>
   <trkpt lat="47.6445990" lon="7.5230340">
    <ele>237.3</ele>
    <time>2026-04-04T14:26:52Z</time>
   </trkpt>
   <trkpt lat="47.6446260" lon="7.5230060">
    <ele>237.3</ele>
    <time>2026-04-04T14:26:53Z</time>
   </trkpt>
   <trkpt lat="47.6446560" lon="7.5229810">
    <ele>237.3</ele>
    <time>2026-04-04T14:26:54Z</time>
   </trkpt>
   <trkpt lat="47.6446870" lon="7.5229560">
    <ele>237.3</ele>
    <time>2026-04-04T14:26:55Z</time>
   </trkpt>
   <trkpt lat="47.6447170" lon="7.5229340">
    <ele>237.3</ele>
    <time>2026-04-04T14:26:56Z</time>
   </trkpt>
   <trkpt lat="47.6447450" lon="7.5229130">
    <ele>237.3</ele>
    <time>2026-04-04T14:26:57Z</time>
   </trkpt>
   <trkpt lat="47.6447730" lon="7.5228910">
    <ele>237.3</ele>
    <time>2026-04-04T14:26:58Z</time>
   </trkpt>
   <trkpt lat="47.6448030" lon="7.5228670">
    <ele>237.3</ele>
    <time>2026-04-04T14:26:59Z</time>
   </trkpt>
   <trkpt lat="47.6448330" lon="7.5228450">
    <ele>237.3</ele>
    <time>2026-04-04T14:27:00Z</time>
   </trkpt>
   <trkpt lat="47.6448620" lon="7.5228240">
    <ele>237.3</ele>
    <time>2026-04-04T14:27:01Z</time>
   </trkpt>
   <trkpt lat="47.6448910" lon="7.5228050">
    <ele>237.3</ele>
    <time>2026-04-04T14:27:02Z</time>
   </trkpt>
   <trkpt lat="47.6449200" lon="7.5227860">
    <ele>237.3</ele>
    <time>2026-04-04T14:27:03Z</time>
   </trkpt>
   <trkpt lat="47.6449500" lon="7.5227610">
    <ele>237.3</ele>
    <time>2026-04-04T14:27:04Z</time>
   </trkpt>
   <trkpt lat="47.6449780" lon="7.5227410">
    <ele>237.3</ele>
    <time>2026-04-04T14:27:05Z</time>
   </trkpt>
   <trkpt lat="47.6450060" lon="7.5227220">
    <ele>237.2</ele>
    <time>2026-04-04T14:27:06Z</time>
   </trkpt>
   <trkpt lat="47.6450380" lon="7.5226970">
    <ele>237.2</ele>
    <time>2026-04-04T14:27:07Z</time>
   </trkpt>
   <trkpt lat="47.6450710" lon="7.5226680">
    <ele>237.2</ele>
    <time>2026-04-04T14:27:08Z</time>
   </trkpt>
   <trkpt lat="47.6451060" lon="7.5226340">
    <ele>237.2</ele>
    <time>2026-04-04T14:27:09Z</time>
   </trkpt>
   <trkpt lat="47.6451410" lon="7.5226010">
    <ele>237.2</ele>
    <time>2026-04-04T14:27:10Z</time>
   </trkpt>
   <trkpt lat="47.6451770" lon="7.5225710">
    <ele>237.2</ele>
    <time>2026-04-04T14:27:11Z</time>
   </trkpt>
   <trkpt lat="47.6452100" lon="7.5225380">
    <ele>237.2</ele>
    <time>2026-04-04T14:27:12Z</time>
   </trkpt>
   <trkpt lat="47.6452410" lon="7.5225080">
    <ele>237.2</ele>
    <time>2026-04-04T14:27:13Z</time>
   </trkpt>
   <trkpt lat="47.6452690" lon="7.5224810">
    <ele>237.2</ele>
    <time>2026-04-04T14:27:14Z</time>
   </trkpt>
   <trkpt lat="47.6452970" lon="7.5224550">
    <ele>237.2</ele>
    <time>2026-04-04T14:27:15Z</time>
   </trkpt>
   <trkpt lat="47.6453250" lon="7.5224300">
    <ele>237.2</ele>
    <time>2026-04-04T14:27:16Z</time>
   </trkpt>
   <trkpt lat="47.6453540" lon="7.5224040">
    <ele>237.2</ele>
    <time>2026-04-04T14:27:17Z</time>
   </trkpt>
   <trkpt lat="47.6453890" lon="7.5223710">
    <ele>237.2</ele>
    <time>2026-04-04T14:27:18Z</time>
   </trkpt>
   <trkpt lat="47.6454250" lon="7.5223380">
    <ele>237.2</ele>
    <time>2026-04-04T14:27:19Z</time>
   </trkpt>
   <trkpt lat="47.6454620" lon="7.5223100">
    <ele>237.2</ele>
    <time>2026-04-04T14:27:20Z</time>
   </trkpt>
   <trkpt lat="47.6454950" lon="7.5222840">
    <ele>237.2</ele>
    <time>2026-04-04T14:27:21Z</time>
   </trkpt>
   <trkpt lat="47.6455270" lon="7.5222600">
    <ele>237.2</ele>
    <time>2026-04-04T14:27:22Z</time>
   </trkpt>
   <trkpt lat="47.6455580" lon="7.5222380">
    <ele>237.2</ele>
    <time>2026-04-04T14:27:23Z</time>
   </trkpt>
   <trkpt lat="47.6455870" lon="7.5222170">
    <ele>237.2</ele>
    <time>2026-04-04T14:27:24Z</time>
   </trkpt>
   <trkpt lat="47.6456220" lon="7.5221970">
    <ele>237.2</ele>
    <time>2026-04-04T14:27:25Z</time>
   </trkpt>
   <trkpt lat="47.6456560" lon="7.5221790">
    <ele>237.2</ele>
    <time>2026-04-04T14:27:26Z</time>
   </trkpt>
   <trkpt lat="47.6456870" lon="7.5221590">
    <ele>237.2</ele>
    <time>2026-04-04T14:27:27Z</time>
   </trkpt>
   <trkpt lat="47.6457150" lon="7.5221350">
    <ele>237.2</ele>
    <time>2026-04-04T14:27:28Z</time>
   </trkpt>
   <trkpt lat="47.6457430" lon="7.5221180">
    <ele>237.2</ele>
    <time>2026-04-04T14:27:29Z</time>
   </trkpt>
   <trkpt lat="47.6457720" lon="7.5221000">
    <ele>237.2</ele>
    <time>2026-04-04T14:27:30Z</time>
   </trkpt>
   <trkpt lat="47.6458020" lon="7.5220760">
    <ele>237.2</ele>
    <time>2026-04-04T14:27:31Z</time>
   </trkpt>
   <trkpt lat="47.6458320" lon="7.5220490">
    <ele>237.2</ele>
    <time>2026-04-04T14:27:32Z</time>
   </trkpt>
   <trkpt lat="47.6458600" lon="7.5220230">
    <ele>237.2</ele>
    <time>2026-04-04T14:27:33Z</time>
   </trkpt>
   <trkpt lat="47.6458850" lon="7.5219980">
    <ele>237.2</ele>
    <time>2026-04-04T14:27:34Z</time>
   </trkpt>
   <trkpt lat="47.6459110" lon="7.5219780">
    <ele>237.2</ele>
    <time>2026-04-04T14:27:35Z</time>
   </trkpt>
   <trkpt lat="47.6459370" lon="7.5219530">
    <ele>237.2</ele>
    <time>2026-04-04T14:27:36Z</time>
   </trkpt>
   <trkpt lat="47.6459620" lon="7.5219280">
    <ele>237.2</ele>
    <time>2026-04-04T14:27:37Z</time>
   </trkpt>
   <trkpt lat="47.6459900" lon="7.5219040">
    <ele>237.2</ele>
    <time>2026-04-04T14:27:38Z</time>
   </trkpt>
   <trkpt lat="47.6460190" lon="7.5218790">
    <ele>237.2</ele>
    <time>2026-04-04T14:27:39Z</time>
   </trkpt>
   <trkpt lat="47.6460500" lon="7.5218530">
    <ele>237.2</ele>
    <time>2026-04-04T14:27:40Z</time>
   </trkpt>
   <trkpt lat="47.6460840" lon="7.5218180">
    <ele>237.2</ele>
    <time>2026-04-04T14:27:41Z</time>
   </trkpt>
   <trkpt lat="47.6461160" lon="7.5217870">
    <ele>237.2</ele>
    <time>2026-04-04T14:27:42Z</time>
   </trkpt>
   <trkpt lat="47.6461510" lon="7.5217530">
    <ele>237.1</ele>
    <time>2026-04-04T14:27:43Z</time>
   </trkpt>
   <trkpt lat="47.6461890" lon="7.5217250">
    <ele>237.1</ele>
    <time>2026-04-04T14:27:44Z</time>
   </trkpt>
   <trkpt lat="47.6462240" lon="7.5216980">
    <ele>237.1</ele>
    <time>2026-04-04T14:27:45Z</time>
   </trkpt>
   <trkpt lat="47.6462580" lon="7.5216720">
    <ele>237.1</ele>
    <time>2026-04-04T14:27:46Z</time>
   </trkpt>
   <trkpt lat="47.6462910" lon="7.5216450">
    <ele>237.1</ele>
    <time>2026-04-04T14:27:47Z</time>
   </trkpt>
   <trkpt lat="47.6463230" lon="7.5216190">
    <ele>237.1</ele>
    <time>2026-04-04T14:27:48Z</time>
   </trkpt>
   <trkpt lat="47.6463510" lon="7.5215950">
    <ele>237.1</ele>
    <time>2026-04-04T14:27:49Z</time>
   </trkpt>
   <trkpt lat="47.6463800" lon="7.5215720">
    <ele>237.1</ele>
    <time>2026-04-04T14:27:50Z</time>
   </trkpt>
   <trkpt lat="47.6464110" lon="7.5215480">
    <ele>237.1</ele>
    <time>2026-04-04T14:27:51Z</time>
   </trkpt>
   <trkpt lat="47.6464400" lon="7.5215220">
    <ele>237.1</ele>
    <time>2026-04-04T14:27:52Z</time>
   </trkpt>
   <trkpt lat="47.6464710" lon="7.5214950">
    <ele>237.1</ele>
    <time>2026-04-04T14:27:53Z</time>
   </trkpt>
   <trkpt lat="47.6465020" lon="7.5214670">
    <ele>237.1</ele>
    <time>2026-04-04T14:27:54Z</time>
   </trkpt>
   <trkpt lat="47.6465330" lon="7.5214410">
    <ele>237.1</ele>
    <time>2026-04-04T14:27:55Z</time>
   </trkpt>
   <trkpt lat="47.6465630" lon="7.5214140">
    <ele>237.1</ele>
    <time>2026-04-04T14:27:56Z</time>
   </trkpt>
   <trkpt lat="47.6465920" lon="7.5213960">
    <ele>237.1</ele>
    <time>2026-04-04T14:27:57Z</time>
   </trkpt>
   <trkpt lat="47.6466210" lon="7.5213760">
    <ele>237.1</ele>
    <time>2026-04-04T14:27:58Z</time>
   </trkpt>
   <trkpt lat="47.6466510" lon="7.5213500">
    <ele>237.1</ele>
    <time>2026-04-04T14:27:59Z</time>
   </trkpt>
   <trkpt lat="47.6466810" lon="7.5213270">
    <ele>237.1</ele>
    <time>2026-04-04T14:28:00Z</time>
   </trkpt>
   <trkpt lat="47.6467080" lon="7.5213050">
    <ele>237.1</ele>
    <time>2026-04-04T14:28:01Z</time>
   </trkpt>
   <trkpt lat="47.6467370" lon="7.5212820">
    <ele>237.2</ele>
    <time>2026-04-04T14:28:02Z</time>
   </trkpt>
   <trkpt lat="47.6467650" lon="7.5212600">
    <ele>237.2</ele>
    <time>2026-04-04T14:28:03Z</time>
   </trkpt>
   <trkpt lat="47.6467940" lon="7.5212340">
    <ele>237.2</ele>
    <time>2026-04-04T14:28:04Z</time>
   </trkpt>
   <trkpt lat="47.6468200" lon="7.5212100">
    <ele>237.2</ele>
    <time>2026-04-04T14:28:05Z</time>
   </trkpt>
   <trkpt lat="47.6468440" lon="7.5211870">
    <ele>237.2</ele>
    <time>2026-04-04T14:28:06Z</time>
   </trkpt>
   <trkpt lat="47.6468700" lon="7.5211600">
    <ele>237.2</ele>
    <time>2026-04-04T14:28:07Z</time>
   </trkpt>
   <trkpt lat="47.6469020" lon="7.5211290">
    <ele>237.2</ele>
    <time>2026-04-04T14:28:08Z</time>
   </trkpt>
   <trkpt lat="47.6469330" lon="7.5211000">
    <ele>237.2</ele>
    <time>2026-04-04T14:28:09Z</time>
   </trkpt>
   <trkpt lat="47.6469590" lon="7.5210780">
    <ele>237.2</ele>
    <time>2026-04-04T14:28:10Z</time>
   </trkpt>
   <trkpt lat="47.6469850" lon="7.5210540">
    <ele>237.2</ele>
    <time>2026-04-04T14:28:11Z</time>
   </trkpt>
   <trkpt lat="47.6470130" lon="7.5210290">
    <ele>237.2</ele>
    <time>2026-04-04T14:28:12Z</time>
   </trkpt>
   <trkpt lat="47.6470400" lon="7.5210080">
    <ele>237.2</ele>
    <time>2026-04-04T14:28:13Z</time>
   </trkpt>
   <trkpt lat="47.6470680" lon="7.5209890">
    <ele>237.3</ele>
    <time>2026-04-04T14:28:14Z</time>
   </trkpt>
   <trkpt lat="47.6470970" lon="7.5209680">
    <ele>237.3</ele>
    <time>2026-04-04T14:28:15Z</time>
   </trkpt>
   <trkpt lat="47.6471260" lon="7.5209460">
    <ele>237.3</ele>
    <time>2026-04-04T14:28:16Z</time>
   </trkpt>
   <trkpt lat="47.6471560" lon="7.5209250">
    <ele>237.3</ele>
    <time>2026-04-04T14:28:17Z</time>
   </trkpt>
   <trkpt lat="47.6471850" lon="7.5209010">
    <ele>237.3</ele>
    <time>2026-04-04T14:28:18Z</time>
   </trkpt>
   <trkpt lat="47.6472110" lon="7.5208780">
    <ele>237.3</ele>
    <time>2026-04-04T14:28:19Z</time>
   </trkpt>
   <trkpt lat="47.6472380" lon="7.5208570">
    <ele>237.3</ele>
    <time>2026-04-04T14:28:20Z</time>
   </trkpt>
   <trkpt lat="47.6472640" lon="7.5208370">
    <ele>237.3</ele>
    <time>2026-04-04T14:28:21Z</time>
   </trkpt>
   <trkpt lat="47.6472910" lon="7.5208140">
    <ele>237.3</ele>
    <time>2026-04-04T14:28:22Z</time>
   </trkpt>
   <trkpt lat="47.6473180" lon="7.5207880">
    <ele>237.3</ele>
    <time>2026-04-04T14:28:23Z</time>
   </trkpt>
   <trkpt lat="47.6473450" lon="7.5207630">
    <ele>237.3</ele>
    <time>2026-04-04T14:28:24Z</time>
   </trkpt>
   <trkpt lat="47.6473740" lon="7.5207360">
    <ele>237.3</ele>
    <time>2026-04-04T14:28:25Z</time>
   </trkpt>
   <trkpt lat="47.6474050" lon="7.5207070">
    <ele>237.3</ele>
    <time>2026-04-04T14:28:26Z</time>
   </trkpt>
   <trkpt lat="47.6474340" lon="7.5206770">
    <ele>237.3</ele>
    <time>2026-04-04T14:28:27Z</time>
   </trkpt>
   <trkpt lat="47.6474630" lon="7.5206520">
    <ele>237.3</ele>
    <time>2026-04-04T14:28:28Z</time>
   </trkpt>
   <trkpt lat="47.6474960" lon="7.5206260">
    <ele>237.3</ele>
    <time>2026-04-04T14:28:29Z</time>
   </trkpt>
   <trkpt lat="47.6475300" lon="7.5205970">
    <ele>237.3</ele>
    <time>2026-04-04T14:28:30Z</time>
   </trkpt>
   <trkpt lat="47.6475620" lon="7.5205680">
    <ele>237.3</ele>
    <time>2026-04-04T14:28:31Z</time>
   </trkpt>
   <trkpt lat="47.6475930" lon="7.5205380">
    <ele>237.2</ele>
    <time>2026-04-04T14:28:32Z</time>
   </trkpt>
   <trkpt lat="47.6476220" lon="7.5205120">
    <ele>237.2</ele>
    <time>2026-04-04T14:28:33Z</time>
   </trkpt>
   <trkpt lat="47.6476520" lon="7.5204880">
    <ele>237.2</ele>
    <time>2026-04-04T14:28:34Z</time>
   </trkpt>
   <trkpt lat="47.6476840" lon="7.5204650">
    <ele>237.2</ele>
    <time>2026-04-04T14:28:35Z</time>
   </trkpt>
   <trkpt lat="47.6477140" lon="7.5204420">
    <ele>237.2</ele>
    <time>2026-04-04T14:28:36Z</time>
   </trkpt>
   <trkpt lat="47.6477410" lon="7.5204220">
    <ele>237.2</ele>
    <time>2026-04-04T14:28:37Z</time>
   </trkpt>
   <trkpt lat="47.6477710" lon="7.5204020">
    <ele>237.2</ele>
    <time>2026-04-04T14:28:38Z</time>
   </trkpt>
   <trkpt lat="47.6478010" lon="7.5203840">
    <ele>237.2</ele>
    <time>2026-04-04T14:28:39Z</time>
   </trkpt>
   <trkpt lat="47.6478300" lon="7.5203590">
    <ele>237.2</ele>
    <time>2026-04-04T14:28:40Z</time>
   </trkpt>
   <trkpt lat="47.6478580" lon="7.5203350">
    <ele>237.2</ele>
    <time>2026-04-04T14:28:41Z</time>
   </trkpt>
   <trkpt lat="47.6478880" lon="7.5203070">
    <ele>237.2</ele>
    <time>2026-04-04T14:28:42Z</time>
   </trkpt>
   <trkpt lat="47.6479180" lon="7.5202800">
    <ele>237.2</ele>
    <time>2026-04-04T14:28:43Z</time>
   </trkpt>
   <trkpt lat="47.6479470" lon="7.5202540">
    <ele>237.2</ele>
    <time>2026-04-04T14:28:44Z</time>
   </trkpt>
   <trkpt lat="47.6479780" lon="7.5202240">
    <ele>237.2</ele>
    <time>2026-04-04T14:28:45Z</time>
   </trkpt>
   <trkpt lat="47.6480050" lon="7.5201970">
    <ele>237.2</ele>
    <time>2026-04-04T14:28:46Z</time>
   </trkpt>
   <trkpt lat="47.6480320" lon="7.5201720">
    <ele>237.2</ele>
    <time>2026-04-04T14:28:47Z</time>
   </trkpt>
   <trkpt lat="47.6480590" lon="7.5201520">
    <ele>237.3</ele>
    <time>2026-04-04T14:28:48Z</time>
   </trkpt>
   <trkpt lat="47.6480860" lon="7.5201320">
    <ele>237.3</ele>
    <time>2026-04-04T14:28:49Z</time>
   </trkpt>
   <trkpt lat="47.6481170" lon="7.5201080">
    <ele>237.3</ele>
    <time>2026-04-04T14:28:50Z</time>
   </trkpt>
   <trkpt lat="47.6481430" lon="7.5200810">
    <ele>237.3</ele>
    <time>2026-04-04T14:28:51Z</time>
   </trkpt>
   <trkpt lat="47.6481670" lon="7.5200550">
    <ele>237.3</ele>
    <time>2026-04-04T14:28:52Z</time>
   </trkpt>
   <trkpt lat="47.6481970" lon="7.5200270">
    <ele>237.3</ele>
    <time>2026-04-04T14:28:53Z</time>
   </trkpt>
   <trkpt lat="47.6482270" lon="7.5200000">
    <ele>237.3</ele>
    <time>2026-04-04T14:28:54Z</time>
   </trkpt>
   <trkpt lat="47.6482550" lon="7.5199780">
    <ele>237.3</ele>
    <time>2026-04-04T14:28:55Z</time>
   </trkpt>
   <trkpt lat="47.6482830" lon="7.5199540">
    <ele>237.3</ele>
    <time>2026-04-04T14:28:56Z</time>
   </trkpt>
   <trkpt lat="47.6483110" lon="7.5199290">
    <ele>237.3</ele>
    <time>2026-04-04T14:28:57Z</time>
   </trkpt>
   <trkpt lat="47.6483420" lon="7.5199030">
    <ele>237.3</ele>
    <time>2026-04-04T14:28:58Z</time>
   </trkpt>
   <trkpt lat="47.6483690" lon="7.5198790">
    <ele>237.3</ele>
    <time>2026-04-04T14:28:59Z</time>
   </trkpt>
   <trkpt lat="47.6484040" lon="7.5198500">
    <ele>237.3</ele>
    <time>2026-04-04T14:29:00Z</time>
   </trkpt>
   <trkpt lat="47.6484160" lon="7.5198410">
    <ele>237.3</ele>
    <time>2026-04-04T14:29:01Z</time>
   </trkpt>
   <trkpt lat="47.6484450" lon="7.5198220">
    <ele>237.3</ele>
    <time>2026-04-04T14:29:02Z</time>
   </trkpt>
   <trkpt lat="47.6484750" lon="7.5197980">
    <ele>237.3</ele>
    <time>2026-04-04T14:29:03Z</time>
   </trkpt>
   <trkpt lat="47.6485070" lon="7.5197760">
    <ele>237.3</ele>
    <time>2026-04-04T14:29:04Z</time>
   </trkpt>
   <trkpt lat="47.6485370" lon="7.5197580">
    <ele>237.3</ele>
    <time>2026-04-04T14:29:05Z</time>
   </trkpt>
   <trkpt lat="47.6485680" lon="7.5197360">
    <ele>237.3</ele>
    <time>2026-04-04T14:29:06Z</time>
   </trkpt>
   <trkpt lat="47.6486010" lon="7.5197120">
    <ele>237.3</ele>
    <time>2026-04-04T14:29:07Z</time>
   </trkpt>
   <trkpt lat="47.6486320" lon="7.5196850">
    <ele>237.3</ele>
    <time>2026-04-04T14:29:08Z</time>
   </trkpt>
   <trkpt lat="47.6486640" lon="7.5196570">
    <ele>237.3</ele>
    <time>2026-04-04T14:29:09Z</time>
   </trkpt>
   <trkpt lat="47.6486950" lon="7.5196300">
    <ele>237.3</ele>
    <time>2026-04-04T14:29:10Z</time>
   </trkpt>
   <trkpt lat="47.6487250" lon="7.5196030">
    <ele>237.3</ele>
    <time>2026-04-04T14:29:11Z</time>
   </trkpt>
   <trkpt lat="47.6487540" lon="7.5195760">
    <ele>237.3</ele>
    <time>2026-04-04T14:29:12Z</time>
   </trkpt>
   <trkpt lat="47.6487860" lon="7.5195490">
    <ele>237.3</ele>
    <time>2026-04-04T14:29:13Z</time>
   </trkpt>
   <trkpt lat="47.6488180" lon="7.5195250">
    <ele>237.3</ele>
    <time>2026-04-04T14:29:14Z</time>
   </trkpt>
   <trkpt lat="47.6488480" lon="7.5194990">
    <ele>237.3</ele>
    <time>2026-04-04T14:29:15Z</time>
   </trkpt>
   <trkpt lat="47.6488740" lon="7.5194780">
    <ele>237.3</ele>
    <time>2026-04-04T14:29:16Z</time>
   </trkpt>
   <trkpt lat="47.6488980" lon="7.5194560">
    <ele>237.3</ele>
    <time>2026-04-04T14:29:17Z</time>
   </trkpt>
   <trkpt lat="47.6489240" lon="7.5194330">
    <ele>237.3</ele>
    <time>2026-04-04T14:29:18Z</time>
   </trkpt>
   <trkpt lat="47.6489500" lon="7.5194080">
    <ele>237.3</ele>
    <time>2026-04-04T14:29:19Z</time>
   </trkpt>
   <trkpt lat="47.6489730" lon="7.5193860">
    <ele>237.3</ele>
    <time>2026-04-04T14:29:20Z</time>
   </trkpt>
   <trkpt lat="47.6489990" lon="7.5193640">
    <ele>237.3</ele>
    <time>2026-04-04T14:29:21Z</time>
   </trkpt>
   <trkpt lat="47.6490300" lon="7.5193410">
    <ele>237.4</ele>
    <time>2026-04-04T14:29:22Z</time>
   </trkpt>
   <trkpt lat="47.6490570" lon="7.5193150">
    <ele>237.4</ele>
    <time>2026-04-04T14:29:23Z</time>
   </trkpt>
   <trkpt lat="47.6490850" lon="7.5192880">
    <ele>237.4</ele>
    <time>2026-04-04T14:29:24Z</time>
   </trkpt>
   <trkpt lat="47.6491150" lon="7.5192610">
    <ele>237.4</ele>
    <time>2026-04-04T14:29:25Z</time>
   </trkpt>
   <trkpt lat="47.6491460" lon="7.5192360">
    <ele>237.4</ele>
    <time>2026-04-04T14:29:26Z</time>
   </trkpt>
   <trkpt lat="47.6491760" lon="7.5192140">
    <ele>237.4</ele>
    <time>2026-04-04T14:29:27Z</time>
   </trkpt>
   <trkpt lat="47.6492070" lon="7.5191910">
    <ele>237.4</ele>
    <time>2026-04-04T14:29:28Z</time>
   </trkpt>
   <trkpt lat="47.6492380" lon="7.5191680">
    <ele>237.4</ele>
    <time>2026-04-04T14:29:29Z</time>
   </trkpt>
   <trkpt lat="47.6492670" lon="7.5191450">
    <ele>237.4</ele>
    <time>2026-04-04T14:29:30Z</time>
   </trkpt>
   <trkpt lat="47.6492950" lon="7.5191230">
    <ele>237.4</ele>
    <time>2026-04-04T14:29:31Z</time>
   </trkpt>
   <trkpt lat="47.6493220" lon="7.5191000">
    <ele>237.4</ele>
    <time>2026-04-04T14:29:32Z</time>
   </trkpt>
   <trkpt lat="47.6493510" lon="7.5190770">
    <ele>237.4</ele>
    <time>2026-04-04T14:29:33Z</time>
   </trkpt>
   <trkpt lat="47.6493750" lon="7.5190520">
    <ele>237.4</ele>
    <time>2026-04-04T14:29:34Z</time>
   </trkpt>
   <trkpt lat="47.6494020" lon="7.5190260">
    <ele>237.4</ele>
    <time>2026-04-04T14:29:35Z</time>
   </trkpt>
   <trkpt lat="47.6494310" lon="7.5189990">
    <ele>237.4</ele>
    <time>2026-04-04T14:29:36Z</time>
   </trkpt>
   <trkpt lat="47.6494620" lon="7.5189750">
    <ele>237.4</ele>
    <time>2026-04-04T14:29:37Z</time>
   </trkpt>
   <trkpt lat="47.6494950" lon="7.5189510">
    <ele>237.4</ele>
    <time>2026-04-04T14:29:38Z</time>
   </trkpt>
   <trkpt lat="47.6495200" lon="7.5189290">
    <ele>237.4</ele>
    <time>2026-04-04T14:29:39Z</time>
   </trkpt>
   <trkpt lat="47.6495450" lon="7.5189100">
    <ele>237.4</ele>
    <time>2026-04-04T14:29:40Z</time>
   </trkpt>
   <trkpt lat="47.6495720" lon="7.5188900">
    <ele>237.4</ele>
    <time>2026-04-04T14:29:41Z</time>
   </trkpt>
   <trkpt lat="47.6496030" lon="7.5188680">
    <ele>237.4</ele>
    <time>2026-04-04T14:29:42Z</time>
   </trkpt>
   <trkpt lat="47.6496290" lon="7.5188450">
    <ele>237.5</ele>
    <time>2026-04-04T14:29:43Z</time>
   </trkpt>
   <trkpt lat="47.6496580" lon="7.5188210">
    <ele>237.5</ele>
    <time>2026-04-04T14:29:44Z</time>
   </trkpt>
   <trkpt lat="47.6496850" lon="7.5188010">
    <ele>237.5</ele>
    <time>2026-04-04T14:29:45Z</time>
   </trkpt>
   <trkpt lat="47.6497150" lon="7.5187770">
    <ele>237.5</ele>
    <time>2026-04-04T14:29:46Z</time>
   </trkpt>
   <trkpt lat="47.6497440" lon="7.5187530">
    <ele>237.5</ele>
    <time>2026-04-04T14:29:47Z</time>
   </trkpt>
   <trkpt lat="47.6497740" lon="7.5187220">
    <ele>237.5</ele>
    <time>2026-04-04T14:29:48Z</time>
   </trkpt>
   <trkpt lat="47.6498040" lon="7.5186940">
    <ele>237.5</ele>
    <time>2026-04-04T14:29:49Z</time>
   </trkpt>
   <trkpt lat="47.6498340" lon="7.5186660">
    <ele>237.5</ele>
    <time>2026-04-04T14:29:50Z</time>
   </trkpt>
   <trkpt lat="47.6498680" lon="7.5186500">
    <ele>237.5</ele>
    <time>2026-04-04T14:29:51Z</time>
   </trkpt>
   <trkpt lat="47.6498970" lon="7.5186370">
    <ele>237.5</ele>
    <time>2026-04-04T14:29:52Z</time>
   </trkpt>
   <trkpt lat="47.6499260" lon="7.5186220">
    <ele>237.5</ele>
    <time>2026-04-04T14:29:53Z</time>
   </trkpt>
   <trkpt lat="47.6499550" lon="7.5186020">
    <ele>237.4</ele>
    <time>2026-04-04T14:29:54Z</time>
   </trkpt>
   <trkpt lat="47.6499830" lon="7.5185800">
    <ele>237.4</ele>
    <time>2026-04-04T14:29:55Z</time>
   </trkpt>
   <trkpt lat="47.6500110" lon="7.5185570">
    <ele>237.4</ele>
    <time>2026-04-04T14:29:56Z</time>
   </trkpt>
   <trkpt lat="47.6500400" lon="7.5185320">
    <ele>237.4</ele>
    <time>2026-04-04T14:29:57Z</time>
   </trkpt>
   <trkpt lat="47.6500680" lon="7.5185090">
    <ele>237.4</ele>
    <time>2026-04-04T14:29:58Z</time>
   </trkpt>
   <trkpt lat="47.6500960" lon="7.5184880">
    <ele>237.4</ele>
    <time>2026-04-04T14:29:59Z</time>
   </trkpt>
   <trkpt lat="47.6501260" lon="7.5184690">
    <ele>237.4</ele>
    <time>2026-04-04T14:30:00Z</time>
   </trkpt>
   <trkpt lat="47.6501560" lon="7.5184500">
    <ele>237.3</ele>
    <time>2026-04-04T14:30:01Z</time>
   </trkpt>
   <trkpt lat="47.6501840" lon="7.5184320">
    <ele>237.3</ele>
    <time>2026-04-04T14:30:02Z</time>
   </trkpt>
   <trkpt lat="47.6502120" lon="7.5184120">
    <ele>237.3</ele>
    <time>2026-04-04T14:30:03Z</time>
   </trkpt>
   <trkpt lat="47.6502400" lon="7.5183910">
    <ele>237.3</ele>
    <time>2026-04-04T14:30:04Z</time>
   </trkpt>
   <trkpt lat="47.6502660" lon="7.5183700">
    <ele>237.3</ele>
    <time>2026-04-04T14:30:05Z</time>
   </trkpt>
   <trkpt lat="47.6503000" lon="7.5183380">
    <ele>237.3</ele>
    <time>2026-04-04T14:30:06Z</time>
   </trkpt>
   <trkpt lat="47.6503320" lon="7.5183100">
    <ele>237.3</ele>
    <time>2026-04-04T14:30:07Z</time>
   </trkpt>
   <trkpt lat="47.6503660" lon="7.5182790">
    <ele>237.3</ele>
    <time>2026-04-04T14:30:08Z</time>
   </trkpt>
   <trkpt lat="47.6503950" lon="7.5182530">
    <ele>237.3</ele>
    <time>2026-04-04T14:30:09Z</time>
   </trkpt>
   <trkpt lat="47.6504240" lon="7.5182310">
    <ele>237.3</ele>
    <time>2026-04-04T14:30:10Z</time>
   </trkpt>
   <trkpt lat="47.6504500" lon="7.5182120">
    <ele>237.3</ele>
    <time>2026-04-04T14:30:11Z</time>
   </trkpt>
   <trkpt lat="47.6504770" lon="7.5181890">
    <ele>237.2</ele>
    <time>2026-04-04T14:30:12Z</time>
   </trkpt>
   <trkpt lat="47.6505040" lon="7.5181660">
    <ele>237.2</ele>
    <time>2026-04-04T14:30:13Z</time>
   </trkpt>
   <trkpt lat="47.6505290" lon="7.5181430">
    <ele>237.2</ele>
    <time>2026-04-04T14:30:14Z</time>
   </trkpt>
   <trkpt lat="47.6505570" lon="7.5181220">
    <ele>237.2</ele>
    <time>2026-04-04T14:30:15Z</time>
   </trkpt>
   <trkpt lat="47.6505880" lon="7.5180940">
    <ele>237.2</ele>
    <time>2026-04-04T14:30:16Z</time>
   </trkpt>
   <trkpt lat="47.6506020" lon="7.5180810">
    <ele>237.2</ele>
    <time>2026-04-04T14:30:17Z</time>
   </trkpt>
   <trkpt lat="47.6506350" lon="7.5180520">
    <ele>237.2</ele>
    <time>2026-04-04T14:30:18Z</time>
   </trkpt>
   <trkpt lat="47.6506670" lon="7.5180260">
    <ele>237.2</ele>
    <time>2026-04-04T14:30:19Z</time>
   </trkpt>
   <trkpt lat="47.6506990" lon="7.5179980">
    <ele>237.1</ele>
    <time>2026-04-04T14:30:20Z</time>
   </trkpt>
   <trkpt lat="47.6507320" lon="7.5179720">
    <ele>237.1</ele>
    <time>2026-04-04T14:30:21Z</time>
   </trkpt>
   <trkpt lat="47.6507640" lon="7.5179450">
    <ele>237.1</ele>
    <time>2026-04-04T14:30:22Z</time>
   </trkpt>
   <trkpt lat="47.6507930" lon="7.5179230">
    <ele>237.1</ele>
    <time>2026-04-04T14:30:23Z</time>
   </trkpt>
   <trkpt lat="47.6508250" lon="7.5179000">
    <ele>237.0</ele>
    <time>2026-04-04T14:30:24Z</time>
   </trkpt>
   <trkpt lat="47.6508520" lon="7.5178730">
    <ele>237.0</ele>
    <time>2026-04-04T14:30:25Z</time>
   </trkpt>
   <trkpt lat="47.6508780" lon="7.5178460">
    <ele>237.0</ele>
    <time>2026-04-04T14:30:26Z</time>
   </trkpt>
   <trkpt lat="47.6509040" lon="7.5178200">
    <ele>237.0</ele>
    <time>2026-04-04T14:30:27Z</time>
   </trkpt>
   <trkpt lat="47.6509300" lon="7.5177950">
    <ele>237.0</ele>
    <time>2026-04-04T14:30:28Z</time>
   </trkpt>
   <trkpt lat="47.6509550" lon="7.5177690">
    <ele>237.0</ele>
    <time>2026-04-04T14:30:29Z</time>
   </trkpt>
   <trkpt lat="47.6509840" lon="7.5177430">
    <ele>237.0</ele>
    <time>2026-04-04T14:30:30Z</time>
   </trkpt>
   <trkpt lat="47.6510150" lon="7.5177180">
    <ele>237.0</ele>
    <time>2026-04-04T14:30:31Z</time>
   </trkpt>
   <trkpt lat="47.6510460" lon="7.5176940">
    <ele>237.0</ele>
    <time>2026-04-04T14:30:32Z</time>
   </trkpt>
   <trkpt lat="47.6510740" lon="7.5176700">
    <ele>237.0</ele>
    <time>2026-04-04T14:30:33Z</time>
   </trkpt>
   <trkpt lat="47.6511030" lon="7.5176470">
    <ele>237.0</ele>
    <time>2026-04-04T14:30:34Z</time>
   </trkpt>
   <trkpt lat="47.6511290" lon="7.5176290">
    <ele>237.0</ele>
    <time>2026-04-04T14:30:35Z</time>
   </trkpt>
   <trkpt lat="47.6511610" lon="7.5175970">
    <ele>237.0</ele>
    <time>2026-04-04T14:30:36Z</time>
   </trkpt>
   <trkpt lat="47.6511910" lon="7.5175670">
    <ele>237.0</ele>
    <time>2026-04-04T14:30:37Z</time>
   </trkpt>
   <trkpt lat="47.6512200" lon="7.5175410">
    <ele>237.0</ele>
    <time>2026-04-04T14:30:38Z</time>
   </trkpt>
   <trkpt lat="47.6512480" lon="7.5175130">
    <ele>237.0</ele>
    <time>2026-04-04T14:30:39Z</time>
   </trkpt>
   <trkpt lat="47.6512760" lon="7.5174890">
    <ele>237.0</ele>
    <time>2026-04-04T14:30:40Z</time>
   </trkpt>
   <trkpt lat="47.6513030" lon="7.5174630">
    <ele>237.0</ele>
    <time>2026-04-04T14:30:41Z</time>
   </trkpt>
   <trkpt lat="47.6513320" lon="7.5174390">
    <ele>237.0</ele>
    <time>2026-04-04T14:30:42Z</time>
   </trkpt>
   <trkpt lat="47.6513590" lon="7.5174150">
    <ele>237.0</ele>
    <time>2026-04-04T14:30:43Z</time>
   </trkpt>
   <trkpt lat="47.6513890" lon="7.5173900">
    <ele>237.0</ele>
    <time>2026-04-04T14:30:44Z</time>
   </trkpt>
   <trkpt lat="47.6514190" lon="7.5173650">
    <ele>237.0</ele>
    <time>2026-04-04T14:30:45Z</time>
   </trkpt>
   <trkpt lat="47.6514480" lon="7.5173420">
    <ele>237.0</ele>
    <time>2026-04-04T14:30:46Z</time>
   </trkpt>
   <trkpt lat="47.6514770" lon="7.5173190">
    <ele>237.0</ele>
    <time>2026-04-04T14:30:47Z</time>
   </trkpt>
   <trkpt lat="47.6515060" lon="7.5172960">
    <ele>237.0</ele>
    <time>2026-04-04T14:30:48Z</time>
   </trkpt>
   <trkpt lat="47.6515360" lon="7.5172720">
    <ele>237.0</ele>
    <time>2026-04-04T14:30:49Z</time>
   </trkpt>
   <trkpt lat="47.6515670" lon="7.5172480">
    <ele>237.0</ele>
    <time>2026-04-04T14:30:50Z</time>
   </trkpt>
   <trkpt lat="47.6515970" lon="7.5172270">
    <ele>237.0</ele>
    <time>2026-04-04T14:30:51Z</time>
   </trkpt>
   <trkpt lat="47.6516270" lon="7.5172050">
    <ele>237.0</ele>
    <time>2026-04-04T14:30:52Z</time>
   </trkpt>
   <trkpt lat="47.6516560" lon="7.5171790">
    <ele>237.0</ele>
    <time>2026-04-04T14:30:53Z</time>
   </trkpt>
   <trkpt lat="47.6516860" lon="7.5171540">
    <ele>237.0</ele>
    <time>2026-04-04T14:30:54Z</time>
   </trkpt>
   <trkpt lat="47.6517150" lon="7.5171290">
    <ele>237.0</ele>
    <time>2026-04-04T14:30:55Z</time>
   </trkpt>
   <trkpt lat="47.6517440" lon="7.5171050">
    <ele>237.0</ele>
    <time>2026-04-04T14:30:56Z</time>
   </trkpt>
   <trkpt lat="47.6517730" lon="7.5170800">
    <ele>237.1</ele>
    <time>2026-04-04T14:30:57Z</time>
   </trkpt>
   <trkpt lat="47.6518040" lon="7.5170540">
    <ele>237.1</ele>
    <time>2026-04-04T14:30:58Z</time>
   </trkpt>
   <trkpt lat="47.6518340" lon="7.5170280">
    <ele>237.1</ele>
    <time>2026-04-04T14:30:59Z</time>
   </trkpt>
   <trkpt lat="47.6518640" lon="7.5170020">
    <ele>237.1</ele>
    <time>2026-04-04T14:31:00Z</time>
   </trkpt>
   <trkpt lat="47.6518910" lon="7.5169770">
    <ele>237.1</ele>
    <time>2026-04-04T14:31:01Z</time>
   </trkpt>
   <trkpt lat="47.6519190" lon="7.5169520">
    <ele>237.1</ele>
    <time>2026-04-04T14:31:02Z</time>
   </trkpt>
   <trkpt lat="47.6519470" lon="7.5169290">
    <ele>237.1</ele>
    <time>2026-04-04T14:31:03Z</time>
   </trkpt>
   <trkpt lat="47.6519770" lon="7.5169050">
    <ele>237.1</ele>
    <time>2026-04-04T14:31:04Z</time>
   </trkpt>
   <trkpt lat="47.6520060" lon="7.5168790">
    <ele>237.1</ele>
    <time>2026-04-04T14:31:05Z</time>
   </trkpt>
   <trkpt lat="47.6520350" lon="7.5168550">
    <ele>237.1</ele>
    <time>2026-04-04T14:31:06Z</time>
   </trkpt>
   <trkpt lat="47.6520650" lon="7.5168310">
    <ele>237.2</ele>
    <time>2026-04-04T14:31:07Z</time>
   </trkpt>
   <trkpt lat="47.6520950" lon="7.5168060">
    <ele>237.2</ele>
    <time>2026-04-04T14:31:08Z</time>
   </trkpt>
   <trkpt lat="47.6521230" lon="7.5167820">
    <ele>237.2</ele>
    <time>2026-04-04T14:31:09Z</time>
   </trkpt>
   <trkpt lat="47.6521510" lon="7.5167540">
    <ele>237.2</ele>
    <time>2026-04-04T14:31:10Z</time>
   </trkpt>
   <trkpt lat="47.6521800" lon="7.5167240">
    <ele>237.2</ele>
    <time>2026-04-04T14:31:11Z</time>
   </trkpt>
   <trkpt lat="47.6522080" lon="7.5166970">
    <ele>237.2</ele>
    <time>2026-04-04T14:31:12Z</time>
   </trkpt>
   <trkpt lat="47.6522350" lon="7.5166760">
    <ele>237.2</ele>
    <time>2026-04-04T14:31:13Z</time>
   </trkpt>
   <trkpt lat="47.6522640" lon="7.5166500">
    <ele>237.2</ele>
    <time>2026-04-04T14:31:14Z</time>
   </trkpt>
   <trkpt lat="47.6522940" lon="7.5166240">
    <ele>237.2</ele>
    <time>2026-04-04T14:31:15Z</time>
   </trkpt>
   <trkpt lat="47.6523230" lon="7.5165980">
    <ele>237.2</ele>
    <time>2026-04-04T14:31:16Z</time>
   </trkpt>
   <trkpt lat="47.6523520" lon="7.5165760">
    <ele>237.2</ele>
    <time>2026-04-04T14:31:17Z</time>
   </trkpt>
   <trkpt lat="47.6523830" lon="7.5165510">
    <ele>237.2</ele>
    <time>2026-04-04T14:31:18Z</time>
   </trkpt>
   <trkpt lat="47.6524160" lon="7.5165240">
    <ele>237.2</ele>
    <time>2026-04-04T14:31:19Z</time>
   </trkpt>
   <trkpt lat="47.6524500" lon="7.5164950">
    <ele>237.2</ele>
    <time>2026-04-04T14:31:20Z</time>
   </trkpt>
   <trkpt lat="47.6524830" lon="7.5164670">
    <ele>237.2</ele>
    <time>2026-04-04T14:31:21Z</time>
   </trkpt>
   <trkpt lat="47.6525150" lon="7.5164460">
    <ele>237.1</ele>
    <time>2026-04-04T14:31:22Z</time>
   </trkpt>
   <trkpt lat="47.6525460" lon="7.5164230">
    <ele>237.1</ele>
    <time>2026-04-04T14:31:23Z</time>
   </trkpt>
   <trkpt lat="47.6525750" lon="7.5163980">
    <ele>237.1</ele>
    <time>2026-04-04T14:31:24Z</time>
   </trkpt>
   <trkpt lat="47.6526040" lon="7.5163720">
    <ele>237.1</ele>
    <time>2026-04-04T14:31:25Z</time>
   </trkpt>
   <trkpt lat="47.6526350" lon="7.5163510">
    <ele>237.1</ele>
    <time>2026-04-04T14:31:26Z</time>
   </trkpt>
   <trkpt lat="47.6526660" lon="7.5163280">
    <ele>237.1</ele>
    <time>2026-04-04T14:31:27Z</time>
   </trkpt>
   <trkpt lat="47.6526940" lon="7.5163050">
    <ele>237.1</ele>
    <time>2026-04-04T14:31:28Z</time>
   </trkpt>
   <trkpt lat="47.6527200" lon="7.5162820">
    <ele>237.1</ele>
    <time>2026-04-04T14:31:29Z</time>
   </trkpt>
   <trkpt lat="47.6527490" lon="7.5162570">
    <ele>237.1</ele>
    <time>2026-04-04T14:31:30Z</time>
   </trkpt>
   <trkpt lat="47.6527770" lon="7.5162290">
    <ele>237.1</ele>
    <time>2026-04-04T14:31:31Z</time>
   </trkpt>
   <trkpt lat="47.6528090" lon="7.5162020">
    <ele>237.1</ele>
    <time>2026-04-04T14:31:32Z</time>
   </trkpt>
   <trkpt lat="47.6528400" lon="7.5161780">
    <ele>237.1</ele>
    <time>2026-04-04T14:31:33Z</time>
   </trkpt>
   <trkpt lat="47.6528710" lon="7.5161520">
    <ele>237.1</ele>
    <time>2026-04-04T14:31:34Z</time>
   </trkpt>
   <trkpt lat="47.6529030" lon="7.5161290">
    <ele>237.1</ele>
    <time>2026-04-04T14:31:35Z</time>
   </trkpt>
   <trkpt lat="47.6529350" lon="7.5161050">
    <ele>237.1</ele>
    <time>2026-04-04T14:31:36Z</time>
   </trkpt>
   <trkpt lat="47.6529660" lon="7.5160800">
    <ele>237.1</ele>
    <time>2026-04-04T14:31:37Z</time>
   </trkpt>
   <trkpt lat="47.6529960" lon="7.5160540">
    <ele>237.1</ele>
    <time>2026-04-04T14:31:38Z</time>
   </trkpt>
   <trkpt lat="47.6530250" lon="7.5160250">
    <ele>237.1</ele>
    <time>2026-04-04T14:31:39Z</time>
   </trkpt>
   <trkpt lat="47.6530530" lon="7.5160010">
    <ele>237.1</ele>
    <time>2026-04-04T14:31:40Z</time>
   </trkpt>
   <trkpt lat="47.6530830" lon="7.5159780">
    <ele>237.1</ele>
    <time>2026-04-04T14:31:41Z</time>
   </trkpt>
   <trkpt lat="47.6531130" lon="7.5159500">
    <ele>237.1</ele>
    <time>2026-04-04T14:31:42Z</time>
   </trkpt>
   <trkpt lat="47.6531430" lon="7.5159230">
    <ele>237.1</ele>
    <time>2026-04-04T14:31:43Z</time>
   </trkpt>
   <trkpt lat="47.6531740" lon="7.5158950">
    <ele>237.1</ele>
    <time>2026-04-04T14:31:44Z</time>
   </trkpt>
   <trkpt lat="47.6532040" lon="7.5158680">
    <ele>237.1</ele>
    <time>2026-04-04T14:31:45Z</time>
   </trkpt>
   <trkpt lat="47.6532340" lon="7.5158410">
    <ele>237.1</ele>
    <time>2026-04-04T14:31:46Z</time>
   </trkpt>
   <trkpt lat="47.6532640" lon="7.5158150">
    <ele>237.0</ele>
    <time>2026-04-04T14:31:47Z</time>
   </trkpt>
   <trkpt lat="47.6532950" lon="7.5157890">
    <ele>237.0</ele>
    <time>2026-04-04T14:31:48Z</time>
   </trkpt>
   <trkpt lat="47.6533260" lon="7.5157660">
    <ele>237.0</ele>
    <time>2026-04-04T14:31:49Z</time>
   </trkpt>
   <trkpt lat="47.6533570" lon="7.5157430">
    <ele>237.0</ele>
    <time>2026-04-04T14:31:50Z</time>
   </trkpt>
   <trkpt lat="47.6533880" lon="7.5157210">
    <ele>237.0</ele>
    <time>2026-04-04T14:31:51Z</time>
   </trkpt>
   <trkpt lat="47.6534170" lon="7.5156970">
    <ele>237.0</ele>
    <time>2026-04-04T14:31:52Z</time>
   </trkpt>
   <trkpt lat="47.6534460" lon="7.5156720">
    <ele>237.0</ele>
    <time>2026-04-04T14:31:53Z</time>
   </trkpt>
   <trkpt lat="47.6534770" lon="7.5156470">
    <ele>237.0</ele>
    <time>2026-04-04T14:31:54Z</time>
   </trkpt>
   <trkpt lat="47.6535070" lon="7.5156230">
    <ele>236.9</ele>
    <time>2026-04-04T14:31:55Z</time>
   </trkpt>
   <trkpt lat="47.6535390" lon="7.5155960">
    <ele>236.9</ele>
    <time>2026-04-04T14:31:56Z</time>
   </trkpt>
   <trkpt lat="47.6535690" lon="7.5155690">
    <ele>236.9</ele>
    <time>2026-04-04T14:31:57Z</time>
   </trkpt>
   <trkpt lat="47.6536010" lon="7.5155430">
    <ele>236.9</ele>
    <time>2026-04-04T14:31:58Z</time>
   </trkpt>
   <trkpt lat="47.6536320" lon="7.5155190">
    <ele>236.9</ele>
    <time>2026-04-04T14:31:59Z</time>
   </trkpt>
   <trkpt lat="47.6536620" lon="7.5154980">
    <ele>236.9</ele>
    <time>2026-04-04T14:32:00Z</time>
   </trkpt>
   <trkpt lat="47.6536910" lon="7.5154750">
    <ele>236.9</ele>
    <time>2026-04-04T14:32:01Z</time>
   </trkpt>
   <trkpt lat="47.6537170" lon="7.5154530">
    <ele>236.9</ele>
    <time>2026-04-04T14:32:02Z</time>
   </trkpt>
   <trkpt lat="47.6537470" lon="7.5154300">
    <ele>236.9</ele>
    <time>2026-04-04T14:32:03Z</time>
   </trkpt>
   <trkpt lat="47.6537790" lon="7.5154020">
    <ele>236.9</ele>
    <time>2026-04-04T14:32:04Z</time>
   </trkpt>
   <trkpt lat="47.6538110" lon="7.5153790">
    <ele>236.9</ele>
    <time>2026-04-04T14:32:05Z</time>
   </trkpt>
   <trkpt lat="47.6538420" lon="7.5153530">
    <ele>236.9</ele>
    <time>2026-04-04T14:32:06Z</time>
   </trkpt>
   <trkpt lat="47.6538730" lon="7.5153290">
    <ele>236.9</ele>
    <time>2026-04-04T14:32:07Z</time>
   </trkpt>
   <trkpt lat="47.6539030" lon="7.5153050">
    <ele>237.0</ele>
    <time>2026-04-04T14:32:08Z</time>
   </trkpt>
   <trkpt lat="47.6539310" lon="7.5152820">
    <ele>237.0</ele>
    <time>2026-04-04T14:32:09Z</time>
   </trkpt>
   <trkpt lat="47.6539610" lon="7.5152560">
    <ele>237.0</ele>
    <time>2026-04-04T14:32:10Z</time>
   </trkpt>
   <trkpt lat="47.6539900" lon="7.5152310">
    <ele>237.0</ele>
    <time>2026-04-04T14:32:11Z</time>
   </trkpt>
   <trkpt lat="47.6540210" lon="7.5152050">
    <ele>237.0</ele>
    <time>2026-04-04T14:32:12Z</time>
   </trkpt>
   <trkpt lat="47.6540530" lon="7.5151790">
    <ele>237.0</ele>
    <time>2026-04-04T14:32:13Z</time>
   </trkpt>
   <trkpt lat="47.6540840" lon="7.5151540">
    <ele>237.0</ele>
    <time>2026-04-04T14:32:14Z</time>
   </trkpt>
   <trkpt lat="47.6541120" lon="7.5151330">
    <ele>237.0</ele>
    <time>2026-04-04T14:32:15Z</time>
   </trkpt>
   <trkpt lat="47.6541410" lon="7.5151090">
    <ele>237.0</ele>
    <time>2026-04-04T14:32:16Z</time>
   </trkpt>
   <trkpt lat="47.6541700" lon="7.5150860">
    <ele>237.0</ele>
    <time>2026-04-04T14:32:17Z</time>
   </trkpt>
   <trkpt lat="47.6541990" lon="7.5150620">
    <ele>237.0</ele>
    <time>2026-04-04T14:32:18Z</time>
   </trkpt>
   <trkpt lat="47.6542310" lon="7.5150380">
    <ele>237.0</ele>
    <time>2026-04-04T14:32:19Z</time>
   </trkpt>
   <trkpt lat="47.6542600" lon="7.5150160">
    <ele>237.0</ele>
    <time>2026-04-04T14:32:20Z</time>
   </trkpt>
   <trkpt lat="47.6542890" lon="7.5149930">
    <ele>237.0</ele>
    <time>2026-04-04T14:32:21Z</time>
   </trkpt>
   <trkpt lat="47.6543170" lon="7.5149680">
    <ele>237.0</ele>
    <time>2026-04-04T14:32:22Z</time>
   </trkpt>
   <trkpt lat="47.6543450" lon="7.5149400">
    <ele>237.0</ele>
    <time>2026-04-04T14:32:23Z</time>
   </trkpt>
   <trkpt lat="47.6543760" lon="7.5149150">
    <ele>237.0</ele>
    <time>2026-04-04T14:32:24Z</time>
   </trkpt>
   <trkpt lat="47.6544040" lon="7.5148920">
    <ele>237.0</ele>
    <time>2026-04-04T14:32:25Z</time>
   </trkpt>
   <trkpt lat="47.6544330" lon="7.5148660">
    <ele>237.0</ele>
    <time>2026-04-04T14:32:26Z</time>
   </trkpt>
   <trkpt lat="47.6544610" lon="7.5148430">
    <ele>237.0</ele>
    <time>2026-04-04T14:32:27Z</time>
   </trkpt>
   <trkpt lat="47.6544880" lon="7.5148130">
    <ele>237.0</ele>
    <time>2026-04-04T14:32:28Z</time>
   </trkpt>
   <trkpt lat="47.6545170" lon="7.5147890">
    <ele>237.0</ele>
    <time>2026-04-04T14:32:29Z</time>
   </trkpt>
   <trkpt lat="47.6545480" lon="7.5147610">
    <ele>237.0</ele>
    <time>2026-04-04T14:32:30Z</time>
   </trkpt>
   <trkpt lat="47.6545770" lon="7.5147340">
    <ele>237.0</ele>
    <time>2026-04-04T14:32:31Z</time>
   </trkpt>
   <trkpt lat="47.6546040" lon="7.5147010">
    <ele>237.0</ele>
    <time>2026-04-04T14:32:32Z</time>
   </trkpt>
   <trkpt lat="47.6546330" lon="7.5146710">
    <ele>237.0</ele>
    <time>2026-04-04T14:32:33Z</time>
   </trkpt>
   <trkpt lat="47.6546650" lon="7.5146450">
    <ele>237.0</ele>
    <time>2026-04-04T14:32:34Z</time>
   </trkpt>
   <trkpt lat="47.6546990" lon="7.5146170">
    <ele>237.0</ele>
    <time>2026-04-04T14:32:35Z</time>
   </trkpt>
   <trkpt lat="47.6547320" lon="7.5145930">
    <ele>237.0</ele>
    <time>2026-04-04T14:32:36Z</time>
   </trkpt>
   <trkpt lat="47.6547630" lon="7.5145690">
    <ele>237.0</ele>
    <time>2026-04-04T14:32:37Z</time>
   </trkpt>
   <trkpt lat="47.6547940" lon="7.5145480">
    <ele>237.0</ele>
    <time>2026-04-04T14:32:38Z</time>
   </trkpt>
   <trkpt lat="47.6548240" lon="7.5145220">
    <ele>237.0</ele>
    <time>2026-04-04T14:32:39Z</time>
   </trkpt>
   <trkpt lat="47.6548560" lon="7.5144930">
    <ele>237.0</ele>
    <time>2026-04-04T14:32:40Z</time>
   </trkpt>
   <trkpt lat="47.6548870" lon="7.5144640">
    <ele>237.0</ele>
    <time>2026-04-04T14:32:41Z</time>
   </trkpt>
   <trkpt lat="47.6549200" lon="7.5144370">
    <ele>237.0</ele>
    <time>2026-04-04T14:32:42Z</time>
   </trkpt>
   <trkpt lat="47.6549510" lon="7.5144140">
    <ele>237.0</ele>
    <time>2026-04-04T14:32:43Z</time>
   </trkpt>
   <trkpt lat="47.6549840" lon="7.5143910">
    <ele>236.9</ele>
    <time>2026-04-04T14:32:44Z</time>
   </trkpt>
   <trkpt lat="47.6550120" lon="7.5143690">
    <ele>236.9</ele>
    <time>2026-04-04T14:32:45Z</time>
   </trkpt>
   <trkpt lat="47.6550410" lon="7.5143450">
    <ele>236.9</ele>
    <time>2026-04-04T14:32:46Z</time>
   </trkpt>
   <trkpt lat="47.6550720" lon="7.5143200">
    <ele>236.9</ele>
    <time>2026-04-04T14:32:47Z</time>
   </trkpt>
   <trkpt lat="47.6551040" lon="7.5142990">
    <ele>236.9</ele>
    <time>2026-04-04T14:32:48Z</time>
   </trkpt>
   <trkpt lat="47.6551340" lon="7.5142780">
    <ele>236.9</ele>
    <time>2026-04-04T14:32:49Z</time>
   </trkpt>
   <trkpt lat="47.6551650" lon="7.5142550">
    <ele>236.9</ele>
    <time>2026-04-04T14:32:50Z</time>
   </trkpt>
   <trkpt lat="47.6551950" lon="7.5142300">
    <ele>236.9</ele>
    <time>2026-04-04T14:32:51Z</time>
   </trkpt>
   <trkpt lat="47.6552240" lon="7.5142040">
    <ele>236.9</ele>
    <time>2026-04-04T14:32:52Z</time>
   </trkpt>
   <trkpt lat="47.6552530" lon="7.5141840">
    <ele>236.9</ele>
    <time>2026-04-04T14:32:53Z</time>
   </trkpt>
   <trkpt lat="47.6552820" lon="7.5141630">
    <ele>236.9</ele>
    <time>2026-04-04T14:32:54Z</time>
   </trkpt>
   <trkpt lat="47.6553120" lon="7.5141400">
    <ele>236.9</ele>
    <time>2026-04-04T14:32:55Z</time>
   </trkpt>
   <trkpt lat="47.6553430" lon="7.5141150">
    <ele>236.9</ele>
    <time>2026-04-04T14:32:56Z</time>
   </trkpt>
   <trkpt lat="47.6553720" lon="7.5140900">
    <ele>236.9</ele>
    <time>2026-04-04T14:32:57Z</time>
   </trkpt>
   <trkpt lat="47.6554030" lon="7.5140680">
    <ele>236.9</ele>
    <time>2026-04-04T14:32:58Z</time>
   </trkpt>
   <trkpt lat="47.6554330" lon="7.5140450">
    <ele>236.9</ele>
    <time>2026-04-04T14:32:59Z</time>
   </trkpt>
   <trkpt lat="47.6554620" lon="7.5140220">
    <ele>236.9</ele>
    <time>2026-04-04T14:33:00Z</time>
   </trkpt>
   <trkpt lat="47.6554910" lon="7.5139950">
    <ele>236.9</ele>
    <time>2026-04-04T14:33:01Z</time>
   </trkpt>
   <trkpt lat="47.6555180" lon="7.5139750">
    <ele>236.9</ele>
    <time>2026-04-04T14:33:02Z</time>
   </trkpt>
   <trkpt lat="47.6555430" lon="7.5139550">
    <ele>237.0</ele>
    <time>2026-04-04T14:33:03Z</time>
   </trkpt>
   <trkpt lat="47.6555710" lon="7.5139270">
    <ele>237.0</ele>
    <time>2026-04-04T14:33:04Z</time>
   </trkpt>
   <trkpt lat="47.6555970" lon="7.5138990">
    <ele>237.0</ele>
    <time>2026-04-04T14:33:05Z</time>
   </trkpt>
   <trkpt lat="47.6556250" lon="7.5138680">
    <ele>237.0</ele>
    <time>2026-04-04T14:33:06Z</time>
   </trkpt>
   <trkpt lat="47.6556500" lon="7.5138380">
    <ele>237.0</ele>
    <time>2026-04-04T14:33:07Z</time>
   </trkpt>
   <trkpt lat="47.6556770" lon="7.5138060">
    <ele>237.0</ele>
    <time>2026-04-04T14:33:08Z</time>
   </trkpt>
   <trkpt lat="47.6557070" lon="7.5137770">
    <ele>237.0</ele>
    <time>2026-04-04T14:33:09Z</time>
   </trkpt>
   <trkpt lat="47.6557370" lon="7.5137500">
    <ele>237.0</ele>
    <time>2026-04-04T14:33:10Z</time>
   </trkpt>
   <trkpt lat="47.6557660" lon="7.5137220">
    <ele>237.0</ele>
    <time>2026-04-04T14:33:11Z</time>
   </trkpt>
   <trkpt lat="47.6557960" lon="7.5136930">
    <ele>237.0</ele>
    <time>2026-04-04T14:33:12Z</time>
   </trkpt>
   <trkpt lat="47.6558280" lon="7.5136660">
    <ele>237.0</ele>
    <time>2026-04-04T14:33:13Z</time>
   </trkpt>
   <trkpt lat="47.6558630" lon="7.5136350">
    <ele>237.0</ele>
    <time>2026-04-04T14:33:14Z</time>
   </trkpt>
   <trkpt lat="47.6558950" lon="7.5136070">
    <ele>236.9</ele>
    <time>2026-04-04T14:33:15Z</time>
   </trkpt>
   <trkpt lat="47.6559300" lon="7.5135770">
    <ele>236.9</ele>
    <time>2026-04-04T14:33:16Z</time>
   </trkpt>
   <trkpt lat="47.6559640" lon="7.5135490">
    <ele>236.9</ele>
    <time>2026-04-04T14:33:17Z</time>
   </trkpt>
   <trkpt lat="47.6559940" lon="7.5135180">
    <ele>236.9</ele>
    <time>2026-04-04T14:33:18Z</time>
   </trkpt>
   <trkpt lat="47.6560230" lon="7.5134900">
    <ele>236.9</ele>
    <time>2026-04-04T14:33:19Z</time>
   </trkpt>
   <trkpt lat="47.6560560" lon="7.5134610">
    <ele>236.9</ele>
    <time>2026-04-04T14:33:20Z</time>
   </trkpt>
   <trkpt lat="47.6560890" lon="7.5134380">
    <ele>236.9</ele>
    <time>2026-04-04T14:33:21Z</time>
   </trkpt>
   <trkpt lat="47.6561190" lon="7.5134150">
    <ele>236.9</ele>
    <time>2026-04-04T14:33:22Z</time>
   </trkpt>
   <trkpt lat="47.6561530" lon="7.5133860">
    <ele>236.8</ele>
    <time>2026-04-04T14:33:23Z</time>
   </trkpt>
   <trkpt lat="47.6561840" lon="7.5133600">
    <ele>236.8</ele>
    <time>2026-04-04T14:33:24Z</time>
   </trkpt>
   <trkpt lat="47.6562150" lon="7.5133370">
    <ele>236.8</ele>
    <time>2026-04-04T14:33:25Z</time>
   </trkpt>
   <trkpt lat="47.6562440" lon="7.5133150">
    <ele>236.8</ele>
    <time>2026-04-04T14:33:26Z</time>
   </trkpt>
   <trkpt lat="47.6562750" lon="7.5132940">
    <ele>236.8</ele>
    <time>2026-04-04T14:33:27Z</time>
   </trkpt>
   <trkpt lat="47.6563050" lon="7.5132770">
    <ele>236.8</ele>
    <time>2026-04-04T14:33:28Z</time>
   </trkpt>
   <trkpt lat="47.6563360" lon="7.5132610">
    <ele>236.8</ele>
    <time>2026-04-04T14:33:29Z</time>
   </trkpt>
   <trkpt lat="47.6563680" lon="7.5132440">
    <ele>236.8</ele>
    <time>2026-04-04T14:33:30Z</time>
   </trkpt>
   <trkpt lat="47.6564050" lon="7.5132200">
    <ele>236.8</ele>
    <time>2026-04-04T14:33:31Z</time>
   </trkpt>
   <trkpt lat="47.6564400" lon="7.5131930">
    <ele>236.7</ele>
    <time>2026-04-04T14:33:32Z</time>
   </trkpt>
   <trkpt lat="47.6564720" lon="7.5131670">
    <ele>236.7</ele>
    <time>2026-04-04T14:33:33Z</time>
   </trkpt>
   <trkpt lat="47.6565040" lon="7.5131370">
    <ele>236.7</ele>
    <time>2026-04-04T14:33:34Z</time>
   </trkpt>
   <trkpt lat="47.6565350" lon="7.5131080">
    <ele>236.7</ele>
    <time>2026-04-04T14:33:35Z</time>
   </trkpt>
   <trkpt lat="47.6565640" lon="7.5130800">
    <ele>236.7</ele>
    <time>2026-04-04T14:33:36Z</time>
   </trkpt>
   <trkpt lat="47.6565920" lon="7.5130580">
    <ele>236.7</ele>
    <time>2026-04-04T14:33:37Z</time>
   </trkpt>
   <trkpt lat="47.6566190" lon="7.5130350">
    <ele>236.7</ele>
    <time>2026-04-04T14:33:38Z</time>
   </trkpt>
   <trkpt lat="47.6566480" lon="7.5130080">
    <ele>236.7</ele>
    <time>2026-04-04T14:33:39Z</time>
   </trkpt>
   <trkpt lat="47.6566770" lon="7.5129860">
    <ele>236.7</ele>
    <time>2026-04-04T14:33:40Z</time>
   </trkpt>
   <trkpt lat="47.6567070" lon="7.5129660">
    <ele>236.7</ele>
    <time>2026-04-04T14:33:41Z</time>
   </trkpt>
   <trkpt lat="47.6567390" lon="7.5129450">
    <ele>236.7</ele>
    <time>2026-04-04T14:33:42Z</time>
   </trkpt>
   <trkpt lat="47.6567750" lon="7.5129210">
    <ele>236.7</ele>
    <time>2026-04-04T14:33:43Z</time>
   </trkpt>
   <trkpt lat="47.6568100" lon="7.5128950">
    <ele>236.7</ele>
    <time>2026-04-04T14:33:44Z</time>
   </trkpt>
   <trkpt lat="47.6568440" lon="7.5128700">
    <ele>236.7</ele>
    <time>2026-04-04T14:33:45Z</time>
   </trkpt>
   <trkpt lat="47.6568770" lon="7.5128420">
    <ele>236.7</ele>
    <time>2026-04-04T14:33:46Z</time>
   </trkpt>
   <trkpt lat="47.6569080" lon="7.5128140">
    <ele>236.7</ele>
    <time>2026-04-04T14:33:47Z</time>
   </trkpt>
   <trkpt lat="47.6569380" lon="7.5127850">
    <ele>236.7</ele>
    <time>2026-04-04T14:33:48Z</time>
   </trkpt>
   <trkpt lat="47.6569700" lon="7.5127560">
    <ele>236.7</ele>
    <time>2026-04-04T14:33:49Z</time>
   </trkpt>
   <trkpt lat="47.6570010" lon="7.5127280">
    <ele>236.7</ele>
    <time>2026-04-04T14:33:50Z</time>
   </trkpt>
   <trkpt lat="47.6570320" lon="7.5127010">
    <ele>236.7</ele>
    <time>2026-04-04T14:33:51Z</time>
   </trkpt>
   <trkpt lat="47.6570620" lon="7.5126740">
    <ele>236.7</ele>
    <time>2026-04-04T14:33:52Z</time>
   </trkpt>
   <trkpt lat="47.6570920" lon="7.5126480">
    <ele>236.7</ele>
    <time>2026-04-04T14:33:53Z</time>
   </trkpt>
   <trkpt lat="47.6571220" lon="7.5126220">
    <ele>236.7</ele>
    <time>2026-04-04T14:33:54Z</time>
   </trkpt>
   <trkpt lat="47.6571520" lon="7.5125960">
    <ele>236.7</ele>
    <time>2026-04-04T14:33:55Z</time>
   </trkpt>
   <trkpt lat="47.6571840" lon="7.5125700">
    <ele>236.7</ele>
    <time>2026-04-04T14:33:56Z</time>
   </trkpt>
   <trkpt lat="47.6572140" lon="7.5125430">
    <ele>236.7</ele>
    <time>2026-04-04T14:33:57Z</time>
   </trkpt>
   <trkpt lat="47.6572450" lon="7.5125170">
    <ele>236.7</ele>
    <time>2026-04-04T14:33:58Z</time>
   </trkpt>
   <trkpt lat="47.6572750" lon="7.5124910">
    <ele>236.7</ele>
    <time>2026-04-04T14:33:59Z</time>
   </trkpt>
   <trkpt lat="47.6573020" lon="7.5124640">
    <ele>236.7</ele>
    <time>2026-04-04T14:34:00Z</time>
   </trkpt>
   <trkpt lat="47.6573290" lon="7.5124370">
    <ele>236.7</ele>
    <time>2026-04-04T14:34:01Z</time>
   </trkpt>
   <trkpt lat="47.6573550" lon="7.5124150">
    <ele>236.8</ele>
    <time>2026-04-04T14:34:02Z</time>
   </trkpt>
   <trkpt lat="47.6573830" lon="7.5123950">
    <ele>236.8</ele>
    <time>2026-04-04T14:34:03Z</time>
   </trkpt>
   <trkpt lat="47.6574110" lon="7.5123720">
    <ele>236.8</ele>
    <time>2026-04-04T14:34:04Z</time>
   </trkpt>
   <trkpt lat="47.6574470" lon="7.5123450">
    <ele>236.8</ele>
    <time>2026-04-04T14:34:05Z</time>
   </trkpt>
   <trkpt lat="47.6574590" lon="7.5123350">
    <ele>236.8</ele>
    <time>2026-04-04T14:34:06Z</time>
   </trkpt>
   <trkpt lat="47.6574890" lon="7.5123130">
    <ele>236.8</ele>
    <time>2026-04-04T14:34:07Z</time>
   </trkpt>
   <trkpt lat="47.6575210" lon="7.5122880">
    <ele>236.8</ele>
    <time>2026-04-04T14:34:08Z</time>
   </trkpt>
   <trkpt lat="47.6575520" lon="7.5122620">
    <ele>236.8</ele>
    <time>2026-04-04T14:34:09Z</time>
   </trkpt>
   <trkpt lat="47.6575830" lon="7.5122370">
    <ele>236.8</ele>
    <time>2026-04-04T14:34:10Z</time>
   </trkpt>
   <trkpt lat="47.6576140" lon="7.5122150">
    <ele>236.8</ele>
    <time>2026-04-04T14:34:11Z</time>
   </trkpt>
   <trkpt lat="47.6576450" lon="7.5121920">
    <ele>236.8</ele>
    <time>2026-04-04T14:34:12Z</time>
   </trkpt>
   <trkpt lat="47.6576770" lon="7.5121690">
    <ele>236.8</ele>
    <time>2026-04-04T14:34:13Z</time>
   </trkpt>
   <trkpt lat="47.6577090" lon="7.5121450">
    <ele>236.8</ele>
    <time>2026-04-04T14:34:14Z</time>
   </trkpt>
   <trkpt lat="47.6577400" lon="7.5121190">
    <ele>236.8</ele>
    <time>2026-04-04T14:34:15Z</time>
   </trkpt>
   <trkpt lat="47.6577690" lon="7.5120940">
    <ele>236.8</ele>
    <time>2026-04-04T14:34:16Z</time>
   </trkpt>
   <trkpt lat="47.6577980" lon="7.5120710">
    <ele>236.8</ele>
    <time>2026-04-04T14:34:17Z</time>
   </trkpt>
   <trkpt lat="47.6578280" lon="7.5120460">
    <ele>236.8</ele>
    <time>2026-04-04T14:34:18Z</time>
   </trkpt>
   <trkpt lat="47.6578590" lon="7.5120200">
    <ele>236.8</ele>
    <time>2026-04-04T14:34:19Z</time>
   </trkpt>
   <trkpt lat="47.6578880" lon="7.5119950">
    <ele>236.8</ele>
    <time>2026-04-04T14:34:20Z</time>
   </trkpt>
   <trkpt lat="47.6579180" lon="7.5119670">
    <ele>236.8</ele>
    <time>2026-04-04T14:34:21Z</time>
   </trkpt>
   <trkpt lat="47.6579470" lon="7.5119400">
    <ele>236.9</ele>
    <time>2026-04-04T14:34:22Z</time>
   </trkpt>
   <trkpt lat="47.6579770" lon="7.5119170">
    <ele>236.9</ele>
    <time>2026-04-04T14:34:23Z</time>
   </trkpt>
   <trkpt lat="47.6580080" lon="7.5118920">
    <ele>236.9</ele>
    <time>2026-04-04T14:34:24Z</time>
   </trkpt>
   <trkpt lat="47.6580390" lon="7.5118660">
    <ele>236.9</ele>
    <time>2026-04-04T14:34:25Z</time>
   </trkpt>
   <trkpt lat="47.6580700" lon="7.5118400">
    <ele>236.9</ele>
    <time>2026-04-04T14:34:26Z</time>
   </trkpt>
   <trkpt lat="47.6580990" lon="7.5118130">
    <ele>236.9</ele>
    <time>2026-04-04T14:34:27Z</time>
   </trkpt>
   <trkpt lat="47.6581280" lon="7.5117870">
    <ele>236.9</ele>
    <time>2026-04-04T14:34:28Z</time>
   </trkpt>
   <trkpt lat="47.6581560" lon="7.5117610">
    <ele>236.9</ele>
    <time>2026-04-04T14:34:29Z</time>
   </trkpt>
   <trkpt lat="47.6581860" lon="7.5117340">
    <ele>236.9</ele>
    <time>2026-04-04T14:34:30Z</time>
   </trkpt>
   <trkpt lat="47.6582150" lon="7.5117090">
    <ele>237.0</ele>
    <time>2026-04-04T14:34:31Z</time>
   </trkpt>
   <trkpt lat="47.6582450" lon="7.5116860">
    <ele>237.0</ele>
    <time>2026-04-04T14:34:32Z</time>
   </trkpt>
   <trkpt lat="47.6582730" lon="7.5116630">
    <ele>237.0</ele>
    <time>2026-04-04T14:34:33Z</time>
   </trkpt>
   <trkpt lat="47.6583030" lon="7.5116380">
    <ele>237.0</ele>
    <time>2026-04-04T14:34:34Z</time>
   </trkpt>
   <trkpt lat="47.6583330" lon="7.5116120">
    <ele>237.0</ele>
    <time>2026-04-04T14:34:35Z</time>
   </trkpt>
   <trkpt lat="47.6583630" lon="7.5115850">
    <ele>237.0</ele>
    <time>2026-04-04T14:34:36Z</time>
   </trkpt>
   <trkpt lat="47.6583920" lon="7.5115580">
    <ele>237.0</ele>
    <time>2026-04-04T14:34:37Z</time>
   </trkpt>
   <trkpt lat="47.6584200" lon="7.5115330">
    <ele>237.0</ele>
    <time>2026-04-04T14:34:38Z</time>
   </trkpt>
   <trkpt lat="47.6584500" lon="7.5115100">
    <ele>237.1</ele>
    <time>2026-04-04T14:34:39Z</time>
   </trkpt>
   <trkpt lat="47.6584770" lon="7.5114890">
    <ele>237.1</ele>
    <time>2026-04-04T14:34:40Z</time>
   </trkpt>
   <trkpt lat="47.6585100" lon="7.5114530">
    <ele>237.1</ele>
    <time>2026-04-04T14:34:41Z</time>
   </trkpt>
   <trkpt lat="47.6585210" lon="7.5114410">
    <ele>237.1</ele>
    <time>2026-04-04T14:34:42Z</time>
   </trkpt>
   <trkpt lat="47.6585580" lon="7.5114180">
    <ele>237.1</ele>
    <time>2026-04-04T14:34:43Z</time>
   </trkpt>
   <trkpt lat="47.6585720" lon="7.5114120">
    <ele>237.1</ele>
    <time>2026-04-04T14:34:44Z</time>
   </trkpt>
   <trkpt lat="47.6585980" lon="7.5113990">
    <ele>237.1</ele>
    <time>2026-04-04T14:34:45Z</time>
   </trkpt>
   <trkpt lat="47.6586250" lon="7.5113850">
    <ele>237.2</ele>
    <time>2026-04-04T14:34:46Z</time>
   </trkpt>
   <trkpt lat="47.6586550" lon="7.5113660">
    <ele>237.2</ele>
    <time>2026-04-04T14:34:47Z</time>
   </trkpt>
   <trkpt lat="47.6586830" lon="7.5113480">
    <ele>237.2</ele>
    <time>2026-04-04T14:34:48Z</time>
   </trkpt>
   <trkpt lat="47.6587170" lon="7.5113300">
    <ele>237.2</ele>
    <time>2026-04-04T14:34:49Z</time>
   </trkpt>
   <trkpt lat="47.6587280" lon="7.5113250">
    <ele>237.2</ele>
    <time>2026-04-04T14:34:50Z</time>
   </trkpt>
   <trkpt lat="47.6587600" lon="7.5113130">
    <ele>237.2</ele>
    <time>2026-04-04T14:34:51Z</time>
   </trkpt>
   <trkpt lat="47.6587710" lon="7.5113110">
    <ele>237.2</ele>
    <time>2026-04-04T14:34:52Z</time>
   </trkpt>
   <trkpt lat="47.6588060" lon="7.5113240">
    <ele>237.3</ele>
    <time>2026-04-04T14:34:53Z</time>
   </trkpt>
   <trkpt lat="47.6588160" lon="7.5113330">
    <ele>237.3</ele>
    <time>2026-04-04T14:34:54Z</time>
   </trkpt>
   <trkpt lat="47.6588440" lon="7.5113530">
    <ele>237.4</ele>
    <time>2026-04-04T14:34:55Z</time>
   </trkpt>
   <trkpt lat="47.6588540" lon="7.5113600">
    <ele>237.5</ele>
    <time>2026-04-04T14:34:56Z</time>
   </trkpt>
   <trkpt lat="47.6588840" lon="7.5113820">
    <ele>237.5</ele>
    <time>2026-04-04T14:34:57Z</time>
   </trkpt>
   <trkpt lat="47.6588930" lon="7.5113900">
    <ele>237.5</ele>
    <time>2026-04-04T14:34:58Z</time>
   </trkpt>
   <trkpt lat="47.6589240" lon="7.5113870">
    <ele>237.6</ele>
    <time>2026-04-04T14:34:59Z</time>
   </trkpt>
   <trkpt lat="47.6589350" lon="7.5113790">
    <ele>237.6</ele>
    <time>2026-04-04T14:35:00Z</time>
   </trkpt>
   <trkpt lat="47.6589600" lon="7.5113600">
    <ele>237.6</ele>
    <time>2026-04-04T14:35:01Z</time>
   </trkpt>
   <trkpt lat="47.6589860" lon="7.5113400">
    <ele>237.6</ele>
    <time>2026-04-04T14:35:02Z</time>
   </trkpt>
   <trkpt lat="47.6590130" lon="7.5113210">
    <ele>237.6</ele>
    <time>2026-04-04T14:35:03Z</time>
   </trkpt>
   <trkpt lat="47.6590390" lon="7.5113050">
    <ele>237.7</ele>
    <time>2026-04-04T14:35:04Z</time>
   </trkpt>
   <trkpt lat="47.6590640" lon="7.5112870">
    <ele>237.7</ele>
    <time>2026-04-04T14:35:05Z</time>
   </trkpt>
   <trkpt lat="47.6590920" lon="7.5112710">
    <ele>237.7</ele>
    <time>2026-04-04T14:35:06Z</time>
   </trkpt>
   <trkpt lat="47.6591320" lon="7.5112720">
    <ele>237.8</ele>
    <time>2026-04-04T14:35:07Z</time>
   </trkpt>
   <trkpt lat="47.6591460" lon="7.5112780">
    <ele>237.8</ele>
    <time>2026-04-04T14:35:08Z</time>
   </trkpt>
   <trkpt lat="47.6591720" lon="7.5113080">
    <ele>237.8</ele>
    <time>2026-04-04T14:35:09Z</time>
   </trkpt>
   <trkpt lat="47.6591930" lon="7.5113430">
    <ele>237.8</ele>
    <time>2026-04-04T14:35:10Z</time>
   </trkpt>
   <trkpt lat="47.6592140" lon="7.5113780">
    <ele>237.8</ele>
    <time>2026-04-04T14:35:11Z</time>
   </trkpt>
   <trkpt lat="47.6592340" lon="7.5114150">
    <ele>237.8</ele>
    <time>2026-04-04T14:35:12Z</time>
   </trkpt>
   <trkpt lat="47.6592530" lon="7.5114520">
    <ele>237.8</ele>
    <time>2026-04-04T14:35:13Z</time>
   </trkpt>
   <trkpt lat="47.6592760" lon="7.5114880">
    <ele>237.8</ele>
    <time>2026-04-04T14:35:14Z</time>
   </trkpt>
   <trkpt lat="47.6592970" lon="7.5115270">
    <ele>237.7</ele>
    <time>2026-04-04T14:35:15Z</time>
   </trkpt>
   <trkpt lat="47.6593150" lon="7.5115660">
    <ele>237.7</ele>
    <time>2026-04-04T14:35:16Z</time>
   </trkpt>
   <trkpt lat="47.6593320" lon="7.5116070">
    <ele>237.6</ele>
    <time>2026-04-04T14:35:17Z</time>
   </trkpt>
   <trkpt lat="47.6593460" lon="7.5116500">
    <ele>237.5</ele>
    <time>2026-04-04T14:35:18Z</time>
   </trkpt>
   <trkpt lat="47.6593600" lon="7.5117010">
    <ele>237.4</ele>
    <time>2026-04-04T14:35:19Z</time>
   </trkpt>
   <trkpt lat="47.6593750" lon="7.5117560">
    <ele>237.2</ele>
    <time>2026-04-04T14:35:20Z</time>
   </trkpt>
   <trkpt lat="47.6593950" lon="7.5118150">
    <ele>237.0</ele>
    <time>2026-04-04T14:35:21Z</time>
   </trkpt>
   <trkpt lat="47.6594160" lon="7.5118740">
    <ele>236.8</ele>
    <time>2026-04-04T14:35:22Z</time>
   </trkpt>
   <trkpt lat="47.6594490" lon="7.5119350">
    <ele>236.5</ele>
    <time>2026-04-04T14:35:23Z</time>
   </trkpt>
   <trkpt lat="47.6594650" lon="7.5120020">
    <ele>236.3</ele>
    <time>2026-04-04T14:35:24Z</time>
   </trkpt>
   <trkpt lat="47.6594730" lon="7.5120680">
    <ele>236.1</ele>
    <time>2026-04-04T14:35:25Z</time>
   </trkpt>
   <trkpt lat="47.6594850" lon="7.5121350">
    <ele>235.9</ele>
    <time>2026-04-04T14:35:26Z</time>
   </trkpt>
   <trkpt lat="47.6594850" lon="7.5122060">
    <ele>235.7</ele>
    <time>2026-04-04T14:35:27Z</time>
   </trkpt>
   <trkpt lat="47.6594860" lon="7.5122750">
    <ele>235.5</ele>
    <time>2026-04-04T14:35:28Z</time>
   </trkpt>
   <trkpt lat="47.6594740" lon="7.5123550">
    <ele>235.3</ele>
    <time>2026-04-04T14:35:29Z</time>
   </trkpt>
   <trkpt lat="47.6594500" lon="7.5124380">
    <ele>235.1</ele>
    <time>2026-04-04T14:35:30Z</time>
   </trkpt>
   <trkpt lat="47.6594220" lon="7.5125040">
    <ele>234.9</ele>
    <time>2026-04-04T14:35:31Z</time>
   </trkpt>
   <trkpt lat="47.6593910" lon="7.5125690">
    <ele>234.8</ele>
    <time>2026-04-04T14:35:32Z</time>
   </trkpt>
   <trkpt lat="47.6593610" lon="7.5126300">
    <ele>234.7</ele>
    <time>2026-04-04T14:35:33Z</time>
   </trkpt>
   <trkpt lat="47.6593300" lon="7.5126910">
    <ele>234.7</ele>
    <time>2026-04-04T14:35:34Z</time>
   </trkpt>
   <trkpt lat="47.6592980" lon="7.5127400">
    <ele>234.7</ele>
    <time>2026-04-04T14:35:35Z</time>
   </trkpt>
   <trkpt lat="47.6592580" lon="7.5127770">
    <ele>234.7</ele>
    <time>2026-04-04T14:35:36Z</time>
   </trkpt>
   <trkpt lat="47.6592140" lon="7.5128190">
    <ele>234.7</ele>
    <time>2026-04-04T14:35:37Z</time>
   </trkpt>
   <trkpt lat="47.6591830" lon="7.5128610">
    <ele>234.7</ele>
    <time>2026-04-04T14:35:38Z</time>
   </trkpt>
   <trkpt lat="47.6591490" lon="7.5129080">
    <ele>234.7</ele>
    <time>2026-04-04T14:35:39Z</time>
   </trkpt>
   <trkpt lat="47.6591190" lon="7.5129320">
    <ele>234.8</ele>
    <time>2026-04-04T14:35:40Z</time>
   </trkpt>
   <trkpt lat="47.6590880" lon="7.5129700">
    <ele>234.8</ele>
    <time>2026-04-04T14:35:41Z</time>
   </trkpt>
   <trkpt lat="47.6590570" lon="7.5130060">
    <ele>234.9</ele>
    <time>2026-04-04T14:35:42Z</time>
   </trkpt>
   <trkpt lat="47.6590280" lon="7.5130340">
    <ele>234.9</ele>
    <time>2026-04-04T14:35:43Z</time>
   </trkpt>
   <trkpt lat="47.6590020" lon="7.5130650">
    <ele>235.0</ele>
    <time>2026-04-04T14:35:44Z</time>
   </trkpt>
   <trkpt lat="47.6589760" lon="7.5130960">
    <ele>235.0</ele>
    <time>2026-04-04T14:35:45Z</time>
   </trkpt>
   <trkpt lat="47.6589510" lon="7.5131270">
    <ele>235.1</ele>
    <time>2026-04-04T14:35:46Z</time>
   </trkpt>
   <trkpt lat="47.6589260" lon="7.5131620">
    <ele>235.1</ele>
    <time>2026-04-04T14:35:47Z</time>
   </trkpt>
   <trkpt lat="47.6589020" lon="7.5131950">
    <ele>235.2</ele>
    <time>2026-04-04T14:35:48Z</time>
   </trkpt>
   <trkpt lat="47.6588760" lon="7.5132260">
    <ele>235.2</ele>
    <time>2026-04-04T14:35:49Z</time>
   </trkpt>
   <trkpt lat="47.6588490" lon="7.5132580">
    <ele>235.2</ele>
    <time>2026-04-04T14:35:50Z</time>
   </trkpt>
   <trkpt lat="47.6588190" lon="7.5132910">
    <ele>235.3</ele>
    <time>2026-04-04T14:35:51Z</time>
   </trkpt>
   <trkpt lat="47.6587910" lon="7.5133260">
    <ele>235.3</ele>
    <time>2026-04-04T14:35:52Z</time>
   </trkpt>
   <trkpt lat="47.6587670" lon="7.5133610">
    <ele>235.4</ele>
    <time>2026-04-04T14:35:53Z</time>
   </trkpt>
   <trkpt lat="47.6587410" lon="7.5133940">
    <ele>235.4</ele>
    <time>2026-04-04T14:35:54Z</time>
   </trkpt>
   <trkpt lat="47.6587140" lon="7.5134270">
    <ele>235.4</ele>
    <time>2026-04-04T14:35:55Z</time>
   </trkpt>
   <trkpt lat="47.6586860" lon="7.5134550">
    <ele>235.4</ele>
    <time>2026-04-04T14:35:56Z</time>
   </trkpt>
   <trkpt lat="47.6586590" lon="7.5134840">
    <ele>235.4</ele>
    <time>2026-04-04T14:35:57Z</time>
   </trkpt>
   <trkpt lat="47.6586320" lon="7.5135120">
    <ele>235.5</ele>
    <time>2026-04-04T14:35:58Z</time>
   </trkpt>
   <trkpt lat="47.6586030" lon="7.5135420">
    <ele>235.5</ele>
    <time>2026-04-04T14:35:59Z</time>
   </trkpt>
   <trkpt lat="47.6585770" lon="7.5135720">
    <ele>235.5</ele>
    <time>2026-04-04T14:36:00Z</time>
   </trkpt>
   <trkpt lat="47.6585520" lon="7.5136030">
    <ele>235.6</ele>
    <time>2026-04-04T14:36:01Z</time>
   </trkpt>
   <trkpt lat="47.6585260" lon="7.5136360">
    <ele>235.6</ele>
    <time>2026-04-04T14:36:02Z</time>
   </trkpt>
   <trkpt lat="47.6585050" lon="7.5136690">
    <ele>235.6</ele>
    <time>2026-04-04T14:36:03Z</time>
   </trkpt>
   <trkpt lat="47.6584860" lon="7.5137030">
    <ele>235.6</ele>
    <time>2026-04-04T14:36:04Z</time>
   </trkpt>
   <trkpt lat="47.6584650" lon="7.5137300">
    <ele>235.7</ele>
    <time>2026-04-04T14:36:05Z</time>
   </trkpt>
   <trkpt lat="47.6584320" lon="7.5137640">
    <ele>235.7</ele>
    <time>2026-04-04T14:36:06Z</time>
   </trkpt>
   <trkpt lat="47.6584220" lon="7.5137740">
    <ele>235.7</ele>
    <time>2026-04-04T14:36:07Z</time>
   </trkpt>
   <trkpt lat="47.6583940" lon="7.5138080">
    <ele>235.7</ele>
    <time>2026-04-04T14:36:08Z</time>
   </trkpt>
   <trkpt lat="47.6583840" lon="7.5138200">
    <ele>235.7</ele>
    <time>2026-04-04T14:36:09Z</time>
   </trkpt>
   <trkpt lat="47.6583650" lon="7.5138490">
    <ele>235.7</ele>
    <time>2026-04-04T14:36:10Z</time>
   </trkpt>
   <trkpt lat="47.6583350" lon="7.5138880">
    <ele>235.8</ele>
    <time>2026-04-04T14:36:11Z</time>
   </trkpt>
   <trkpt lat="47.6583260" lon="7.5139010">
    <ele>235.8</ele>
    <time>2026-04-04T14:36:12Z</time>
   </trkpt>
   <trkpt lat="47.6583020" lon="7.5139430">
    <ele>235.8</ele>
    <time>2026-04-04T14:36:13Z</time>
   </trkpt>
   <trkpt lat="47.6582930" lon="7.5139590">
    <ele>235.7</ele>
    <time>2026-04-04T14:36:14Z</time>
   </trkpt>
   <trkpt lat="47.6582650" lon="7.5139980">
    <ele>235.7</ele>
    <time>2026-04-04T14:36:15Z</time>
   </trkpt>
   <trkpt lat="47.6582560" lon="7.5140080">
    <ele>235.7</ele>
    <time>2026-04-04T14:36:16Z</time>
   </trkpt>
   <trkpt lat="47.6582260" lon="7.5140470">
    <ele>235.7</ele>
    <time>2026-04-04T14:36:17Z</time>
   </trkpt>
   <trkpt lat="47.6582150" lon="7.5140600">
    <ele>235.7</ele>
    <time>2026-04-04T14:36:18Z</time>
   </trkpt>
   <trkpt lat="47.6581940" lon="7.5140870">
    <ele>235.7</ele>
    <time>2026-04-04T14:36:19Z</time>
   </trkpt>
   <trkpt lat="47.6581700" lon="7.5141150">
    <ele>235.7</ele>
    <time>2026-04-04T14:36:20Z</time>
   </trkpt>
   <trkpt lat="47.6581470" lon="7.5141410">
    <ele>235.7</ele>
    <time>2026-04-04T14:36:21Z</time>
   </trkpt>
   <trkpt lat="47.6581230" lon="7.5141680">
    <ele>235.7</ele>
    <time>2026-04-04T14:36:22Z</time>
   </trkpt>
   <trkpt lat="47.6581000" lon="7.5141960">
    <ele>235.7</ele>
    <time>2026-04-04T14:36:23Z</time>
   </trkpt>
   <trkpt lat="47.6580740" lon="7.5142260">
    <ele>235.7</ele>
    <time>2026-04-04T14:36:24Z</time>
   </trkpt>
   <trkpt lat="47.6580500" lon="7.5142610">
    <ele>235.7</ele>
    <time>2026-04-04T14:36:25Z</time>
   </trkpt>
   <trkpt lat="47.6580240" lon="7.5142960">
    <ele>235.8</ele>
    <time>2026-04-04T14:36:26Z</time>
   </trkpt>
   <trkpt lat="47.6579990" lon="7.5143280">
    <ele>235.8</ele>
    <time>2026-04-04T14:36:27Z</time>
   </trkpt>
   <trkpt lat="47.6579780" lon="7.5143570">
    <ele>235.8</ele>
    <time>2026-04-04T14:36:28Z</time>
   </trkpt>
   <trkpt lat="47.6579550" lon="7.5143800">
    <ele>235.9</ele>
    <time>2026-04-04T14:36:29Z</time>
   </trkpt>
   <trkpt lat="47.6579200" lon="7.5144060">
    <ele>235.9</ele>
    <time>2026-04-04T14:36:30Z</time>
   </trkpt>
   <trkpt lat="47.6579090" lon="7.5144110">
    <ele>236.0</ele>
    <time>2026-04-04T14:36:31Z</time>
   </trkpt>
   <trkpt lat="47.6578750" lon="7.5144320">
    <ele>236.0</ele>
    <time>2026-04-04T14:36:32Z</time>
   </trkpt>
   <trkpt lat="47.6578630" lon="7.5144400">
    <ele>236.1</ele>
    <time>2026-04-04T14:36:33Z</time>
   </trkpt>
   <trkpt lat="47.6578300" lon="7.5144580">
    <ele>236.1</ele>
    <time>2026-04-04T14:36:34Z</time>
   </trkpt>
   <trkpt lat="47.6578180" lon="7.5144630">
    <ele>236.2</ele>
    <time>2026-04-04T14:36:35Z</time>
   </trkpt>
   <trkpt lat="47.6577890" lon="7.5144790">
    <ele>236.2</ele>
    <time>2026-04-04T14:36:36Z</time>
   </trkpt>
   <trkpt lat="47.6577620" lon="7.5145000">
    <ele>236.2</ele>
    <time>2026-04-04T14:36:37Z</time>
   </trkpt>
   <trkpt lat="47.6577350" lon="7.5145180">
    <ele>236.1</ele>
    <time>2026-04-04T14:36:38Z</time>
   </trkpt>
   <trkpt lat="47.6577080" lon="7.5145340">
    <ele>236.1</ele>
    <time>2026-04-04T14:36:39Z</time>
   </trkpt>
   <trkpt lat="47.6576810" lon="7.5145500">
    <ele>236.0</ele>
    <time>2026-04-04T14:36:40Z</time>
   </trkpt>
   <trkpt lat="47.6576560" lon="7.5145650">
    <ele>236.0</ele>
    <time>2026-04-04T14:36:41Z</time>
   </trkpt>
   <trkpt lat="47.6576210" lon="7.5145850">
    <ele>236.0</ele>
    <time>2026-04-04T14:36:42Z</time>
   </trkpt>
   <trkpt lat="47.6576100" lon="7.5145910">
    <ele>235.9</ele>
    <time>2026-04-04T14:36:43Z</time>
   </trkpt>
   <trkpt lat="47.6575940" lon="7.5145990">
    <ele>235.9</ele>
    <time>2026-04-04T14:36:44Z</time>
   </trkpt>
   <trkpt lat="47.6575750" lon="7.5146050">
    <ele>235.9</ele>
    <time>2026-04-04T14:36:45Z</time>
   </trkpt>
   <trkpt lat="47.6575540" lon="7.5146150">
    <ele>235.9</ele>
    <time>2026-04-04T14:36:46Z</time>
   </trkpt>
   <trkpt lat="47.6575470" lon="7.5146190">
    <ele>235.9</ele>
    <time>2026-04-04T14:36:47Z</time>
   </trkpt>
   <trkpt lat="47.6575410" lon="7.5146230">
    <ele>235.9</ele>
    <time>2026-04-04T14:36:48Z</time>
   </trkpt>
   <trkpt lat="47.6575340" lon="7.5146260">
    <ele>235.9</ele>
    <time>2026-04-04T14:36:49Z</time>
   </trkpt>
   <trkpt lat="47.6575280" lon="7.5146300">
    <ele>235.9</ele>
    <time>2026-04-04T14:36:50Z</time>
   </trkpt>
   <trkpt lat="47.6575220" lon="7.5146340">
    <ele>235.8</ele>
    <time>2026-04-04T14:36:51Z</time>
   </trkpt>
   <trkpt lat="47.6575150" lon="7.5146380">
    <ele>235.8</ele>
    <time>2026-04-04T14:36:52Z</time>
   </trkpt>
   <trkpt lat="47.6575090" lon="7.5146420">
    <ele>235.8</ele>
    <time>2026-04-04T14:36:53Z</time>
   </trkpt>
   <trkpt lat="47.6575020" lon="7.5146460">
    <ele>235.8</ele>
    <time>2026-04-04T14:36:54Z</time>
   </trkpt>
   <trkpt lat="47.6574960" lon="7.5146500">
    <ele>235.8</ele>
    <time>2026-04-04T14:36:55Z</time>
   </trkpt>
   <trkpt lat="47.6574900" lon="7.5146540">
    <ele>235.8</ele>
    <time>2026-04-04T14:36:56Z</time>
   </trkpt>
   <trkpt lat="47.6574830" lon="7.5146570">
    <ele>235.8</ele>
    <time>2026-04-04T14:36:57Z</time>
   </trkpt>
   <trkpt lat="47.6574770" lon="7.5146610">
    <ele>235.8</ele>
    <time>2026-04-04T14:38:14Z</time>
   </trkpt>
   <trkpt lat="47.6574700" lon="7.5146650">
    <ele>235.8</ele>
    <time>2026-04-04T14:38:15Z</time>
   </trkpt>
   <trkpt lat="47.6574640" lon="7.5146690">
    <ele>235.8</ele>
    <time>2026-04-04T14:38:16Z</time>
   </trkpt>
   <trkpt lat="47.6574320" lon="7.5146960">
    <ele>235.7</ele>
    <time>2026-04-04T14:38:17Z</time>
   </trkpt>
   <trkpt lat="47.6574210" lon="7.5147040">
    <ele>235.7</ele>
    <time>2026-04-04T14:38:18Z</time>
   </trkpt>
   <trkpt lat="47.6573920" lon="7.5147190">
    <ele>235.7</ele>
    <time>2026-04-04T14:38:19Z</time>
   </trkpt>
   <trkpt lat="47.6573820" lon="7.5147230">
    <ele>235.7</ele>
    <time>2026-04-04T14:38:20Z</time>
   </trkpt>
   <trkpt lat="47.6573450" lon="7.5147390">
    <ele>235.7</ele>
    <time>2026-04-04T14:38:21Z</time>
   </trkpt>
   <trkpt lat="47.6573310" lon="7.5147450">
    <ele>235.7</ele>
    <time>2026-04-04T14:38:22Z</time>
   </trkpt>
   <trkpt lat="47.6573050" lon="7.5147580">
    <ele>235.7</ele>
    <time>2026-04-04T14:38:23Z</time>
   </trkpt>
   <trkpt lat="47.6572770" lon="7.5147660">
    <ele>235.6</ele>
    <time>2026-04-04T14:38:24Z</time>
   </trkpt>
   <trkpt lat="47.6572500" lon="7.5147730">
    <ele>235.6</ele>
    <time>2026-04-04T14:38:25Z</time>
   </trkpt>
   <trkpt lat="47.6572200" lon="7.5147730">
    <ele>235.6</ele>
    <time>2026-04-04T14:38:26Z</time>
   </trkpt>
   <trkpt lat="47.6571910" lon="7.5147660">
    <ele>235.6</ele>
    <time>2026-04-04T14:38:27Z</time>
   </trkpt>
   <trkpt lat="47.6571590" lon="7.5147580">
    <ele>235.6</ele>
    <time>2026-04-04T14:38:28Z</time>
   </trkpt>
   <trkpt lat="47.6571280" lon="7.5147530">
    <ele>235.6</ele>
    <time>2026-04-04T14:38:29Z</time>
   </trkpt>
   <trkpt lat="47.6571000" lon="7.5147520">
    <ele>235.5</ele>
    <time>2026-04-04T14:38:30Z</time>
   </trkpt>
   <trkpt lat="47.6570690" lon="7.5147530">
    <ele>235.5</ele>
    <time>2026-04-04T14:38:31Z</time>
   </trkpt>
   <trkpt lat="47.6570350" lon="7.5147550">
    <ele>235.5</ele>
    <time>2026-04-04T14:38:32Z</time>
   </trkpt>
   <trkpt lat="47.6570030" lon="7.5147550">
    <ele>235.5</ele>
    <time>2026-04-04T14:38:33Z</time>
   </trkpt>
   <trkpt lat="47.6569710" lon="7.5147590">
    <ele>235.5</ele>
    <time>2026-04-04T14:38:34Z</time>
   </trkpt>
   <trkpt lat="47.6569380" lon="7.5147620">
    <ele>235.5</ele>
    <time>2026-04-04T14:38:35Z</time>
   </trkpt>
   <trkpt lat="47.6569050" lon="7.5147620">
    <ele>235.5</ele>
    <time>2026-04-04T14:38:36Z</time>
   </trkpt>
   <trkpt lat="47.6568750" lon="7.5147590">
    <ele>235.5</ele>
    <time>2026-04-04T14:38:37Z</time>
   </trkpt>
   <trkpt lat="47.6568440" lon="7.5147570">
    <ele>235.5</ele>
    <time>2026-04-04T14:38:38Z</time>
   </trkpt>
   <trkpt lat="47.6568170" lon="7.5147570">
    <ele>235.5</ele>
    <time>2026-04-04T14:38:39Z</time>
   </trkpt>
   <trkpt lat="47.6567890" lon="7.5147590">
    <ele>235.5</ele>
    <time>2026-04-04T14:38:40Z</time>
   </trkpt>
   <trkpt lat="47.6567600" lon="7.5147560">
    <ele>235.5</ele>
    <time>2026-04-04T14:38:41Z</time>
   </trkpt>
   <trkpt lat="47.6567320" lon="7.5147500">
    <ele>235.5</ele>
    <time>2026-04-04T14:38:42Z</time>
   </trkpt>
   <trkpt lat="47.6567040" lon="7.5147490">
    <ele>235.6</ele>
    <time>2026-04-04T14:38:43Z</time>
   </trkpt>
   <trkpt lat="47.6566740" lon="7.5147510">
    <ele>235.6</ele>
    <time>2026-04-04T14:38:44Z</time>
   </trkpt>
   <trkpt lat="47.6566450" lon="7.5147550">
    <ele>235.6</ele>
    <time>2026-04-04T14:38:45Z</time>
   </trkpt>
   <trkpt lat="47.6566140" lon="7.5147580">
    <ele>235.6</ele>
    <time>2026-04-04T14:38:46Z</time>
   </trkpt>
   <trkpt lat="47.6565830" lon="7.5147640">
    <ele>235.6</ele>
    <time>2026-04-04T14:38:47Z</time>
   </trkpt>
   <trkpt lat="47.6565510" lon="7.5147720">
    <ele>235.6</ele>
    <time>2026-04-04T14:38:48Z</time>
   </trkpt>
   <trkpt lat="47.6565190" lon="7.5147810">
    <ele>235.7</ele>
    <time>2026-04-04T14:38:49Z</time>
   </trkpt>
   <trkpt lat="47.6564880" lon="7.5147910">
    <ele>235.7</ele>
    <time>2026-04-04T14:38:50Z</time>
   </trkpt>
   <trkpt lat="47.6564580" lon="7.5148050">
    <ele>235.7</ele>
    <time>2026-04-04T14:38:51Z</time>
   </trkpt>
   <trkpt lat="47.6564320" lon="7.5148160">
    <ele>235.8</ele>
    <time>2026-04-04T14:38:52Z</time>
   </trkpt>
   <trkpt lat="47.6564040" lon="7.5148310">
    <ele>235.8</ele>
    <time>2026-04-04T14:38:53Z</time>
   </trkpt>
   <trkpt lat="47.6563770" lon="7.5148480">
    <ele>235.9</ele>
    <time>2026-04-04T14:38:54Z</time>
   </trkpt>
   <trkpt lat="47.6563500" lon="7.5148680">
    <ele>235.9</ele>
    <time>2026-04-04T14:38:55Z</time>
   </trkpt>
   <trkpt lat="47.6563240" lon="7.5148880">
    <ele>236.0</ele>
    <time>2026-04-04T14:38:56Z</time>
   </trkpt>
   <trkpt lat="47.6562990" lon="7.5149060">
    <ele>236.0</ele>
    <time>2026-04-04T14:38:57Z</time>
   </trkpt>
   <trkpt lat="47.6562720" lon="7.5149260">
    <ele>236.1</ele>
    <time>2026-04-04T14:38:58Z</time>
   </trkpt>
   <trkpt lat="47.6562470" lon="7.5149480">
    <ele>236.1</ele>
    <time>2026-04-04T14:38:59Z</time>
   </trkpt>
   <trkpt lat="47.6562220" lon="7.5149690">
    <ele>236.2</ele>
    <time>2026-04-04T14:39:00Z</time>
   </trkpt>
   <trkpt lat="47.6561960" lon="7.5149890">
    <ele>236.2</ele>
    <time>2026-04-04T14:39:01Z</time>
   </trkpt>
   <trkpt lat="47.6561700" lon="7.5150080">
    <ele>236.2</ele>
    <time>2026-04-04T14:39:02Z</time>
   </trkpt>
   <trkpt lat="47.6561450" lon="7.5150270">
    <ele>236.2</ele>
    <time>2026-04-04T14:39:03Z</time>
   </trkpt>
   <trkpt lat="47.6561200" lon="7.5150510">
    <ele>236.1</ele>
    <time>2026-04-04T14:39:04Z</time>
   </trkpt>
   <trkpt lat="47.6560940" lon="7.5150740">
    <ele>236.1</ele>
    <time>2026-04-04T14:39:05Z</time>
   </trkpt>
   <trkpt lat="47.6560660" lon="7.5150980">
    <ele>236.0</ele>
    <time>2026-04-04T14:39:06Z</time>
   </trkpt>
   <trkpt lat="47.6560350" lon="7.5151230">
    <ele>236.0</ele>
    <time>2026-04-04T14:39:07Z</time>
   </trkpt>
   <trkpt lat="47.6560000" lon="7.5151560">
    <ele>235.9</ele>
    <time>2026-04-04T14:39:08Z</time>
   </trkpt>
   <trkpt lat="47.6559620" lon="7.5151890">
    <ele>235.8</ele>
    <time>2026-04-04T14:39:09Z</time>
   </trkpt>
   <trkpt lat="47.6559230" lon="7.5152180">
    <ele>235.7</ele>
    <time>2026-04-04T14:39:10Z</time>
   </trkpt>
   <trkpt lat="47.6558860" lon="7.5152640">
    <ele>235.6</ele>
    <time>2026-04-04T14:39:11Z</time>
   </trkpt>
   <trkpt lat="47.6558450" lon="7.5152960">
    <ele>235.6</ele>
    <time>2026-04-04T14:39:12Z</time>
   </trkpt>
   <trkpt lat="47.6558010" lon="7.5153170">
    <ele>235.6</ele>
    <time>2026-04-04T14:39:13Z</time>
   </trkpt>
   <trkpt lat="47.6557690" lon="7.5153150">
    <ele>235.6</ele>
    <time>2026-04-04T14:39:14Z</time>
   </trkpt>
   <trkpt lat="47.6557360" lon="7.5153210">
    <ele>235.6</ele>
    <time>2026-04-04T14:39:15Z</time>
   </trkpt>
   <trkpt lat="47.6557020" lon="7.5153430">
    <ele>235.6</ele>
    <time>2026-04-04T14:39:16Z</time>
   </trkpt>
   <trkpt lat="47.6556730" lon="7.5153360">
    <ele>235.7</ele>
    <time>2026-04-04T14:39:17Z</time>
   </trkpt>
   <trkpt lat="47.6556410" lon="7.5153350">
    <ele>235.7</ele>
    <time>2026-04-04T14:39:18Z</time>
   </trkpt>
   <trkpt lat="47.6556070" lon="7.5153380">
    <ele>235.7</ele>
    <time>2026-04-04T14:39:19Z</time>
   </trkpt>
   <trkpt lat="47.6555740" lon="7.5153400">
    <ele>235.7</ele>
    <time>2026-04-04T14:39:20Z</time>
   </trkpt>
   <trkpt lat="47.6555420" lon="7.5153440">
    <ele>235.7</ele>
    <time>2026-04-04T14:39:21Z</time>
   </trkpt>
   <trkpt lat="47.6555100" lon="7.5153480">
    <ele>235.8</ele>
    <time>2026-04-04T14:39:22Z</time>
   </trkpt>
   <trkpt lat="47.6554780" lon="7.5153500">
    <ele>235.8</ele>
    <time>2026-04-04T14:39:23Z</time>
   </trkpt>
   <trkpt lat="47.6554450" lon="7.5153540">
    <ele>235.8</ele>
    <time>2026-04-04T14:39:24Z</time>
   </trkpt>
   <trkpt lat="47.6554110" lon="7.5153590">
    <ele>235.8</ele>
    <time>2026-04-04T14:39:25Z</time>
   </trkpt>
   <trkpt lat="47.6553760" lon="7.5153620">
    <ele>235.9</ele>
    <time>2026-04-04T14:39:26Z</time>
   </trkpt>
   <trkpt lat="47.6553430" lon="7.5153630">
    <ele>235.9</ele>
    <time>2026-04-04T14:39:27Z</time>
   </trkpt>
   <trkpt lat="47.6553090" lon="7.5153630">
    <ele>235.9</ele>
    <time>2026-04-04T14:39:28Z</time>
   </trkpt>
   <trkpt lat="47.6552760" lon="7.5153620">
    <ele>236.0</ele>
    <time>2026-04-04T14:39:29Z</time>
   </trkpt>
   <trkpt lat="47.6552450" lon="7.5153590">
    <ele>236.0</ele>
    <time>2026-04-04T14:39:30Z</time>
   </trkpt>
   <trkpt lat="47.6552130" lon="7.5153550">
    <ele>236.0</ele>
    <time>2026-04-04T14:39:31Z</time>
   </trkpt>
   <trkpt lat="47.6551810" lon="7.5153520">
    <ele>236.0</ele>
    <time>2026-04-04T14:39:32Z</time>
   </trkpt>
   <trkpt lat="47.6551490" lon="7.5153480">
    <ele>236.0</ele>
    <time>2026-04-04T14:39:33Z</time>
   </trkpt>
   <trkpt lat="47.6551180" lon="7.5153470">
    <ele>236.0</ele>
    <time>2026-04-04T14:39:34Z</time>
   </trkpt>
   <trkpt lat="47.6550860" lon="7.5153440">
    <ele>236.0</ele>
    <time>2026-04-04T14:39:35Z</time>
   </trkpt>
   <trkpt lat="47.6550540" lon="7.5153400">
    <ele>236.0</ele>
    <time>2026-04-04T14:39:36Z</time>
   </trkpt>
   <trkpt lat="47.6550230" lon="7.5153370">
    <ele>236.0</ele>
    <time>2026-04-04T14:39:37Z</time>
   </trkpt>
   <trkpt lat="47.6549930" lon="7.5153400">
    <ele>236.0</ele>
    <time>2026-04-04T14:39:38Z</time>
   </trkpt>
   <trkpt lat="47.6549610" lon="7.5153450">
    <ele>236.0</ele>
    <time>2026-04-04T14:39:39Z</time>
   </trkpt>
   <trkpt lat="47.6549290" lon="7.5153460">
    <ele>236.0</ele>
    <time>2026-04-04T14:39:40Z</time>
   </trkpt>
   <trkpt lat="47.6548980" lon="7.5153450">
    <ele>236.0</ele>
    <time>2026-04-04T14:39:41Z</time>
   </trkpt>
   <trkpt lat="47.6548660" lon="7.5153460">
    <ele>236.0</ele>
    <time>2026-04-04T14:39:42Z</time>
   </trkpt>
   <trkpt lat="47.6548340" lon="7.5153460">
    <ele>236.0</ele>
    <time>2026-04-04T14:39:43Z</time>
   </trkpt>
   <trkpt lat="47.6548010" lon="7.5153500">
    <ele>236.0</ele>
    <time>2026-04-04T14:39:44Z</time>
   </trkpt>
   <trkpt lat="47.6547700" lon="7.5153570">
    <ele>236.0</ele>
    <time>2026-04-04T14:39:45Z</time>
   </trkpt>
   <trkpt lat="47.6547400" lon="7.5153700">
    <ele>236.0</ele>
    <time>2026-04-04T14:39:46Z</time>
   </trkpt>
   <trkpt lat="47.6547090" lon="7.5153910">
    <ele>236.0</ele>
    <time>2026-04-04T14:39:47Z</time>
   </trkpt>
   <trkpt lat="47.6546780" lon="7.5154150">
    <ele>236.0</ele>
    <time>2026-04-04T14:39:48Z</time>
   </trkpt>
   <trkpt lat="47.6546480" lon="7.5154360">
    <ele>236.0</ele>
    <time>2026-04-04T14:39:49Z</time>
   </trkpt>
   <trkpt lat="47.6546190" lon="7.5154600">
    <ele>235.9</ele>
    <time>2026-04-04T14:39:50Z</time>
   </trkpt>
   <trkpt lat="47.6545890" lon="7.5154860">
    <ele>235.9</ele>
    <time>2026-04-04T14:39:51Z</time>
   </trkpt>
   <trkpt lat="47.6545600" lon="7.5155120">
    <ele>235.9</ele>
    <time>2026-04-04T14:39:52Z</time>
   </trkpt>
   <trkpt lat="47.6545330" lon="7.5155370">
    <ele>235.9</ele>
    <time>2026-04-04T14:39:53Z</time>
   </trkpt>
   <trkpt lat="47.6545090" lon="7.5155590">
    <ele>235.9</ele>
    <time>2026-04-04T14:39:54Z</time>
   </trkpt>
   <trkpt lat="47.6544840" lon="7.5155820">
    <ele>235.9</ele>
    <time>2026-04-04T14:39:55Z</time>
   </trkpt>
   <trkpt lat="47.6544600" lon="7.5156050">
    <ele>235.9</ele>
    <time>2026-04-04T14:39:56Z</time>
   </trkpt>
   <trkpt lat="47.6544350" lon="7.5156290">
    <ele>235.9</ele>
    <time>2026-04-04T14:39:57Z</time>
   </trkpt>
   <trkpt lat="47.6544090" lon="7.5156510">
    <ele>235.8</ele>
    <time>2026-04-04T14:39:58Z</time>
   </trkpt>
   <trkpt lat="47.6543830" lon="7.5156730">
    <ele>235.8</ele>
    <time>2026-04-04T14:39:59Z</time>
   </trkpt>
   <trkpt lat="47.6543550" lon="7.5156970">
    <ele>235.8</ele>
    <time>2026-04-04T14:40:00Z</time>
   </trkpt>
   <trkpt lat="47.6543270" lon="7.5157230">
    <ele>235.8</ele>
    <time>2026-04-04T14:40:01Z</time>
   </trkpt>
   <trkpt lat="47.6542990" lon="7.5157530">
    <ele>235.8</ele>
    <time>2026-04-04T14:40:02Z</time>
   </trkpt>
   <trkpt lat="47.6542720" lon="7.5157820">
    <ele>235.8</ele>
    <time>2026-04-04T14:40:03Z</time>
   </trkpt>
   <trkpt lat="47.6542460" lon="7.5158100">
    <ele>235.8</ele>
    <time>2026-04-04T14:40:04Z</time>
   </trkpt>
   <trkpt lat="47.6542200" lon="7.5158370">
    <ele>235.9</ele>
    <time>2026-04-04T14:40:05Z</time>
   </trkpt>
   <trkpt lat="47.6541930" lon="7.5158640">
    <ele>235.9</ele>
    <time>2026-04-04T14:40:06Z</time>
   </trkpt>
   <trkpt lat="47.6541660" lon="7.5158960">
    <ele>235.9</ele>
    <time>2026-04-04T14:40:07Z</time>
   </trkpt>
   <trkpt lat="47.6541400" lon="7.5159270">
    <ele>235.9</ele>
    <time>2026-04-04T14:40:08Z</time>
   </trkpt>
   <trkpt lat="47.6541150" lon="7.5159540">
    <ele>235.9</ele>
    <time>2026-04-04T14:40:09Z</time>
   </trkpt>
   <trkpt lat="47.6540890" lon="7.5159820">
    <ele>235.9</ele>
    <time>2026-04-04T14:40:10Z</time>
   </trkpt>
   <trkpt lat="47.6540630" lon="7.5160060">
    <ele>235.9</ele>
    <time>2026-04-04T14:40:11Z</time>
   </trkpt>
   <trkpt lat="47.6540340" lon="7.5160310">
    <ele>235.9</ele>
    <time>2026-04-04T14:40:12Z</time>
   </trkpt>
   <trkpt lat="47.6540060" lon="7.5160610">
    <ele>235.8</ele>
    <time>2026-04-04T14:40:13Z</time>
   </trkpt>
   <trkpt lat="47.6539780" lon="7.5160920">
    <ele>235.8</ele>
    <time>2026-04-04T14:40:14Z</time>
   </trkpt>
   <trkpt lat="47.6539490" lon="7.5161230">
    <ele>235.8</ele>
    <time>2026-04-04T14:40:15Z</time>
   </trkpt>
   <trkpt lat="47.6539220" lon="7.5161530">
    <ele>235.8</ele>
    <time>2026-04-04T14:40:16Z</time>
   </trkpt>
   <trkpt lat="47.6538950" lon="7.5161820">
    <ele>235.9</ele>
    <time>2026-04-04T14:40:17Z</time>
   </trkpt>
   <trkpt lat="47.6538670" lon="7.5162100">
    <ele>235.9</ele>
    <time>2026-04-04T14:40:18Z</time>
   </trkpt>
   <trkpt lat="47.6538400" lon="7.5162390">
    <ele>235.9</ele>
    <time>2026-04-04T14:40:19Z</time>
   </trkpt>
   <trkpt lat="47.6538130" lon="7.5162640">
    <ele>235.9</ele>
    <time>2026-04-04T14:40:20Z</time>
   </trkpt>
   <trkpt lat="47.6537870" lon="7.5162880">
    <ele>235.9</ele>
    <time>2026-04-04T14:40:21Z</time>
   </trkpt>
   <trkpt lat="47.6537610" lon="7.5163070">
    <ele>236.0</ele>
    <time>2026-04-04T14:40:22Z</time>
   </trkpt>
   <trkpt lat="47.6537360" lon="7.5163280">
    <ele>236.0</ele>
    <time>2026-04-04T14:40:23Z</time>
   </trkpt>
   <trkpt lat="47.6537120" lon="7.5163530">
    <ele>236.0</ele>
    <time>2026-04-04T14:40:24Z</time>
   </trkpt>
   <trkpt lat="47.6536910" lon="7.5163780">
    <ele>236.0</ele>
    <time>2026-04-04T14:40:25Z</time>
   </trkpt>
   <trkpt lat="47.6536700" lon="7.5164070">
    <ele>236.1</ele>
    <time>2026-04-04T14:40:26Z</time>
   </trkpt>
   <trkpt lat="47.6536480" lon="7.5164370">
    <ele>236.1</ele>
    <time>2026-04-04T14:40:27Z</time>
   </trkpt>
   <trkpt lat="47.6536150" lon="7.5164740">
    <ele>236.1</ele>
    <time>2026-04-04T14:40:28Z</time>
   </trkpt>
   <trkpt lat="47.6536030" lon="7.5164850">
    <ele>236.1</ele>
    <time>2026-04-04T14:40:29Z</time>
   </trkpt>
   <trkpt lat="47.6535780" lon="7.5165070">
    <ele>236.1</ele>
    <time>2026-04-04T14:40:30Z</time>
   </trkpt>
   <trkpt lat="47.6535510" lon="7.5165310">
    <ele>236.1</ele>
    <time>2026-04-04T14:40:31Z</time>
   </trkpt>
   <trkpt lat="47.6535230" lon="7.5165540">
    <ele>236.1</ele>
    <time>2026-04-04T14:40:32Z</time>
   </trkpt>
   <trkpt lat="47.6534940" lon="7.5165770">
    <ele>236.0</ele>
    <time>2026-04-04T14:40:33Z</time>
   </trkpt>
   <trkpt lat="47.6534650" lon="7.5166030">
    <ele>236.0</ele>
    <time>2026-04-04T14:40:34Z</time>
   </trkpt>
   <trkpt lat="47.6534360" lon="7.5166300">
    <ele>236.0</ele>
    <time>2026-04-04T14:40:35Z</time>
   </trkpt>
   <trkpt lat="47.6534100" lon="7.5166550">
    <ele>236.0</ele>
    <time>2026-04-04T14:40:36Z</time>
   </trkpt>
   <trkpt lat="47.6533840" lon="7.5166800">
    <ele>236.0</ele>
    <time>2026-04-04T14:40:37Z</time>
   </trkpt>
   <trkpt lat="47.6533570" lon="7.5167040">
    <ele>236.0</ele>
    <time>2026-04-04T14:40:38Z</time>
   </trkpt>
   <trkpt lat="47.6533310" lon="7.5167280">
    <ele>236.0</ele>
    <time>2026-04-04T14:40:39Z</time>
   </trkpt>
   <trkpt lat="47.6533060" lon="7.5167500">
    <ele>236.0</ele>
    <time>2026-04-04T14:40:40Z</time>
   </trkpt>
   <trkpt lat="47.6532790" lon="7.5167750">
    <ele>236.0</ele>
    <time>2026-04-04T14:40:41Z</time>
   </trkpt>
   <trkpt lat="47.6532540" lon="7.5168010">
    <ele>236.0</ele>
    <time>2026-04-04T14:40:42Z</time>
   </trkpt>
   <trkpt lat="47.6532280" lon="7.5168270">
    <ele>236.0</ele>
    <time>2026-04-04T14:40:43Z</time>
   </trkpt>
   <trkpt lat="47.6532030" lon="7.5168560">
    <ele>236.0</ele>
    <time>2026-04-04T14:40:44Z</time>
   </trkpt>
   <trkpt lat="47.6531770" lon="7.5168830">
    <ele>236.0</ele>
    <time>2026-04-04T14:40:45Z</time>
   </trkpt>
   <trkpt lat="47.6531540" lon="7.5169110">
    <ele>236.0</ele>
    <time>2026-04-04T14:40:46Z</time>
   </trkpt>
   <trkpt lat="47.6531310" lon="7.5169360">
    <ele>236.0</ele>
    <time>2026-04-04T14:40:47Z</time>
   </trkpt>
   <trkpt lat="47.6531070" lon="7.5169630">
    <ele>236.0</ele>
    <time>2026-04-04T14:40:48Z</time>
   </trkpt>
   <trkpt lat="47.6530860" lon="7.5169930">
    <ele>236.0</ele>
    <time>2026-04-04T14:40:49Z</time>
   </trkpt>
   <trkpt lat="47.6530630" lon="7.5170250">
    <ele>236.1</ele>
    <time>2026-04-04T14:40:50Z</time>
   </trkpt>
   <trkpt lat="47.6530410" lon="7.5170560">
    <ele>236.1</ele>
    <time>2026-04-04T14:40:51Z</time>
   </trkpt>
   <trkpt lat="47.6530190" lon="7.5170870">
    <ele>236.1</ele>
    <time>2026-04-04T14:40:52Z</time>
   </trkpt>
   <trkpt lat="47.6529970" lon="7.5171160">
    <ele>236.1</ele>
    <time>2026-04-04T14:40:53Z</time>
   </trkpt>
   <trkpt lat="47.6529760" lon="7.5171450">
    <ele>236.1</ele>
    <time>2026-04-04T14:40:54Z</time>
   </trkpt>
   <trkpt lat="47.6529540" lon="7.5171740">
    <ele>236.1</ele>
    <time>2026-04-04T14:40:55Z</time>
   </trkpt>
   <trkpt lat="47.6529340" lon="7.5172070">
    <ele>236.1</ele>
    <time>2026-04-04T14:40:56Z</time>
   </trkpt>
   <trkpt lat="47.6529170" lon="7.5172430">
    <ele>236.1</ele>
    <time>2026-04-04T14:40:57Z</time>
   </trkpt>
   <trkpt lat="47.6529040" lon="7.5172870">
    <ele>236.1</ele>
    <time>2026-04-04T14:40:58Z</time>
   </trkpt>
   <trkpt lat="47.6529000" lon="7.5173020">
    <ele>236.1</ele>
    <time>2026-04-04T14:40:59Z</time>
   </trkpt>
   <trkpt lat="47.6528960" lon="7.5173420">
    <ele>236.1</ele>
    <time>2026-04-04T14:41:00Z</time>
   </trkpt>
   <trkpt lat="47.6528940" lon="7.5173840">
    <ele>236.1</ele>
    <time>2026-04-04T14:41:01Z</time>
   </trkpt>
   <trkpt lat="47.6528920" lon="7.5174320">
    <ele>236.1</ele>
    <time>2026-04-04T14:41:02Z</time>
   </trkpt>
   <trkpt lat="47.6528920" lon="7.5174810">
    <ele>236.0</ele>
    <time>2026-04-04T14:41:03Z</time>
   </trkpt>
   <trkpt lat="47.6528920" lon="7.5175250">
    <ele>236.0</ele>
    <time>2026-04-04T14:41:04Z</time>
   </trkpt>
   <trkpt lat="47.6528930" lon="7.5175710">
    <ele>236.0</ele>
    <time>2026-04-04T14:41:05Z</time>
   </trkpt>
   <trkpt lat="47.6528930" lon="7.5176170">
    <ele>236.0</ele>
    <time>2026-04-04T14:41:06Z</time>
   </trkpt>
   <trkpt lat="47.6528910" lon="7.5176650">
    <ele>236.0</ele>
    <time>2026-04-04T14:41:07Z</time>
   </trkpt>
   <trkpt lat="47.6528900" lon="7.5177120">
    <ele>236.0</ele>
    <time>2026-04-04T14:41:08Z</time>
   </trkpt>
   <trkpt lat="47.6528860" lon="7.5177600">
    <ele>236.0</ele>
    <time>2026-04-04T14:41:09Z</time>
   </trkpt>
   <trkpt lat="47.6528800" lon="7.5178070">
    <ele>236.0</ele>
    <time>2026-04-04T14:41:10Z</time>
   </trkpt>
   <trkpt lat="47.6528710" lon="7.5178540">
    <ele>236.0</ele>
    <time>2026-04-04T14:41:11Z</time>
   </trkpt>
   <trkpt lat="47.6528600" lon="7.5178980">
    <ele>236.0</ele>
    <time>2026-04-04T14:41:12Z</time>
   </trkpt>
   <trkpt lat="47.6528460" lon="7.5179400">
    <ele>236.0</ele>
    <time>2026-04-04T14:41:13Z</time>
   </trkpt>
   <trkpt lat="47.6528300" lon="7.5179820">
    <ele>236.0</ele>
    <time>2026-04-04T14:41:14Z</time>
   </trkpt>
   <trkpt lat="47.6528150" lon="7.5180200">
    <ele>236.0</ele>
    <time>2026-04-04T14:41:15Z</time>
   </trkpt>
   <trkpt lat="47.6527990" lon="7.5180590">
    <ele>236.0</ele>
    <time>2026-04-04T14:41:16Z</time>
   </trkpt>
   <trkpt lat="47.6527840" lon="7.5181010">
    <ele>236.1</ele>
    <time>2026-04-04T14:41:17Z</time>
   </trkpt>
   <trkpt lat="47.6527680" lon="7.5181430">
    <ele>236.1</ele>
    <time>2026-04-04T14:41:18Z</time>
   </trkpt>
   <trkpt lat="47.6527530" lon="7.5181850">
    <ele>236.1</ele>
    <time>2026-04-04T14:41:19Z</time>
   </trkpt>
   <trkpt lat="47.6527390" lon="7.5182240">
    <ele>236.1</ele>
    <time>2026-04-04T14:41:20Z</time>
   </trkpt>
   <trkpt lat="47.6527250" lon="7.5182620">
    <ele>236.1</ele>
    <time>2026-04-04T14:41:21Z</time>
   </trkpt>
   <trkpt lat="47.6527110" lon="7.5183010">
    <ele>236.2</ele>
    <time>2026-04-04T14:41:22Z</time>
   </trkpt>
   <trkpt lat="47.6526960" lon="7.5183350">
    <ele>236.2</ele>
    <time>2026-04-04T14:41:23Z</time>
   </trkpt>
   <trkpt lat="47.6526810" lon="7.5183740">
    <ele>236.2</ele>
    <time>2026-04-04T14:41:24Z</time>
   </trkpt>
   <trkpt lat="47.6526660" lon="7.5184160">
    <ele>236.2</ele>
    <time>2026-04-04T14:41:25Z</time>
   </trkpt>
   <trkpt lat="47.6526520" lon="7.5184580">
    <ele>236.3</ele>
    <time>2026-04-04T14:41:26Z</time>
   </trkpt>
   <trkpt lat="47.6526400" lon="7.5185000">
    <ele>236.3</ele>
    <time>2026-04-04T14:41:27Z</time>
   </trkpt>
   <trkpt lat="47.6526290" lon="7.5185390">
    <ele>236.3</ele>
    <time>2026-04-04T14:41:28Z</time>
   </trkpt>
   <trkpt lat="47.6526200" lon="7.5185790">
    <ele>236.3</ele>
    <time>2026-04-04T14:41:29Z</time>
   </trkpt>
   <trkpt lat="47.6526120" lon="7.5186230">
    <ele>236.3</ele>
    <time>2026-04-04T14:41:30Z</time>
   </trkpt>
   <trkpt lat="47.6526040" lon="7.5186650">
    <ele>236.3</ele>
    <time>2026-04-04T14:41:31Z</time>
   </trkpt>
   <trkpt lat="47.6525950" lon="7.5187080">
    <ele>236.3</ele>
    <time>2026-04-04T14:41:32Z</time>
   </trkpt>
   <trkpt lat="47.6525870" lon="7.5187520">
    <ele>236.3</ele>
    <time>2026-04-04T14:41:33Z</time>
   </trkpt>
   <trkpt lat="47.6525800" lon="7.5188040">
    <ele>236.3</ele>
    <time>2026-04-04T14:41:34Z</time>
   </trkpt>
   <trkpt lat="47.6525690" lon="7.5188460">
    <ele>236.3</ele>
    <time>2026-04-04T14:41:35Z</time>
   </trkpt>
   <trkpt lat="47.6525580" lon="7.5188890">
    <ele>236.3</ele>
    <time>2026-04-04T14:41:36Z</time>
   </trkpt>
   <trkpt lat="47.6525490" lon="7.5189290">
    <ele>236.3</ele>
    <time>2026-04-04T14:41:37Z</time>
   </trkpt>
   <trkpt lat="47.6525410" lon="7.5189690">
    <ele>236.3</ele>
    <time>2026-04-04T14:41:38Z</time>
   </trkpt>
   <trkpt lat="47.6525380" lon="7.5190140">
    <ele>236.3</ele>
    <time>2026-04-04T14:41:39Z</time>
   </trkpt>
   <trkpt lat="47.6525380" lon="7.5190590">
    <ele>236.3</ele>
    <time>2026-04-04T14:41:40Z</time>
   </trkpt>
   <trkpt lat="47.6525360" lon="7.5191060">
    <ele>236.3</ele>
    <time>2026-04-04T14:41:41Z</time>
   </trkpt>
   <trkpt lat="47.6525280" lon="7.5191450">
    <ele>236.3</ele>
    <time>2026-04-04T14:41:42Z</time>
   </trkpt>
   <trkpt lat="47.6525140" lon="7.5191990">
    <ele>236.3</ele>
    <time>2026-04-04T14:41:43Z</time>
   </trkpt>
   <trkpt lat="47.6525080" lon="7.5192170">
    <ele>236.3</ele>
    <time>2026-04-04T14:41:44Z</time>
   </trkpt>
   <trkpt lat="47.6524980" lon="7.5192660">
    <ele>236.2</ele>
    <time>2026-04-04T14:41:45Z</time>
   </trkpt>
   <trkpt lat="47.6524940" lon="7.5192850">
    <ele>236.2</ele>
    <time>2026-04-04T14:41:46Z</time>
   </trkpt>
   <trkpt lat="47.6524880" lon="7.5193320">
    <ele>236.2</ele>
    <time>2026-04-04T14:41:47Z</time>
   </trkpt>
   <trkpt lat="47.6524810" lon="7.5193720">
    <ele>236.2</ele>
    <time>2026-04-04T14:41:48Z</time>
   </trkpt>
   <trkpt lat="47.6524700" lon="7.5194310">
    <ele>236.2</ele>
    <time>2026-04-04T14:41:49Z</time>
   </trkpt>
   <trkpt lat="47.6524650" lon="7.5194510">
    <ele>236.2</ele>
    <time>2026-04-04T14:41:50Z</time>
   </trkpt>
   <trkpt lat="47.6524520" lon="7.5194870">
    <ele>236.2</ele>
    <time>2026-04-04T14:41:51Z</time>
   </trkpt>
   <trkpt lat="47.6524360" lon="7.5195400">
    <ele>236.2</ele>
    <time>2026-04-04T14:41:52Z</time>
   </trkpt>
   <trkpt lat="47.6524310" lon="7.5195580">
    <ele>236.2</ele>
    <time>2026-04-04T14:41:53Z</time>
   </trkpt>
   <trkpt lat="47.6524190" lon="7.5196010">
    <ele>236.2</ele>
    <time>2026-04-04T14:41:54Z</time>
   </trkpt>
   <trkpt lat="47.6524050" lon="7.5196440">
    <ele>236.2</ele>
    <time>2026-04-04T14:41:55Z</time>
   </trkpt>
   <trkpt lat="47.6523900" lon="7.5196810">
    <ele>236.1</ele>
    <time>2026-04-04T14:41:56Z</time>
   </trkpt>
   <trkpt lat="47.6523740" lon="7.5197170">
    <ele>236.1</ele>
    <time>2026-04-04T14:41:57Z</time>
   </trkpt>
   <trkpt lat="47.6523600" lon="7.5197510">
    <ele>236.1</ele>
    <time>2026-04-04T14:41:58Z</time>
   </trkpt>
   <trkpt lat="47.6523450" lon="7.5197850">
    <ele>236.1</ele>
    <time>2026-04-04T14:41:59Z</time>
   </trkpt>
   <trkpt lat="47.6523250" lon="7.5198370">
    <ele>236.2</ele>
    <time>2026-04-04T14:42:00Z</time>
   </trkpt>
   <trkpt lat="47.6523190" lon="7.5198560">
    <ele>236.2</ele>
    <time>2026-04-04T14:42:01Z</time>
   </trkpt>
   <trkpt lat="47.6523070" lon="7.5198960">
    <ele>236.2</ele>
    <time>2026-04-04T14:42:02Z</time>
   </trkpt>
   <trkpt lat="47.6522890" lon="7.5199500">
    <ele>236.2</ele>
    <time>2026-04-04T14:42:03Z</time>
   </trkpt>
   <trkpt lat="47.6522830" lon="7.5199690">
    <ele>236.2</ele>
    <time>2026-04-04T14:42:04Z</time>
   </trkpt>
   <trkpt lat="47.6522710" lon="7.5200080">
    <ele>236.2</ele>
    <time>2026-04-04T14:42:05Z</time>
   </trkpt>
   <trkpt lat="47.6522580" lon="7.5200490">
    <ele>236.2</ele>
    <time>2026-04-04T14:42:06Z</time>
   </trkpt>
   <trkpt lat="47.6522430" lon="7.5200890">
    <ele>236.2</ele>
    <time>2026-04-04T14:42:07Z</time>
   </trkpt>
   <trkpt lat="47.6522270" lon="7.5201310">
    <ele>236.2</ele>
    <time>2026-04-04T14:42:08Z</time>
   </trkpt>
   <trkpt lat="47.6522110" lon="7.5201710">
    <ele>236.2</ele>
    <time>2026-04-04T14:42:09Z</time>
   </trkpt>
   <trkpt lat="47.6521950" lon="7.5202120">
    <ele>236.2</ele>
    <time>2026-04-04T14:42:10Z</time>
   </trkpt>
   <trkpt lat="47.6521770" lon="7.5202550">
    <ele>236.2</ele>
    <time>2026-04-04T14:42:11Z</time>
   </trkpt>
   <trkpt lat="47.6521610" lon="7.5202960">
    <ele>236.2</ele>
    <time>2026-04-04T14:42:12Z</time>
   </trkpt>
   <trkpt lat="47.6521470" lon="7.5203390">
    <ele>236.2</ele>
    <time>2026-04-04T14:42:13Z</time>
   </trkpt>
   <trkpt lat="47.6521320" lon="7.5203790">
    <ele>236.2</ele>
    <time>2026-04-04T14:42:14Z</time>
   </trkpt>
   <trkpt lat="47.6521170" lon="7.5204170">
    <ele>236.2</ele>
    <time>2026-04-04T14:42:15Z</time>
   </trkpt>
   <trkpt lat="47.6520950" lon="7.5204670">
    <ele>236.2</ele>
    <time>2026-04-04T14:42:16Z</time>
   </trkpt>
   <trkpt lat="47.6520880" lon="7.5204850">
    <ele>236.2</ele>
    <time>2026-04-04T14:42:17Z</time>
   </trkpt>
   <trkpt lat="47.6520790" lon="7.5205260">
    <ele>236.2</ele>
    <time>2026-04-04T14:42:18Z</time>
   </trkpt>
   <trkpt lat="47.6520700" lon="7.5205700">
    <ele>236.2</ele>
    <time>2026-04-04T14:42:19Z</time>
   </trkpt>
   <trkpt lat="47.6520650" lon="7.5206290">
    <ele>236.1</ele>
    <time>2026-04-04T14:42:20Z</time>
   </trkpt>
   <trkpt lat="47.6520630" lon="7.5206500">
    <ele>236.1</ele>
    <time>2026-04-04T14:42:21Z</time>
   </trkpt>
   <trkpt lat="47.6520640" lon="7.5206980">
    <ele>236.1</ele>
    <time>2026-04-04T14:42:22Z</time>
   </trkpt>
   <trkpt lat="47.6520670" lon="7.5207450">
    <ele>236.1</ele>
    <time>2026-04-04T14:42:23Z</time>
   </trkpt>
   <trkpt lat="47.6520700" lon="7.5207860">
    <ele>236.1</ele>
    <time>2026-04-04T14:42:24Z</time>
   </trkpt>
   <trkpt lat="47.6520780" lon="7.5208420">
    <ele>236.1</ele>
    <time>2026-04-04T14:42:25Z</time>
   </trkpt>
   <trkpt lat="47.6520810" lon="7.5208610">
    <ele>236.1</ele>
    <time>2026-04-04T14:42:26Z</time>
   </trkpt>
   <trkpt lat="47.6520930" lon="7.5209080">
    <ele>236.1</ele>
    <time>2026-04-04T14:42:27Z</time>
   </trkpt>
   <trkpt lat="47.6520960" lon="7.5209240">
    <ele>236.1</ele>
    <time>2026-04-04T14:42:28Z</time>
   </trkpt>
   <trkpt lat="47.6521100" lon="7.5209700">
    <ele>236.1</ele>
    <time>2026-04-04T14:42:29Z</time>
   </trkpt>
   <trkpt lat="47.6521140" lon="7.5209860">
    <ele>236.1</ele>
    <time>2026-04-04T14:42:30Z</time>
   </trkpt>
   <trkpt lat="47.6521290" lon="7.5210370">
    <ele>236.1</ele>
    <time>2026-04-04T14:42:31Z</time>
   </trkpt>
   <trkpt lat="47.6521340" lon="7.5210550">
    <ele>236.2</ele>
    <time>2026-04-04T14:42:32Z</time>
   </trkpt>
   <trkpt lat="47.6521440" lon="7.5210930">
    <ele>236.2</ele>
    <time>2026-04-04T14:42:33Z</time>
   </trkpt>
   <trkpt lat="47.6521520" lon="7.5211320">
    <ele>236.2</ele>
    <time>2026-04-04T14:42:34Z</time>
   </trkpt>
   <trkpt lat="47.6521630" lon="7.5211740">
    <ele>236.3</ele>
    <time>2026-04-04T14:42:35Z</time>
   </trkpt>
   <trkpt lat="47.6521730" lon="7.5212150">
    <ele>236.3</ele>
    <time>2026-04-04T14:42:36Z</time>
   </trkpt>
   <trkpt lat="47.6521820" lon="7.5212550">
    <ele>236.4</ele>
    <time>2026-04-04T14:42:37Z</time>
   </trkpt>
   <trkpt lat="47.6521880" lon="7.5212950">
    <ele>236.5</ele>
    <time>2026-04-04T14:42:38Z</time>
   </trkpt>
   <trkpt lat="47.6521930" lon="7.5213500">
    <ele>236.6</ele>
    <time>2026-04-04T14:42:39Z</time>
   </trkpt>
   <trkpt lat="47.6521930" lon="7.5213670">
    <ele>236.7</ele>
    <time>2026-04-04T14:42:40Z</time>
   </trkpt>
   <trkpt lat="47.6521970" lon="7.5214130">
    <ele>236.8</ele>
    <time>2026-04-04T14:42:41Z</time>
   </trkpt>
   <trkpt lat="47.6521990" lon="7.5214290">
    <ele>236.8</ele>
    <time>2026-04-04T14:42:42Z</time>
   </trkpt>
   <trkpt lat="47.6522070" lon="7.5214770">
    <ele>236.9</ele>
    <time>2026-04-04T14:42:43Z</time>
   </trkpt>
   <trkpt lat="47.6522080" lon="7.5214920">
    <ele>236.9</ele>
    <time>2026-04-04T14:42:44Z</time>
   </trkpt>
   <trkpt lat="47.6522180" lon="7.5215430">
    <ele>236.9</ele>
    <time>2026-04-04T14:42:45Z</time>
   </trkpt>
   <trkpt lat="47.6522210" lon="7.5215620">
    <ele>236.9</ele>
    <time>2026-04-04T14:42:46Z</time>
   </trkpt>
   <trkpt lat="47.6522240" lon="7.5216060">
    <ele>237.0</ele>
    <time>2026-04-04T14:42:47Z</time>
   </trkpt>
   <trkpt lat="47.6522300" lon="7.5216530">
    <ele>236.9</ele>
    <time>2026-04-04T14:42:48Z</time>
   </trkpt>
   <trkpt lat="47.6522350" lon="7.5217040">
    <ele>236.9</ele>
    <time>2026-04-04T14:42:49Z</time>
   </trkpt>
   <trkpt lat="47.6522210" lon="7.5217610">
    <ele>236.9</ele>
    <time>2026-04-04T14:42:50Z</time>
   </trkpt>
   <trkpt lat="47.6521940" lon="7.5218070">
    <ele>236.9</ele>
    <time>2026-04-04T14:42:51Z</time>
   </trkpt>
   <trkpt lat="47.6521620" lon="7.5218400">
    <ele>236.9</ele>
    <time>2026-04-04T14:42:52Z</time>
   </trkpt>
   <trkpt lat="47.6521300" lon="7.5218690">
    <ele>236.8</ele>
    <time>2026-04-04T14:42:53Z</time>
   </trkpt>
   <trkpt lat="47.6520970" lon="7.5218980">
    <ele>236.8</ele>
    <time>2026-04-04T14:42:54Z</time>
   </trkpt>
   <trkpt lat="47.6520670" lon="7.5219330">
    <ele>236.8</ele>
    <time>2026-04-04T14:42:55Z</time>
   </trkpt>
   <trkpt lat="47.6520400" lon="7.5219670">
    <ele>236.7</ele>
    <time>2026-04-04T14:42:56Z</time>
   </trkpt>
   <trkpt lat="47.6520130" lon="7.5220000">
    <ele>236.7</ele>
    <time>2026-04-04T14:42:57Z</time>
   </trkpt>
   <trkpt lat="47.6519860" lon="7.5220310">
    <ele>236.6</ele>
    <time>2026-04-04T14:42:58Z</time>
   </trkpt>
   <trkpt lat="47.6519610" lon="7.5220640">
    <ele>236.6</ele>
    <time>2026-04-04T14:42:59Z</time>
   </trkpt>
   <trkpt lat="47.6519360" lon="7.5221010">
    <ele>236.6</ele>
    <time>2026-04-04T14:43:00Z</time>
   </trkpt>
   <trkpt lat="47.6519080" lon="7.5221360">
    <ele>236.6</ele>
    <time>2026-04-04T14:43:01Z</time>
   </trkpt>
   <trkpt lat="47.6518800" lon="7.5221710">
    <ele>236.5</ele>
    <time>2026-04-04T14:43:02Z</time>
   </trkpt>
   <trkpt lat="47.6518500" lon="7.5222020">
    <ele>236.5</ele>
    <time>2026-04-04T14:43:03Z</time>
   </trkpt>
   <trkpt lat="47.6518190" lon="7.5222380">
    <ele>236.5</ele>
    <time>2026-04-04T14:43:04Z</time>
   </trkpt>
   <trkpt lat="47.6517880" lon="7.5222740">
    <ele>236.5</ele>
    <time>2026-04-04T14:43:05Z</time>
   </trkpt>
   <trkpt lat="47.6517590" lon="7.5223110">
    <ele>236.4</ele>
    <time>2026-04-04T14:43:06Z</time>
   </trkpt>
   <trkpt lat="47.6517280" lon="7.5223440">
    <ele>236.4</ele>
    <time>2026-04-04T14:43:07Z</time>
   </trkpt>
   <trkpt lat="47.6516970" lon="7.5223750">
    <ele>236.4</ele>
    <time>2026-04-04T14:43:08Z</time>
   </trkpt>
   <trkpt lat="47.6516670" lon="7.5224080">
    <ele>236.4</ele>
    <time>2026-04-04T14:43:09Z</time>
   </trkpt>
   <trkpt lat="47.6516400" lon="7.5224420">
    <ele>236.4</ele>
    <time>2026-04-04T14:43:10Z</time>
   </trkpt>
   <trkpt lat="47.6516140" lon="7.5224760">
    <ele>236.3</ele>
    <time>2026-04-04T14:43:11Z</time>
   </trkpt>
   <trkpt lat="47.6515860" lon="7.5225110">
    <ele>236.3</ele>
    <time>2026-04-04T14:43:12Z</time>
   </trkpt>
   <trkpt lat="47.6515590" lon="7.5225460">
    <ele>236.3</ele>
    <time>2026-04-04T14:43:13Z</time>
   </trkpt>
   <trkpt lat="47.6515320" lon="7.5225800">
    <ele>236.3</ele>
    <time>2026-04-04T14:43:14Z</time>
   </trkpt>
   <trkpt lat="47.6515040" lon="7.5226110">
    <ele>236.3</ele>
    <time>2026-04-04T14:43:15Z</time>
   </trkpt>
   <trkpt lat="47.6514760" lon="7.5226430">
    <ele>236.2</ele>
    <time>2026-04-04T14:43:16Z</time>
   </trkpt>
   <trkpt lat="47.6514470" lon="7.5226720">
    <ele>236.2</ele>
    <time>2026-04-04T14:43:17Z</time>
   </trkpt>
   <trkpt lat="47.6514170" lon="7.5227020">
    <ele>236.2</ele>
    <time>2026-04-04T14:43:18Z</time>
   </trkpt>
   <trkpt lat="47.6513870" lon="7.5227360">
    <ele>236.2</ele>
    <time>2026-04-04T14:43:19Z</time>
   </trkpt>
   <trkpt lat="47.6513570" lon="7.5227710">
    <ele>236.1</ele>
    <time>2026-04-04T14:43:20Z</time>
   </trkpt>
   <trkpt lat="47.6513270" lon="7.5228060">
    <ele>236.1</ele>
    <time>2026-04-04T14:43:21Z</time>
   </trkpt>
   <trkpt lat="47.6512970" lon="7.5228390">
    <ele>236.1</ele>
    <time>2026-04-04T14:43:22Z</time>
   </trkpt>
   <trkpt lat="47.6512660" lon="7.5228720">
    <ele>236.0</ele>
    <time>2026-04-04T14:43:23Z</time>
   </trkpt>
   <trkpt lat="47.6512350" lon="7.5229110">
    <ele>236.0</ele>
    <time>2026-04-04T14:43:24Z</time>
   </trkpt>
   <trkpt lat="47.6512050" lon="7.5229460">
    <ele>236.0</ele>
    <time>2026-04-04T14:43:25Z</time>
   </trkpt>
   <trkpt lat="47.6511750" lon="7.5229810">
    <ele>235.9</ele>
    <time>2026-04-04T14:43:26Z</time>
   </trkpt>
   <trkpt lat="47.6511460" lon="7.5230190">
    <ele>235.9</ele>
    <time>2026-04-04T14:43:27Z</time>
   </trkpt>
   <trkpt lat="47.6511160" lon="7.5230560">
    <ele>235.9</ele>
    <time>2026-04-04T14:43:28Z</time>
   </trkpt>
   <trkpt lat="47.6510880" lon="7.5230920">
    <ele>235.8</ele>
    <time>2026-04-04T14:43:29Z</time>
   </trkpt>
   <trkpt lat="47.6510590" lon="7.5231270">
    <ele>235.8</ele>
    <time>2026-04-04T14:43:30Z</time>
   </trkpt>
   <trkpt lat="47.6510290" lon="7.5231530">
    <ele>235.8</ele>
    <time>2026-04-04T14:43:31Z</time>
   </trkpt>
   <trkpt lat="47.6510000" lon="7.5231840">
    <ele>235.7</ele>
    <time>2026-04-04T14:43:32Z</time>
   </trkpt>
   <trkpt lat="47.6509700" lon="7.5232170">
    <ele>235.7</ele>
    <time>2026-04-04T14:43:33Z</time>
   </trkpt>
   <trkpt lat="47.6509390" lon="7.5232530">
    <ele>235.6</ele>
    <time>2026-04-04T14:43:34Z</time>
   </trkpt>
   <trkpt lat="47.6509080" lon="7.5232850">
    <ele>235.6</ele>
    <time>2026-04-04T14:43:35Z</time>
   </trkpt>
   <trkpt lat="47.6508790" lon="7.5233180">
    <ele>235.5</ele>
    <time>2026-04-04T14:43:36Z</time>
   </trkpt>
   <trkpt lat="47.6508490" lon="7.5233560">
    <ele>235.5</ele>
    <time>2026-04-04T14:43:37Z</time>
   </trkpt>
   <trkpt lat="47.6508170" lon="7.5233930">
    <ele>235.4</ele>
    <time>2026-04-04T14:43:38Z</time>
   </trkpt>
   <trkpt lat="47.6507850" lon="7.5234310">
    <ele>235.3</ele>
    <time>2026-04-04T14:43:39Z</time>
   </trkpt>
   <trkpt lat="47.6507550" lon="7.5234680">
    <ele>235.3</ele>
    <time>2026-04-04T14:43:40Z</time>
   </trkpt>
   <trkpt lat="47.6507260" lon="7.5235020">
    <ele>235.3</ele>
    <time>2026-04-04T14:43:41Z</time>
   </trkpt>
   <trkpt lat="47.6507000" lon="7.5235350">
    <ele>235.3</ele>
    <time>2026-04-04T14:43:42Z</time>
   </trkpt>
   <trkpt lat="47.6506710" lon="7.5235660">
    <ele>235.2</ele>
    <time>2026-04-04T14:43:43Z</time>
   </trkpt>
   <trkpt lat="47.6506420" lon="7.5235970">
    <ele>235.2</ele>
    <time>2026-04-04T14:43:44Z</time>
   </trkpt>
   <trkpt lat="47.6506140" lon="7.5236340">
    <ele>235.2</ele>
    <time>2026-04-04T14:43:45Z</time>
   </trkpt>
   <trkpt lat="47.6505860" lon="7.5236700">
    <ele>235.3</ele>
    <time>2026-04-04T14:43:46Z</time>
   </trkpt>
   <trkpt lat="47.6505580" lon="7.5237040">
    <ele>235.3</ele>
    <time>2026-04-04T14:43:47Z</time>
   </trkpt>
   <trkpt lat="47.6505300" lon="7.5237400">
    <ele>235.3</ele>
    <time>2026-04-04T14:43:48Z</time>
   </trkpt>
   <trkpt lat="47.6505010" lon="7.5237750">
    <ele>235.3</ele>
    <time>2026-04-04T14:43:49Z</time>
   </trkpt>
   <trkpt lat="47.6504740" lon="7.5238070">
    <ele>235.3</ele>
    <time>2026-04-04T14:43:50Z</time>
   </trkpt>
   <trkpt lat="47.6504460" lon="7.5238390">
    <ele>235.3</ele>
    <time>2026-04-04T14:43:51Z</time>
   </trkpt>
   <trkpt lat="47.6504190" lon="7.5238730">
    <ele>235.4</ele>
    <time>2026-04-04T14:43:52Z</time>
   </trkpt>
   <trkpt lat="47.6503930" lon="7.5239060">
    <ele>235.4</ele>
    <time>2026-04-04T14:43:53Z</time>
   </trkpt>
   <trkpt lat="47.6503680" lon="7.5239380">
    <ele>235.5</ele>
    <time>2026-04-04T14:43:54Z</time>
   </trkpt>
   <trkpt lat="47.6503420" lon="7.5239690">
    <ele>235.5</ele>
    <time>2026-04-04T14:43:55Z</time>
   </trkpt>
   <trkpt lat="47.6503170" lon="7.5240010">
    <ele>235.6</ele>
    <time>2026-04-04T14:43:56Z</time>
   </trkpt>
   <trkpt lat="47.6502910" lon="7.5240290">
    <ele>235.6</ele>
    <time>2026-04-04T14:43:57Z</time>
   </trkpt>
   <trkpt lat="47.6502650" lon="7.5240590">
    <ele>235.6</ele>
    <time>2026-04-04T14:43:58Z</time>
   </trkpt>
   <trkpt lat="47.6502410" lon="7.5240920">
    <ele>235.7</ele>
    <time>2026-04-04T14:43:59Z</time>
   </trkpt>
   <trkpt lat="47.6502160" lon="7.5241250">
    <ele>235.7</ele>
    <time>2026-04-04T14:44:00Z</time>
   </trkpt>
   <trkpt lat="47.6501900" lon="7.5241570">
    <ele>235.7</ele>
    <time>2026-04-04T14:44:01Z</time>
   </trkpt>
   <trkpt lat="47.6501630" lon="7.5241870">
    <ele>235.7</ele>
    <time>2026-04-04T14:44:02Z</time>
   </trkpt>
   <trkpt lat="47.6501360" lon="7.5242190">
    <ele>235.7</ele>
    <time>2026-04-04T14:44:03Z</time>
   </trkpt>
   <trkpt lat="47.6501090" lon="7.5242510">
    <ele>235.7</ele>
    <time>2026-04-04T14:44:04Z</time>
   </trkpt>
   <trkpt lat="47.6500820" lon="7.5242830">
    <ele>235.7</ele>
    <time>2026-04-04T14:44:05Z</time>
   </trkpt>
   <trkpt lat="47.6500530" lon="7.5243130">
    <ele>235.7</ele>
    <time>2026-04-04T14:44:06Z</time>
   </trkpt>
   <trkpt lat="47.6500240" lon="7.5243420">
    <ele>235.7</ele>
    <time>2026-04-04T14:44:07Z</time>
   </trkpt>
   <trkpt lat="47.6499960" lon="7.5243730">
    <ele>235.7</ele>
    <time>2026-04-04T14:44:08Z</time>
   </trkpt>
   <trkpt lat="47.6499670" lon="7.5244060">
    <ele>235.7</ele>
    <time>2026-04-04T14:44:09Z</time>
   </trkpt>
   <trkpt lat="47.6499390" lon="7.5244400">
    <ele>235.7</ele>
    <time>2026-04-04T14:44:10Z</time>
   </trkpt>
   <trkpt lat="47.6499120" lon="7.5244730">
    <ele>235.7</ele>
    <time>2026-04-04T14:44:11Z</time>
   </trkpt>
   <trkpt lat="47.6498850" lon="7.5245060">
    <ele>235.7</ele>
    <time>2026-04-04T14:44:12Z</time>
   </trkpt>
   <trkpt lat="47.6498590" lon="7.5245390">
    <ele>235.7</ele>
    <time>2026-04-04T14:44:13Z</time>
   </trkpt>
   <trkpt lat="47.6498320" lon="7.5245700">
    <ele>235.7</ele>
    <time>2026-04-04T14:44:14Z</time>
   </trkpt>
   <trkpt lat="47.6498050" lon="7.5246000">
    <ele>235.7</ele>
    <time>2026-04-04T14:44:15Z</time>
   </trkpt>
   <trkpt lat="47.6497780" lon="7.5246320">
    <ele>235.7</ele>
    <time>2026-04-04T14:44:16Z</time>
   </trkpt>
   <trkpt lat="47.6497530" lon="7.5246610">
    <ele>235.7</ele>
    <time>2026-04-04T14:44:17Z</time>
   </trkpt>
   <trkpt lat="47.6497240" lon="7.5246910">
    <ele>235.7</ele>
    <time>2026-04-04T14:44:18Z</time>
   </trkpt>
   <trkpt lat="47.6496970" lon="7.5247220">
    <ele>235.7</ele>
    <time>2026-04-04T14:44:19Z</time>
   </trkpt>
   <trkpt lat="47.6496690" lon="7.5247560">
    <ele>235.7</ele>
    <time>2026-04-04T14:44:20Z</time>
   </trkpt>
   <trkpt lat="47.6496410" lon="7.5247870">
    <ele>235.7</ele>
    <time>2026-04-04T14:44:21Z</time>
   </trkpt>
   <trkpt lat="47.6496110" lon="7.5248170">
    <ele>235.7</ele>
    <time>2026-04-04T14:44:22Z</time>
   </trkpt>
   <trkpt lat="47.6495830" lon="7.5248480">
    <ele>235.7</ele>
    <time>2026-04-04T14:44:23Z</time>
   </trkpt>
   <trkpt lat="47.6495560" lon="7.5248810">
    <ele>235.7</ele>
    <time>2026-04-04T14:44:24Z</time>
   </trkpt>
   <trkpt lat="47.6495290" lon="7.5249140">
    <ele>235.7</ele>
    <time>2026-04-04T14:44:25Z</time>
   </trkpt>
   <trkpt lat="47.6495010" lon="7.5249470">
    <ele>235.7</ele>
    <time>2026-04-04T14:44:26Z</time>
   </trkpt>
   <trkpt lat="47.6494720" lon="7.5249820">
    <ele>235.7</ele>
    <time>2026-04-04T14:44:27Z</time>
   </trkpt>
   <trkpt lat="47.6494440" lon="7.5250180">
    <ele>235.8</ele>
    <time>2026-04-04T14:44:28Z</time>
   </trkpt>
   <trkpt lat="47.6494160" lon="7.5250530">
    <ele>235.8</ele>
    <time>2026-04-04T14:44:29Z</time>
   </trkpt>
   <trkpt lat="47.6493890" lon="7.5250880">
    <ele>235.8</ele>
    <time>2026-04-04T14:44:30Z</time>
   </trkpt>
   <trkpt lat="47.6493630" lon="7.5251230">
    <ele>235.8</ele>
    <time>2026-04-04T14:44:31Z</time>
   </trkpt>
   <trkpt lat="47.6493380" lon="7.5251570">
    <ele>235.8</ele>
    <time>2026-04-04T14:44:32Z</time>
   </trkpt>
   <trkpt lat="47.6493110" lon="7.5251920">
    <ele>235.8</ele>
    <time>2026-04-04T14:44:33Z</time>
   </trkpt>
   <trkpt lat="47.6492850" lon="7.5252220">
    <ele>235.8</ele>
    <time>2026-04-04T14:44:34Z</time>
   </trkpt>
   <trkpt lat="47.6492580" lon="7.5252510">
    <ele>235.8</ele>
    <time>2026-04-04T14:44:35Z</time>
   </trkpt>
   <trkpt lat="47.6492300" lon="7.5252810">
    <ele>235.8</ele>
    <time>2026-04-04T14:44:36Z</time>
   </trkpt>
   <trkpt lat="47.6492030" lon="7.5253110">
    <ele>235.8</ele>
    <time>2026-04-04T14:44:37Z</time>
   </trkpt>
   <trkpt lat="47.6491770" lon="7.5253390">
    <ele>235.8</ele>
    <time>2026-04-04T14:44:38Z</time>
   </trkpt>
   <trkpt lat="47.6491500" lon="7.5253710">
    <ele>235.8</ele>
    <time>2026-04-04T14:44:39Z</time>
   </trkpt>
   <trkpt lat="47.6491250" lon="7.5254040">
    <ele>235.8</ele>
    <time>2026-04-04T14:44:40Z</time>
   </trkpt>
   <trkpt lat="47.6490950" lon="7.5254260">
    <ele>235.8</ele>
    <time>2026-04-04T14:44:41Z</time>
   </trkpt>
   <trkpt lat="47.6490670" lon="7.5254510">
    <ele>235.8</ele>
    <time>2026-04-04T14:44:42Z</time>
   </trkpt>
   <trkpt lat="47.6490390" lon="7.5254800">
    <ele>235.8</ele>
    <time>2026-04-04T14:44:43Z</time>
   </trkpt>
   <trkpt lat="47.6490160" lon="7.5255130">
    <ele>235.8</ele>
    <time>2026-04-04T14:44:44Z</time>
   </trkpt>
   <trkpt lat="47.6489920" lon="7.5255430">
    <ele>235.8</ele>
    <time>2026-04-04T14:44:45Z</time>
   </trkpt>
   <trkpt lat="47.6489700" lon="7.5255710">
    <ele>235.8</ele>
    <time>2026-04-04T14:44:46Z</time>
   </trkpt>
   <trkpt lat="47.6489440" lon="7.5256000">
    <ele>235.9</ele>
    <time>2026-04-04T14:44:47Z</time>
   </trkpt>
   <trkpt lat="47.6489170" lon="7.5256310">
    <ele>235.9</ele>
    <time>2026-04-04T14:44:48Z</time>
   </trkpt>
   <trkpt lat="47.6488900" lon="7.5256650">
    <ele>235.9</ele>
    <time>2026-04-04T14:44:49Z</time>
   </trkpt>
   <trkpt lat="47.6488630" lon="7.5256980">
    <ele>235.9</ele>
    <time>2026-04-04T14:44:50Z</time>
   </trkpt>
   <trkpt lat="47.6488370" lon="7.5257280">
    <ele>235.9</ele>
    <time>2026-04-04T14:44:51Z</time>
   </trkpt>
   <trkpt lat="47.6488100" lon="7.5257580">
    <ele>235.9</ele>
    <time>2026-04-04T14:44:52Z</time>
   </trkpt>
   <trkpt lat="47.6487830" lon="7.5257910">
    <ele>236.0</ele>
    <time>2026-04-04T14:44:53Z</time>
   </trkpt>
   <trkpt lat="47.6487580" lon="7.5258220">
    <ele>236.0</ele>
    <time>2026-04-04T14:44:54Z</time>
   </trkpt>
   <trkpt lat="47.6487380" lon="7.5258500">
    <ele>236.0</ele>
    <time>2026-04-04T14:44:55Z</time>
   </trkpt>
   <trkpt lat="47.6487230" lon="7.5258710">
    <ele>236.0</ele>
    <time>2026-04-04T14:44:56Z</time>
   </trkpt>
   <trkpt lat="47.6487160" lon="7.5258830">
    <ele>236.0</ele>
    <time>2026-04-04T14:44:57Z</time>
   </trkpt>
   <trkpt lat="47.6487140" lon="7.5258950">
    <ele>236.0</ele>
    <time>2026-04-04T14:44:58Z</time>
   </trkpt>
   <trkpt lat="47.6487110" lon="7.5259010">
    <ele>236.0</ele>
    <time>2026-04-04T14:44:59Z</time>
   </trkpt>
   <trkpt lat="47.6487070" lon="7.5259060">
    <ele>236.0</ele>
    <time>2026-04-04T14:45:00Z</time>
   </trkpt>
   <trkpt lat="47.6487030" lon="7.5259120">
    <ele>236.0</ele>
    <time>2026-04-04T14:45:01Z</time>
   </trkpt>
   <trkpt lat="47.6486990" lon="7.5259170">
    <ele>236.0</ele>
    <time>2026-04-04T14:45:02Z</time>
   </trkpt>
   <trkpt lat="47.6486960" lon="7.5259220">
    <ele>236.0</ele>
    <time>2026-04-04T14:45:03Z</time>
   </trkpt>
   <trkpt lat="47.6486920" lon="7.5259280">
    <ele>236.0</ele>
    <time>2026-04-04T14:45:04Z</time>
   </trkpt>
   <trkpt lat="47.6486880" lon="7.5259330">
    <ele>236.0</ele>
    <time>2026-04-04T14:45:05Z</time>
   </trkpt>
   <trkpt lat="47.6486840" lon="7.5259380">
    <ele>236.0</ele>
    <time>2026-04-04T14:45:06Z</time>
   </trkpt>
   <trkpt lat="47.6486810" lon="7.5259440">
    <ele>236.0</ele>
    <time>2026-04-04T14:45:07Z</time>
   </trkpt>
   <trkpt lat="47.6486770" lon="7.5259490">
    <ele>236.0</ele>
    <time>2026-04-04T14:45:08Z</time>
   </trkpt>
   <trkpt lat="47.6486730" lon="7.5259550">
    <ele>236.0</ele>
    <time>2026-04-04T14:45:09Z</time>
   </trkpt>
   <trkpt lat="47.6486690" lon="7.5259600">
    <ele>236.0</ele>
    <time>2026-04-04T14:45:10Z</time>
   </trkpt>
   <trkpt lat="47.6486660" lon="7.5259650">
    <ele>236.0</ele>
    <time>2026-04-04T14:45:38Z</time>
   </trkpt>
   <trkpt lat="47.6486620" lon="7.5259710">
    <ele>236.0</ele>
    <time>2026-04-04T14:45:39Z</time>
   </trkpt>
   <trkpt lat="47.6486580" lon="7.5259760">
    <ele>236.0</ele>
    <time>2026-04-04T14:45:40Z</time>
   </trkpt>
   <trkpt lat="47.6486350" lon="7.5259990">
    <ele>236.0</ele>
    <time>2026-04-04T14:45:41Z</time>
   </trkpt>
   <trkpt lat="47.6486080" lon="7.5260230">
    <ele>236.0</ele>
    <time>2026-04-04T14:45:42Z</time>
   </trkpt>
   <trkpt lat="47.6485820" lon="7.5260510">
    <ele>236.0</ele>
    <time>2026-04-04T14:45:43Z</time>
   </trkpt>
   <trkpt lat="47.6485570" lon="7.5260810">
    <ele>236.0</ele>
    <time>2026-04-04T14:45:44Z</time>
   </trkpt>
   <trkpt lat="47.6485340" lon="7.5261120">
    <ele>236.0</ele>
    <time>2026-04-04T14:45:45Z</time>
   </trkpt>
   <trkpt lat="47.6485080" lon="7.5261420">
    <ele>236.0</ele>
    <time>2026-04-04T14:45:46Z</time>
   </trkpt>
   <trkpt lat="47.6484810" lon="7.5261730">
    <ele>236.0</ele>
    <time>2026-04-04T14:45:47Z</time>
   </trkpt>
   <trkpt lat="47.6484540" lon="7.5262040">
    <ele>236.0</ele>
    <time>2026-04-04T14:45:48Z</time>
   </trkpt>
   <trkpt lat="47.6484260" lon="7.5262360">
    <ele>236.0</ele>
    <time>2026-04-04T14:45:49Z</time>
   </trkpt>
   <trkpt lat="47.6483970" lon="7.5262700">
    <ele>236.0</ele>
    <time>2026-04-04T14:45:50Z</time>
   </trkpt>
   <trkpt lat="47.6483690" lon="7.5263040">
    <ele>236.0</ele>
    <time>2026-04-04T14:45:51Z</time>
   </trkpt>
   <trkpt lat="47.6483380" lon="7.5263400">
    <ele>236.0</ele>
    <time>2026-04-04T14:45:52Z</time>
   </trkpt>
   <trkpt lat="47.6483060" lon="7.5263780">
    <ele>236.0</ele>
    <time>2026-04-04T14:45:53Z</time>
   </trkpt>
   <trkpt lat="47.6482750" lon="7.5264130">
    <ele>236.0</ele>
    <time>2026-04-04T14:45:54Z</time>
   </trkpt>
   <trkpt lat="47.6482430" lon="7.5264480">
    <ele>236.0</ele>
    <time>2026-04-04T14:45:55Z</time>
   </trkpt>
   <trkpt lat="47.6482110" lon="7.5264840">
    <ele>236.0</ele>
    <time>2026-04-04T14:45:56Z</time>
   </trkpt>
   <trkpt lat="47.6481810" lon="7.5265240">
    <ele>236.0</ele>
    <time>2026-04-04T14:45:57Z</time>
   </trkpt>
   <trkpt lat="47.6481510" lon="7.5265640">
    <ele>236.0</ele>
    <time>2026-04-04T14:45:58Z</time>
   </trkpt>
   <trkpt lat="47.6481210" lon="7.5266010">
    <ele>236.0</ele>
    <time>2026-04-04T14:45:59Z</time>
   </trkpt>
   <trkpt lat="47.6480920" lon="7.5266360">
    <ele>236.0</ele>
    <time>2026-04-04T14:46:00Z</time>
   </trkpt>
   <trkpt lat="47.6480620" lon="7.5266700">
    <ele>236.0</ele>
    <time>2026-04-04T14:46:01Z</time>
   </trkpt>
   <trkpt lat="47.6480310" lon="7.5267050">
    <ele>236.0</ele>
    <time>2026-04-04T14:46:02Z</time>
   </trkpt>
   <trkpt lat="47.6480010" lon="7.5267410">
    <ele>236.0</ele>
    <time>2026-04-04T14:46:03Z</time>
   </trkpt>
   <trkpt lat="47.6479700" lon="7.5267790">
    <ele>236.1</ele>
    <time>2026-04-04T14:46:04Z</time>
   </trkpt>
   <trkpt lat="47.6479380" lon="7.5268160">
    <ele>236.1</ele>
    <time>2026-04-04T14:46:05Z</time>
   </trkpt>
   <trkpt lat="47.6479080" lon="7.5268530">
    <ele>236.1</ele>
    <time>2026-04-04T14:46:06Z</time>
   </trkpt>
   <trkpt lat="47.6478770" lon="7.5268930">
    <ele>236.2</ele>
    <time>2026-04-04T14:46:07Z</time>
   </trkpt>
   <trkpt lat="47.6478470" lon="7.5269320">
    <ele>236.2</ele>
    <time>2026-04-04T14:46:08Z</time>
   </trkpt>
   <trkpt lat="47.6478170" lon="7.5269680">
    <ele>236.2</ele>
    <time>2026-04-04T14:46:09Z</time>
   </trkpt>
   <trkpt lat="47.6477850" lon="7.5270030">
    <ele>236.3</ele>
    <time>2026-04-04T14:46:10Z</time>
   </trkpt>
   <trkpt lat="47.6477550" lon="7.5270380">
    <ele>236.3</ele>
    <time>2026-04-04T14:46:11Z</time>
   </trkpt>
   <trkpt lat="47.6477260" lon="7.5270730">
    <ele>236.3</ele>
    <time>2026-04-04T14:46:12Z</time>
   </trkpt>
   <trkpt lat="47.6476970" lon="7.5271080">
    <ele>236.4</ele>
    <time>2026-04-04T14:46:13Z</time>
   </trkpt>
   <trkpt lat="47.6476670" lon="7.5271430">
    <ele>236.4</ele>
    <time>2026-04-04T14:46:14Z</time>
   </trkpt>
   <trkpt lat="47.6476380" lon="7.5271780">
    <ele>236.4</ele>
    <time>2026-04-04T14:46:15Z</time>
   </trkpt>
   <trkpt lat="47.6476070" lon="7.5272140">
    <ele>236.4</ele>
    <time>2026-04-04T14:46:16Z</time>
   </trkpt>
   <trkpt lat="47.6475770" lon="7.5272470">
    <ele>236.4</ele>
    <time>2026-04-04T14:46:17Z</time>
   </trkpt>
   <trkpt lat="47.6475480" lon="7.5272790">
    <ele>236.4</ele>
    <time>2026-04-04T14:46:18Z</time>
   </trkpt>
   <trkpt lat="47.6475180" lon="7.5273120">
    <ele>236.5</ele>
    <time>2026-04-04T14:46:19Z</time>
   </trkpt>
   <trkpt lat="47.6474870" lon="7.5273460">
    <ele>236.5</ele>
    <time>2026-04-04T14:46:20Z</time>
   </trkpt>
   <trkpt lat="47.6474570" lon="7.5273800">
    <ele>236.5</ele>
    <time>2026-04-04T14:46:21Z</time>
   </trkpt>
   <trkpt lat="47.6474260" lon="7.5274130">
    <ele>236.5</ele>
    <time>2026-04-04T14:46:22Z</time>
   </trkpt>
   <trkpt lat="47.6473940" lon="7.5274470">
    <ele>236.5</ele>
    <time>2026-04-04T14:46:23Z</time>
   </trkpt>
   <trkpt lat="47.6473630" lon="7.5274820">
    <ele>236.5</ele>
    <time>2026-04-04T14:46:24Z</time>
   </trkpt>
   <trkpt lat="47.6473320" lon="7.5275180">
    <ele>236.5</ele>
    <time>2026-04-04T14:46:25Z</time>
   </trkpt>
   <trkpt lat="47.6473020" lon="7.5275550">
    <ele>236.5</ele>
    <time>2026-04-04T14:46:26Z</time>
   </trkpt>
   <trkpt lat="47.6472720" lon="7.5275880">
    <ele>236.5</ele>
    <time>2026-04-04T14:46:27Z</time>
   </trkpt>
   <trkpt lat="47.6472430" lon="7.5276240">
    <ele>236.5</ele>
    <time>2026-04-04T14:46:28Z</time>
   </trkpt>
   <trkpt lat="47.6472140" lon="7.5276600">
    <ele>236.5</ele>
    <time>2026-04-04T14:46:29Z</time>
   </trkpt>
   <trkpt lat="47.6471850" lon="7.5276970">
    <ele>236.6</ele>
    <time>2026-04-04T14:46:30Z</time>
   </trkpt>
   <trkpt lat="47.6471540" lon="7.5277350">
    <ele>236.6</ele>
    <time>2026-04-04T14:46:31Z</time>
   </trkpt>
   <trkpt lat="47.6471250" lon="7.5277720">
    <ele>236.6</ele>
    <time>2026-04-04T14:46:32Z</time>
   </trkpt>
   <trkpt lat="47.6470960" lon="7.5278080">
    <ele>236.6</ele>
    <time>2026-04-04T14:46:33Z</time>
   </trkpt>
   <trkpt lat="47.6470650" lon="7.5278450">
    <ele>236.6</ele>
    <time>2026-04-04T14:46:34Z</time>
   </trkpt>
   <trkpt lat="47.6470340" lon="7.5278820">
    <ele>236.6</ele>
    <time>2026-04-04T14:46:35Z</time>
   </trkpt>
   <trkpt lat="47.6470040" lon="7.5279190">
    <ele>236.5</ele>
    <time>2026-04-04T14:46:36Z</time>
   </trkpt>
   <trkpt lat="47.6469730" lon="7.5279560">
    <ele>236.5</ele>
    <time>2026-04-04T14:46:37Z</time>
   </trkpt>
   <trkpt lat="47.6469410" lon="7.5279930">
    <ele>236.5</ele>
    <time>2026-04-04T14:46:38Z</time>
   </trkpt>
   <trkpt lat="47.6469090" lon="7.5280280">
    <ele>236.5</ele>
    <time>2026-04-04T14:46:39Z</time>
   </trkpt>
   <trkpt lat="47.6468770" lon="7.5280630">
    <ele>236.5</ele>
    <time>2026-04-04T14:46:40Z</time>
   </trkpt>
   <trkpt lat="47.6468460" lon="7.5281000">
    <ele>236.4</ele>
    <time>2026-04-04T14:46:41Z</time>
   </trkpt>
   <trkpt lat="47.6468160" lon="7.5281370">
    <ele>236.4</ele>
    <time>2026-04-04T14:46:42Z</time>
   </trkpt>
   <trkpt lat="47.6467860" lon="7.5281720">
    <ele>236.4</ele>
    <time>2026-04-04T14:46:43Z</time>
   </trkpt>
   <trkpt lat="47.6467550" lon="7.5282060">
    <ele>236.4</ele>
    <time>2026-04-04T14:46:44Z</time>
   </trkpt>
   <trkpt lat="47.6467250" lon="7.5282400">
    <ele>236.4</ele>
    <time>2026-04-04T14:46:45Z</time>
   </trkpt>
   <trkpt lat="47.6466960" lon="7.5282740">
    <ele>236.5</ele>
    <time>2026-04-04T14:46:46Z</time>
   </trkpt>
   <trkpt lat="47.6466690" lon="7.5283100">
    <ele>236.5</ele>
    <time>2026-04-04T14:46:47Z</time>
   </trkpt>
   <trkpt lat="47.6466410" lon="7.5283470">
    <ele>236.5</ele>
    <time>2026-04-04T14:46:48Z</time>
   </trkpt>
   <trkpt lat="47.6466130" lon="7.5283810">
    <ele>236.5</ele>
    <time>2026-04-04T14:46:49Z</time>
   </trkpt>
   <trkpt lat="47.6465830" lon="7.5284170">
    <ele>236.5</ele>
    <time>2026-04-04T14:46:50Z</time>
   </trkpt>
   <trkpt lat="47.6465540" lon="7.5284540">
    <ele>236.5</ele>
    <time>2026-04-04T14:46:51Z</time>
   </trkpt>
   <trkpt lat="47.6465260" lon="7.5284910">
    <ele>236.5</ele>
    <time>2026-04-04T14:46:52Z</time>
   </trkpt>
   <trkpt lat="47.6464970" lon="7.5285260">
    <ele>236.5</ele>
    <time>2026-04-04T14:46:53Z</time>
   </trkpt>
   <trkpt lat="47.6464690" lon="7.5285620">
    <ele>236.5</ele>
    <time>2026-04-04T14:46:54Z</time>
   </trkpt>
   <trkpt lat="47.6464400" lon="7.5285990">
    <ele>236.5</ele>
    <time>2026-04-04T14:46:55Z</time>
   </trkpt>
   <trkpt lat="47.6464090" lon="7.5286350">
    <ele>236.5</ele>
    <time>2026-04-04T14:46:56Z</time>
   </trkpt>
   <trkpt lat="47.6463800" lon="7.5286680">
    <ele>236.5</ele>
    <time>2026-04-04T14:46:57Z</time>
   </trkpt>
   <trkpt lat="47.6463510" lon="7.5287020">
    <ele>236.5</ele>
    <time>2026-04-04T14:46:58Z</time>
   </trkpt>
   <trkpt lat="47.6463210" lon="7.5287360">
    <ele>236.5</ele>
    <time>2026-04-04T14:46:59Z</time>
   </trkpt>
   <trkpt lat="47.6462920" lon="7.5287720">
    <ele>236.5</ele>
    <time>2026-04-04T14:47:00Z</time>
   </trkpt>
   <trkpt lat="47.6462620" lon="7.5288080">
    <ele>236.5</ele>
    <time>2026-04-04T14:47:01Z</time>
   </trkpt>
   <trkpt lat="47.6462350" lon="7.5288410">
    <ele>236.5</ele>
    <time>2026-04-04T14:47:02Z</time>
   </trkpt>
   <trkpt lat="47.6462060" lon="7.5288750">
    <ele>236.5</ele>
    <time>2026-04-04T14:47:03Z</time>
   </trkpt>
   <trkpt lat="47.6461770" lon="7.5289090">
    <ele>236.5</ele>
    <time>2026-04-04T14:47:04Z</time>
   </trkpt>
   <trkpt lat="47.6461490" lon="7.5289420">
    <ele>236.5</ele>
    <time>2026-04-04T14:47:05Z</time>
   </trkpt>
   <trkpt lat="47.6461210" lon="7.5289750">
    <ele>236.5</ele>
    <time>2026-04-04T14:47:06Z</time>
   </trkpt>
   <trkpt lat="47.6460930" lon="7.5290070">
    <ele>236.5</ele>
    <time>2026-04-04T14:47:07Z</time>
   </trkpt>
   <trkpt lat="47.6460650" lon="7.5290360">
    <ele>236.5</ele>
    <time>2026-04-04T14:47:08Z</time>
   </trkpt>
   <trkpt lat="47.6460360" lon="7.5290680">
    <ele>236.5</ele>
    <time>2026-04-04T14:47:09Z</time>
   </trkpt>
   <trkpt lat="47.6460070" lon="7.5291000">
    <ele>236.5</ele>
    <time>2026-04-04T14:47:10Z</time>
   </trkpt>
   <trkpt lat="47.6459780" lon="7.5291320">
    <ele>236.5</ele>
    <time>2026-04-04T14:47:11Z</time>
   </trkpt>
   <trkpt lat="47.6459490" lon="7.5291660">
    <ele>236.5</ele>
    <time>2026-04-04T14:47:12Z</time>
   </trkpt>
   <trkpt lat="47.6459210" lon="7.5291990">
    <ele>236.4</ele>
    <time>2026-04-04T14:47:13Z</time>
   </trkpt>
   <trkpt lat="47.6458910" lon="7.5292330">
    <ele>236.4</ele>
    <time>2026-04-04T14:47:14Z</time>
   </trkpt>
   <trkpt lat="47.6458590" lon="7.5292690">
    <ele>236.3</ele>
    <time>2026-04-04T14:47:15Z</time>
   </trkpt>
   <trkpt lat="47.6458270" lon="7.5293070">
    <ele>236.3</ele>
    <time>2026-04-04T14:47:16Z</time>
   </trkpt>
   <trkpt lat="47.6457940" lon="7.5293440">
    <ele>236.2</ele>
    <time>2026-04-04T14:47:17Z</time>
   </trkpt>
   <trkpt lat="47.6457620" lon="7.5293820">
    <ele>236.2</ele>
    <time>2026-04-04T14:47:18Z</time>
   </trkpt>
   <trkpt lat="47.6457330" lon="7.5294180">
    <ele>236.2</ele>
    <time>2026-04-04T14:47:19Z</time>
   </trkpt>
   <trkpt lat="47.6457030" lon="7.5294540">
    <ele>236.1</ele>
    <time>2026-04-04T14:47:20Z</time>
   </trkpt>
   <trkpt lat="47.6456730" lon="7.5294870">
    <ele>236.1</ele>
    <time>2026-04-04T14:47:21Z</time>
   </trkpt>
   <trkpt lat="47.6456420" lon="7.5295210">
    <ele>236.1</ele>
    <time>2026-04-04T14:47:22Z</time>
   </trkpt>
   <trkpt lat="47.6456130" lon="7.5295560">
    <ele>236.1</ele>
    <time>2026-04-04T14:47:23Z</time>
   </trkpt>
   <trkpt lat="47.6455850" lon="7.5295920">
    <ele>236.1</ele>
    <time>2026-04-04T14:47:24Z</time>
   </trkpt>
   <trkpt lat="47.6455570" lon="7.5296290">
    <ele>236.0</ele>
    <time>2026-04-04T14:47:25Z</time>
   </trkpt>
   <trkpt lat="47.6455270" lon="7.5296640">
    <ele>236.0</ele>
    <time>2026-04-04T14:47:26Z</time>
   </trkpt>
   <trkpt lat="47.6454970" lon="7.5296980">
    <ele>236.0</ele>
    <time>2026-04-04T14:47:27Z</time>
   </trkpt>
   <trkpt lat="47.6454680" lon="7.5297320">
    <ele>236.0</ele>
    <time>2026-04-04T14:47:28Z</time>
   </trkpt>
   <trkpt lat="47.6454390" lon="7.5297670">
    <ele>236.0</ele>
    <time>2026-04-04T14:47:29Z</time>
   </trkpt>
   <trkpt lat="47.6454080" lon="7.5298000">
    <ele>236.0</ele>
    <time>2026-04-04T14:47:30Z</time>
   </trkpt>
   <trkpt lat="47.6453770" lon="7.5298330">
    <ele>236.0</ele>
    <time>2026-04-04T14:47:31Z</time>
   </trkpt>
   <trkpt lat="47.6453460" lon="7.5298670">
    <ele>236.1</ele>
    <time>2026-04-04T14:47:32Z</time>
   </trkpt>
   <trkpt lat="47.6453150" lon="7.5299010">
    <ele>236.1</ele>
    <time>2026-04-04T14:47:33Z</time>
   </trkpt>
   <trkpt lat="47.6452840" lon="7.5299360">
    <ele>236.1</ele>
    <time>2026-04-04T14:47:34Z</time>
   </trkpt>
   <trkpt lat="47.6452530" lon="7.5299680">
    <ele>236.2</ele>
    <time>2026-04-04T14:47:35Z</time>
   </trkpt>
   <trkpt lat="47.6452240" lon="7.5300040">
    <ele>236.2</ele>
    <time>2026-04-04T14:47:36Z</time>
   </trkpt>
   <trkpt lat="47.6451950" lon="7.5300400">
    <ele>236.2</ele>
    <time>2026-04-04T14:47:37Z</time>
   </trkpt>
   <trkpt lat="47.6451660" lon="7.5300740">
    <ele>236.3</ele>
    <time>2026-04-04T14:47:38Z</time>
   </trkpt>
   <trkpt lat="47.6451370" lon="7.5301070">
    <ele>236.3</ele>
    <time>2026-04-04T14:47:39Z</time>
   </trkpt>
   <trkpt lat="47.6451090" lon="7.5301400">
    <ele>236.3</ele>
    <time>2026-04-04T14:47:40Z</time>
   </trkpt>
   <trkpt lat="47.6450820" lon="7.5301730">
    <ele>236.4</ele>
    <time>2026-04-04T14:47:41Z</time>
   </trkpt>
   <trkpt lat="47.6450550" lon="7.5302040">
    <ele>236.4</ele>
    <time>2026-04-04T14:47:42Z</time>
   </trkpt>
   <trkpt lat="47.6450270" lon="7.5302360">
    <ele>236.4</ele>
    <time>2026-04-04T14:47:43Z</time>
   </trkpt>
   <trkpt lat="47.6449990" lon="7.5302680">
    <ele>236.4</ele>
    <time>2026-04-04T14:47:44Z</time>
   </trkpt>
   <trkpt lat="47.6449720" lon="7.5303000">
    <ele>236.4</ele>
    <time>2026-04-04T14:47:45Z</time>
   </trkpt>
   <trkpt lat="47.6449450" lon="7.5303310">
    <ele>236.5</ele>
    <time>2026-04-04T14:47:46Z</time>
   </trkpt>
   <trkpt lat="47.6449190" lon="7.5303630">
    <ele>236.5</ele>
    <time>2026-04-04T14:47:47Z</time>
   </trkpt>
   <trkpt lat="47.6448910" lon="7.5303960">
    <ele>236.5</ele>
    <time>2026-04-04T14:47:48Z</time>
   </trkpt>
   <trkpt lat="47.6448620" lon="7.5304290">
    <ele>236.5</ele>
    <time>2026-04-04T14:47:49Z</time>
   </trkpt>
   <trkpt lat="47.6448340" lon="7.5304640">
    <ele>236.5</ele>
    <time>2026-04-04T14:47:50Z</time>
   </trkpt>
   <trkpt lat="47.6448040" lon="7.5304990">
    <ele>236.5</ele>
    <time>2026-04-04T14:47:51Z</time>
   </trkpt>
   <trkpt lat="47.6447760" lon="7.5305340">
    <ele>236.5</ele>
    <time>2026-04-04T14:47:52Z</time>
   </trkpt>
   <trkpt lat="47.6447470" lon="7.5305700">
    <ele>236.6</ele>
    <time>2026-04-04T14:47:53Z</time>
   </trkpt>
   <trkpt lat="47.6447180" lon="7.5306060">
    <ele>236.6</ele>
    <time>2026-04-04T14:47:54Z</time>
   </trkpt>
   <trkpt lat="47.6446900" lon="7.5306440">
    <ele>236.6</ele>
    <time>2026-04-04T14:47:55Z</time>
   </trkpt>
   <trkpt lat="47.6446620" lon="7.5306840">
    <ele>236.6</ele>
    <time>2026-04-04T14:47:56Z</time>
   </trkpt>
   <trkpt lat="47.6446350" lon="7.5307220">
    <ele>236.6</ele>
    <time>2026-04-04T14:47:57Z</time>
   </trkpt>
   <trkpt lat="47.6446080" lon="7.5307580">
    <ele>236.6</ele>
    <time>2026-04-04T14:47:58Z</time>
   </trkpt>
   <trkpt lat="47.6445810" lon="7.5307940">
    <ele>236.6</ele>
    <time>2026-04-04T14:47:59Z</time>
   </trkpt>
   <trkpt lat="47.6445530" lon="7.5308310">
    <ele>236.5</ele>
    <time>2026-04-04T14:48:00Z</time>
   </trkpt>
   <trkpt lat="47.6445250" lon="7.5308710">
    <ele>236.5</ele>
    <time>2026-04-04T14:48:01Z</time>
   </trkpt>
   <trkpt lat="47.6444970" lon="7.5309090">
    <ele>236.5</ele>
    <time>2026-04-04T14:48:02Z</time>
   </trkpt>
   <trkpt lat="47.6444690" lon="7.5309470">
    <ele>236.5</ele>
    <time>2026-04-04T14:48:03Z</time>
   </trkpt>
   <trkpt lat="47.6444410" lon="7.5309840">
    <ele>236.5</ele>
    <time>2026-04-04T14:48:04Z</time>
   </trkpt>
   <trkpt lat="47.6444140" lon="7.5310230">
    <ele>236.5</ele>
    <time>2026-04-04T14:48:05Z</time>
   </trkpt>
   <trkpt lat="47.6443850" lon="7.5310630">
    <ele>236.5</ele>
    <time>2026-04-04T14:48:06Z</time>
   </trkpt>
   <trkpt lat="47.6443560" lon="7.5311010">
    <ele>236.5</ele>
    <time>2026-04-04T14:48:07Z</time>
   </trkpt>
   <trkpt lat="47.6443280" lon="7.5311390">
    <ele>236.5</ele>
    <time>2026-04-04T14:48:08Z</time>
   </trkpt>
   <trkpt lat="47.6443010" lon="7.5311780">
    <ele>236.5</ele>
    <time>2026-04-04T14:48:09Z</time>
   </trkpt>
   <trkpt lat="47.6442720" lon="7.5312130">
    <ele>236.5</ele>
    <time>2026-04-04T14:48:10Z</time>
   </trkpt>
   <trkpt lat="47.6442450" lon="7.5312460">
    <ele>236.5</ele>
    <time>2026-04-04T14:48:11Z</time>
   </trkpt>
   <trkpt lat="47.6442190" lon="7.5312810">
    <ele>236.6</ele>
    <time>2026-04-04T14:48:12Z</time>
   </trkpt>
   <trkpt lat="47.6441950" lon="7.5313160">
    <ele>236.6</ele>
    <time>2026-04-04T14:48:13Z</time>
   </trkpt>
   <trkpt lat="47.6441700" lon="7.5313500">
    <ele>236.6</ele>
    <time>2026-04-04T14:48:14Z</time>
   </trkpt>
   <trkpt lat="47.6441450" lon="7.5313840">
    <ele>236.6</ele>
    <time>2026-04-04T14:48:15Z</time>
   </trkpt>
   <trkpt lat="47.6441180" lon="7.5314200">
    <ele>236.6</ele>
    <time>2026-04-04T14:48:16Z</time>
   </trkpt>
   <trkpt lat="47.6440910" lon="7.5314560">
    <ele>236.6</ele>
    <time>2026-04-04T14:48:17Z</time>
   </trkpt>
   <trkpt lat="47.6440640" lon="7.5314930">
    <ele>236.6</ele>
    <time>2026-04-04T14:48:18Z</time>
   </trkpt>
   <trkpt lat="47.6440370" lon="7.5315300">
    <ele>236.6</ele>
    <time>2026-04-04T14:48:19Z</time>
   </trkpt>
   <trkpt lat="47.6440100" lon="7.5315680">
    <ele>236.6</ele>
    <time>2026-04-04T14:48:20Z</time>
   </trkpt>
   <trkpt lat="47.6439840" lon="7.5316070">
    <ele>236.6</ele>
    <time>2026-04-04T14:48:21Z</time>
   </trkpt>
   <trkpt lat="47.6439570" lon="7.5316460">
    <ele>236.6</ele>
    <time>2026-04-04T14:48:22Z</time>
   </trkpt>
   <trkpt lat="47.6439300" lon="7.5316850">
    <ele>236.6</ele>
    <time>2026-04-04T14:48:23Z</time>
   </trkpt>
   <trkpt lat="47.6439030" lon="7.5317240">
    <ele>236.6</ele>
    <time>2026-04-04T14:48:24Z</time>
   </trkpt>
   <trkpt lat="47.6438790" lon="7.5317610">
    <ele>236.6</ele>
    <time>2026-04-04T14:48:25Z</time>
   </trkpt>
   <trkpt lat="47.6438540" lon="7.5317990">
    <ele>236.6</ele>
    <time>2026-04-04T14:48:26Z</time>
   </trkpt>
   <trkpt lat="47.6438290" lon="7.5318360">
    <ele>236.6</ele>
    <time>2026-04-04T14:48:27Z</time>
   </trkpt>
   <trkpt lat="47.6438020" lon="7.5318710">
    <ele>236.6</ele>
    <time>2026-04-04T14:48:28Z</time>
   </trkpt>
   <trkpt lat="47.6437760" lon="7.5319070">
    <ele>236.6</ele>
    <time>2026-04-04T14:48:29Z</time>
   </trkpt>
   <trkpt lat="47.6437500" lon="7.5319440">
    <ele>236.6</ele>
    <time>2026-04-04T14:48:30Z</time>
   </trkpt>
   <trkpt lat="47.6437230" lon="7.5319840">
    <ele>236.6</ele>
    <time>2026-04-04T14:48:31Z</time>
   </trkpt>
   <trkpt lat="47.6436960" lon="7.5320220">
    <ele>236.7</ele>
    <time>2026-04-04T14:48:32Z</time>
   </trkpt>
   <trkpt lat="47.6436680" lon="7.5320610">
    <ele>236.7</ele>
    <time>2026-04-04T14:48:33Z</time>
   </trkpt>
   <trkpt lat="47.6436400" lon="7.5321010">
    <ele>236.7</ele>
    <time>2026-04-04T14:48:34Z</time>
   </trkpt>
   <trkpt lat="47.6436120" lon="7.5321380">
    <ele>236.7</ele>
    <time>2026-04-04T14:48:35Z</time>
   </trkpt>
   <trkpt lat="47.6435830" lon="7.5321740">
    <ele>236.7</ele>
    <time>2026-04-04T14:48:36Z</time>
   </trkpt>
   <trkpt lat="47.6435550" lon="7.5322130">
    <ele>236.8</ele>
    <time>2026-04-04T14:48:37Z</time>
   </trkpt>
   <trkpt lat="47.6435270" lon="7.5322500">
    <ele>236.8</ele>
    <time>2026-04-04T14:48:38Z</time>
   </trkpt>
   <trkpt lat="47.6434980" lon="7.5322870">
    <ele>236.8</ele>
    <time>2026-04-04T14:48:39Z</time>
   </trkpt>
   <trkpt lat="47.6434680" lon="7.5323230">
    <ele>236.8</ele>
    <time>2026-04-04T14:48:40Z</time>
   </trkpt>
   <trkpt lat="47.6434400" lon="7.5323610">
    <ele>236.9</ele>
    <time>2026-04-04T14:48:41Z</time>
   </trkpt>
   <trkpt lat="47.6434130" lon="7.5323990">
    <ele>236.9</ele>
    <time>2026-04-04T14:48:42Z</time>
   </trkpt>
   <trkpt lat="47.6433870" lon="7.5324350">
    <ele>237.0</ele>
    <time>2026-04-04T14:48:43Z</time>
   </trkpt>
   <trkpt lat="47.6433610" lon="7.5324740">
    <ele>237.0</ele>
    <time>2026-04-04T14:48:44Z</time>
   </trkpt>
   <trkpt lat="47.6433350" lon="7.5325130">
    <ele>237.1</ele>
    <time>2026-04-04T14:48:45Z</time>
   </trkpt>
   <trkpt lat="47.6433080" lon="7.5325500">
    <ele>237.1</ele>
    <time>2026-04-04T14:48:46Z</time>
   </trkpt>
   <trkpt lat="47.6432800" lon="7.5325860">
    <ele>237.2</ele>
    <time>2026-04-04T14:48:47Z</time>
   </trkpt>
   <trkpt lat="47.6432530" lon="7.5326240">
    <ele>237.3</ele>
    <time>2026-04-04T14:48:48Z</time>
   </trkpt>
   <trkpt lat="47.6432280" lon="7.5326610">
    <ele>237.3</ele>
    <time>2026-04-04T14:48:49Z</time>
   </trkpt>
   <trkpt lat="47.6432030" lon="7.5326990">
    <ele>237.4</ele>
    <time>2026-04-04T14:48:50Z</time>
   </trkpt>
   <trkpt lat="47.6431790" lon="7.5327380">
    <ele>237.5</ele>
    <time>2026-04-04T14:48:51Z</time>
   </trkpt>
   <trkpt lat="47.6431530" lon="7.5327760">
    <ele>237.5</ele>
    <time>2026-04-04T14:48:52Z</time>
   </trkpt>
   <trkpt lat="47.6431270" lon="7.5328170">
    <ele>237.6</ele>
    <time>2026-04-04T14:48:53Z</time>
   </trkpt>
   <trkpt lat="47.6430990" lon="7.5328580">
    <ele>237.6</ele>
    <time>2026-04-04T14:48:54Z</time>
   </trkpt>
   <trkpt lat="47.6430710" lon="7.5328990">
    <ele>237.7</ele>
    <time>2026-04-04T14:48:55Z</time>
   </trkpt>
   <trkpt lat="47.6430410" lon="7.5329390">
    <ele>237.7</ele>
    <time>2026-04-04T14:48:56Z</time>
   </trkpt>
   <trkpt lat="47.6430120" lon="7.5329810">
    <ele>237.8</ele>
    <time>2026-04-04T14:48:57Z</time>
   </trkpt>
   <trkpt lat="47.6429840" lon="7.5330210">
    <ele>237.8</ele>
    <time>2026-04-04T14:48:58Z</time>
   </trkpt>
   <trkpt lat="47.6429560" lon="7.5330620">
    <ele>237.9</ele>
    <time>2026-04-04T14:48:59Z</time>
   </trkpt>
   <trkpt lat="47.6429290" lon="7.5331040">
    <ele>237.9</ele>
    <time>2026-04-04T14:49:00Z</time>
   </trkpt>
   <trkpt lat="47.6429000" lon="7.5331440">
    <ele>237.9</ele>
    <time>2026-04-04T14:49:01Z</time>
   </trkpt>
   <trkpt lat="47.6428700" lon="7.5331840">
    <ele>237.9</ele>
    <time>2026-04-04T14:49:02Z</time>
   </trkpt>
   <trkpt lat="47.6428430" lon="7.5332260">
    <ele>237.9</ele>
    <time>2026-04-04T14:49:03Z</time>
   </trkpt>
   <trkpt lat="47.6428140" lon="7.5332690">
    <ele>237.9</ele>
    <time>2026-04-04T14:49:04Z</time>
   </trkpt>
   <trkpt lat="47.6427840" lon="7.5333120">
    <ele>237.9</ele>
    <time>2026-04-04T14:49:05Z</time>
   </trkpt>
   <trkpt lat="47.6427530" lon="7.5333570">
    <ele>237.9</ele>
    <time>2026-04-04T14:49:06Z</time>
   </trkpt>
   <trkpt lat="47.6427210" lon="7.5333990">
    <ele>237.9</ele>
    <time>2026-04-04T14:49:07Z</time>
   </trkpt>
   <trkpt lat="47.6426860" lon="7.5334390">
    <ele>237.8</ele>
    <time>2026-04-04T14:49:08Z</time>
   </trkpt>
   <trkpt lat="47.6426520" lon="7.5334790">
    <ele>237.8</ele>
    <time>2026-04-04T14:49:09Z</time>
   </trkpt>
   <trkpt lat="47.6426180" lon="7.5335190">
    <ele>237.9</ele>
    <time>2026-04-04T14:49:10Z</time>
   </trkpt>
   <trkpt lat="47.6425840" lon="7.5335580">
    <ele>237.9</ele>
    <time>2026-04-04T14:49:11Z</time>
   </trkpt>
   <trkpt lat="47.6425530" lon="7.5335970">
    <ele>237.9</ele>
    <time>2026-04-04T14:49:12Z</time>
   </trkpt>
   <trkpt lat="47.6425220" lon="7.5336350">
    <ele>237.9</ele>
    <time>2026-04-04T14:49:13Z</time>
   </trkpt>
   <trkpt lat="47.6424900" lon="7.5336750">
    <ele>237.9</ele>
    <time>2026-04-04T14:49:14Z</time>
   </trkpt>
   <trkpt lat="47.6424600" lon="7.5337150">
    <ele>237.9</ele>
    <time>2026-04-04T14:49:15Z</time>
   </trkpt>
   <trkpt lat="47.6424300" lon="7.5337560">
    <ele>237.9</ele>
    <time>2026-04-04T14:49:16Z</time>
   </trkpt>
   <trkpt lat="47.6424020" lon="7.5337960">
    <ele>237.9</ele>
    <time>2026-04-04T14:49:17Z</time>
   </trkpt>
   <trkpt lat="47.6423760" lon="7.5338350">
    <ele>237.9</ele>
    <time>2026-04-04T14:49:18Z</time>
   </trkpt>
   <trkpt lat="47.6423490" lon="7.5338720">
    <ele>237.9</ele>
    <time>2026-04-04T14:49:19Z</time>
   </trkpt>
   <trkpt lat="47.6423230" lon="7.5339090">
    <ele>237.8</ele>
    <time>2026-04-04T14:49:20Z</time>
   </trkpt>
   <trkpt lat="47.6422950" lon="7.5339470">
    <ele>237.8</ele>
    <time>2026-04-04T14:49:21Z</time>
   </trkpt>
   <trkpt lat="47.6422660" lon="7.5339890">
    <ele>237.7</ele>
    <time>2026-04-04T14:49:22Z</time>
   </trkpt>
   <trkpt lat="47.6422370" lon="7.5340280">
    <ele>237.6</ele>
    <time>2026-04-04T14:49:23Z</time>
   </trkpt>
   <trkpt lat="47.6422060" lon="7.5340670">
    <ele>237.6</ele>
    <time>2026-04-04T14:49:24Z</time>
   </trkpt>
   <trkpt lat="47.6421730" lon="7.5341070">
    <ele>237.5</ele>
    <time>2026-04-04T14:49:25Z</time>
   </trkpt>
   <trkpt lat="47.6421400" lon="7.5341510">
    <ele>237.4</ele>
    <time>2026-04-04T14:49:26Z</time>
   </trkpt>
   <trkpt lat="47.6421070" lon="7.5341940">
    <ele>237.3</ele>
    <time>2026-04-04T14:49:27Z</time>
   </trkpt>
   <trkpt lat="47.6420730" lon="7.5342350">
    <ele>237.2</ele>
    <time>2026-04-04T14:49:28Z</time>
   </trkpt>
   <trkpt lat="47.6420410" lon="7.5342760">
    <ele>237.2</ele>
    <time>2026-04-04T14:49:29Z</time>
   </trkpt>
   <trkpt lat="47.6420060" lon="7.5343180">
    <ele>237.1</ele>
    <time>2026-04-04T14:49:30Z</time>
   </trkpt>
   <trkpt lat="47.6419720" lon="7.5343580">
    <ele>237.1</ele>
    <time>2026-04-04T14:49:31Z</time>
   </trkpt>
   <trkpt lat="47.6419420" lon="7.5343990">
    <ele>237.1</ele>
    <time>2026-04-04T14:49:32Z</time>
   </trkpt>
   <trkpt lat="47.6419090" lon="7.5344340">
    <ele>237.2</ele>
    <time>2026-04-04T14:49:33Z</time>
   </trkpt>
   <trkpt lat="47.6418820" lon="7.5344760">
    <ele>237.2</ele>
    <time>2026-04-04T14:49:34Z</time>
   </trkpt>
   <trkpt lat="47.6418530" lon="7.5345140">
    <ele>237.2</ele>
    <time>2026-04-04T14:49:35Z</time>
   </trkpt>
   <trkpt lat="47.6418240" lon="7.5345520">
    <ele>237.2</ele>
    <time>2026-04-04T14:49:36Z</time>
   </trkpt>
   <trkpt lat="47.6417970" lon="7.5345910">
    <ele>237.3</ele>
    <time>2026-04-04T14:49:37Z</time>
   </trkpt>
   <trkpt lat="47.6417710" lon="7.5346300">
    <ele>237.3</ele>
    <time>2026-04-04T14:49:38Z</time>
   </trkpt>
   <trkpt lat="47.6417450" lon="7.5346700">
    <ele>237.3</ele>
    <time>2026-04-04T14:49:39Z</time>
   </trkpt>
   <trkpt lat="47.6417190" lon="7.5347100">
    <ele>237.4</ele>
    <time>2026-04-04T14:49:40Z</time>
   </trkpt>
   <trkpt lat="47.6416950" lon="7.5347510">
    <ele>237.4</ele>
    <time>2026-04-04T14:49:41Z</time>
   </trkpt>
   <trkpt lat="47.6416720" lon="7.5347910">
    <ele>237.4</ele>
    <time>2026-04-04T14:49:42Z</time>
   </trkpt>
   <trkpt lat="47.6416490" lon="7.5348320">
    <ele>237.4</ele>
    <time>2026-04-04T14:49:43Z</time>
   </trkpt>
   <trkpt lat="47.6416260" lon="7.5348740">
    <ele>237.5</ele>
    <time>2026-04-04T14:49:44Z</time>
   </trkpt>
   <trkpt lat="47.6416030" lon="7.5349120">
    <ele>237.5</ele>
    <time>2026-04-04T14:49:45Z</time>
   </trkpt>
   <trkpt lat="47.6415800" lon="7.5349520">
    <ele>237.5</ele>
    <time>2026-04-04T14:49:46Z</time>
   </trkpt>
   <trkpt lat="47.6415590" lon="7.5349930">
    <ele>237.5</ele>
    <time>2026-04-04T14:49:47Z</time>
   </trkpt>
   <trkpt lat="47.6415370" lon="7.5350360">
    <ele>237.4</ele>
    <time>2026-04-04T14:49:48Z</time>
   </trkpt>
   <trkpt lat="47.6415140" lon="7.5350780">
    <ele>237.4</ele>
    <time>2026-04-04T14:49:49Z</time>
   </trkpt>
   <trkpt lat="47.6414900" lon="7.5351220">
    <ele>237.4</ele>
    <time>2026-04-04T14:49:50Z</time>
   </trkpt>
   <trkpt lat="47.6414650" lon="7.5351670">
    <ele>237.4</ele>
    <time>2026-04-04T14:49:51Z</time>
   </trkpt>
   <trkpt lat="47.6414390" lon="7.5352130">
    <ele>237.4</ele>
    <time>2026-04-04T14:49:52Z</time>
   </trkpt>
   <trkpt lat="47.6414130" lon="7.5352570">
    <ele>237.4</ele>
    <time>2026-04-04T14:49:53Z</time>
   </trkpt>
   <trkpt lat="47.6413890" lon="7.5353010">
    <ele>237.4</ele>
    <time>2026-04-04T14:49:54Z</time>
   </trkpt>
   <trkpt lat="47.6413640" lon="7.5353470">
    <ele>237.4</ele>
    <time>2026-04-04T14:49:55Z</time>
   </trkpt>
   <trkpt lat="47.6413410" lon="7.5353930">
    <ele>237.4</ele>
    <time>2026-04-04T14:49:56Z</time>
   </trkpt>
   <trkpt lat="47.6413180" lon="7.5354370">
    <ele>237.4</ele>
    <time>2026-04-04T14:49:57Z</time>
   </trkpt>
   <trkpt lat="47.6412960" lon="7.5354810">
    <ele>237.4</ele>
    <time>2026-04-04T14:49:58Z</time>
   </trkpt>
   <trkpt lat="47.6412750" lon="7.5355250">
    <ele>237.3</ele>
    <time>2026-04-04T14:49:59Z</time>
   </trkpt>
   <trkpt lat="47.6412540" lon="7.5355720">
    <ele>237.3</ele>
    <time>2026-04-04T14:50:00Z</time>
   </trkpt>
   <trkpt lat="47.6412320" lon="7.5356200">
    <ele>237.2</ele>
    <time>2026-04-04T14:50:01Z</time>
   </trkpt>
   <trkpt lat="47.6412080" lon="7.5356670">
    <ele>237.2</ele>
    <time>2026-04-04T14:50:02Z</time>
   </trkpt>
   <trkpt lat="47.6411840" lon="7.5357160">
    <ele>237.1</ele>
    <time>2026-04-04T14:50:03Z</time>
   </trkpt>
   <trkpt lat="47.6411620" lon="7.5357660">
    <ele>237.1</ele>
    <time>2026-04-04T14:50:04Z</time>
   </trkpt>
   <trkpt lat="47.6411410" lon="7.5358160">
    <ele>237.1</ele>
    <time>2026-04-04T14:50:05Z</time>
   </trkpt>
   <trkpt lat="47.6411200" lon="7.5358660">
    <ele>237.1</ele>
    <time>2026-04-04T14:50:06Z</time>
   </trkpt>
   <trkpt lat="47.6410970" lon="7.5359120">
    <ele>237.1</ele>
    <time>2026-04-04T14:50:07Z</time>
   </trkpt>
   <trkpt lat="47.6410750" lon="7.5359570">
    <ele>237.0</ele>
    <time>2026-04-04T14:50:08Z</time>
   </trkpt>
   <trkpt lat="47.6410540" lon="7.5360020">
    <ele>237.0</ele>
    <time>2026-04-04T14:50:09Z</time>
   </trkpt>
   <trkpt lat="47.6410350" lon="7.5360480">
    <ele>237.0</ele>
    <time>2026-04-04T14:50:10Z</time>
   </trkpt>
   <trkpt lat="47.6410150" lon="7.5360910">
    <ele>237.0</ele>
    <time>2026-04-04T14:50:11Z</time>
   </trkpt>
   <trkpt lat="47.6409930" lon="7.5361340">
    <ele>237.0</ele>
    <time>2026-04-04T14:50:12Z</time>
   </trkpt>
   <trkpt lat="47.6409710" lon="7.5361770">
    <ele>237.0</ele>
    <time>2026-04-04T14:50:13Z</time>
   </trkpt>
   <trkpt lat="47.6409500" lon="7.5362200">
    <ele>237.0</ele>
    <time>2026-04-04T14:50:14Z</time>
   </trkpt>
   <trkpt lat="47.6409270" lon="7.5362610">
    <ele>237.0</ele>
    <time>2026-04-04T14:50:15Z</time>
   </trkpt>
   <trkpt lat="47.6409030" lon="7.5363010">
    <ele>237.0</ele>
    <time>2026-04-04T14:50:16Z</time>
   </trkpt>
   <trkpt lat="47.6408780" lon="7.5363420">
    <ele>237.0</ele>
    <time>2026-04-04T14:50:17Z</time>
   </trkpt>
   <trkpt lat="47.6408540" lon="7.5363820">
    <ele>237.1</ele>
    <time>2026-04-04T14:50:18Z</time>
   </trkpt>
   <trkpt lat="47.6408320" lon="7.5364210">
    <ele>237.1</ele>
    <time>2026-04-04T14:50:19Z</time>
   </trkpt>
   <trkpt lat="47.6408090" lon="7.5364610">
    <ele>237.1</ele>
    <time>2026-04-04T14:50:20Z</time>
   </trkpt>
   <trkpt lat="47.6407870" lon="7.5365030">
    <ele>237.1</ele>
    <time>2026-04-04T14:50:21Z</time>
   </trkpt>
   <trkpt lat="47.6407660" lon="7.5365440">
    <ele>237.1</ele>
    <time>2026-04-04T14:50:22Z</time>
   </trkpt>
   <trkpt lat="47.6407450" lon="7.5365850">
    <ele>237.1</ele>
    <time>2026-04-04T14:50:23Z</time>
   </trkpt>
   <trkpt lat="47.6407220" lon="7.5366250">
    <ele>237.1</ele>
    <time>2026-04-04T14:50:24Z</time>
   </trkpt>
   <trkpt lat="47.6406980" lon="7.5366640">
    <ele>237.1</ele>
    <time>2026-04-04T14:50:25Z</time>
   </trkpt>
   <trkpt lat="47.6406760" lon="7.5367020">
    <ele>237.1</ele>
    <time>2026-04-04T14:50:26Z</time>
   </trkpt>
   <trkpt lat="47.6406520" lon="7.5367420">
    <ele>237.1</ele>
    <time>2026-04-04T14:50:27Z</time>
   </trkpt>
   <trkpt lat="47.6406280" lon="7.5367810">
    <ele>237.1</ele>
    <time>2026-04-04T14:50:28Z</time>
   </trkpt>
   <trkpt lat="47.6406060" lon="7.5368220">
    <ele>237.1</ele>
    <time>2026-04-04T14:50:29Z</time>
   </trkpt>
   <trkpt lat="47.6405830" lon="7.5368620">
    <ele>237.1</ele>
    <time>2026-04-04T14:50:30Z</time>
   </trkpt>
   <trkpt lat="47.6405610" lon="7.5369000">
    <ele>237.1</ele>
    <time>2026-04-04T14:50:31Z</time>
   </trkpt>
   <trkpt lat="47.6405380" lon="7.5369370">
    <ele>237.1</ele>
    <time>2026-04-04T14:50:32Z</time>
   </trkpt>
   <trkpt lat="47.6405150" lon="7.5369730">
    <ele>237.1</ele>
    <time>2026-04-04T14:50:33Z</time>
   </trkpt>
   <trkpt lat="47.6404930" lon="7.5370110">
    <ele>237.1</ele>
    <time>2026-04-04T14:50:34Z</time>
   </trkpt>
   <trkpt lat="47.6404710" lon="7.5370490">
    <ele>237.1</ele>
    <time>2026-04-04T14:50:35Z</time>
   </trkpt>
   <trkpt lat="47.6404490" lon="7.5370890">
    <ele>237.1</ele>
    <time>2026-04-04T14:50:36Z</time>
   </trkpt>
   <trkpt lat="47.6404260" lon="7.5371320">
    <ele>237.1</ele>
    <time>2026-04-04T14:50:37Z</time>
   </trkpt>
   <trkpt lat="47.6404030" lon="7.5371740">
    <ele>237.0</ele>
    <time>2026-04-04T14:50:38Z</time>
   </trkpt>
   <trkpt lat="47.6403800" lon="7.5372160">
    <ele>237.0</ele>
    <time>2026-04-04T14:50:39Z</time>
   </trkpt>
   <trkpt lat="47.6403570" lon="7.5372590">
    <ele>237.0</ele>
    <time>2026-04-04T14:50:40Z</time>
   </trkpt>
   <trkpt lat="47.6403320" lon="7.5373020">
    <ele>237.0</ele>
    <time>2026-04-04T14:50:41Z</time>
   </trkpt>
   <trkpt lat="47.6403080" lon="7.5373450">
    <ele>237.0</ele>
    <time>2026-04-04T14:50:42Z</time>
   </trkpt>
   <trkpt lat="47.6402840" lon="7.5373870">
    <ele>237.0</ele>
    <time>2026-04-04T14:50:43Z</time>
   </trkpt>
   <trkpt lat="47.6402590" lon="7.5374290">
    <ele>237.0</ele>
    <time>2026-04-04T14:50:44Z</time>
   </trkpt>
   <trkpt lat="47.6402340" lon="7.5374690">
    <ele>237.0</ele>
    <time>2026-04-04T14:50:45Z</time>
   </trkpt>
   <trkpt lat="47.6402080" lon="7.5375090">
    <ele>237.0</ele>
    <time>2026-04-04T14:50:46Z</time>
   </trkpt>
   <trkpt lat="47.6401820" lon="7.5375470">
    <ele>237.1</ele>
    <time>2026-04-04T14:50:47Z</time>
   </trkpt>
   <trkpt lat="47.6401590" lon="7.5375860">
    <ele>237.1</ele>
    <time>2026-04-04T14:50:48Z</time>
   </trkpt>
   <trkpt lat="47.6401370" lon="7.5376250">
    <ele>237.1</ele>
    <time>2026-04-04T14:50:49Z</time>
   </trkpt>
   <trkpt lat="47.6401150" lon="7.5376640">
    <ele>237.1</ele>
    <time>2026-04-04T14:50:50Z</time>
   </trkpt>
   <trkpt lat="47.6400930" lon="7.5377020">
    <ele>237.2</ele>
    <time>2026-04-04T14:50:51Z</time>
   </trkpt>
   <trkpt lat="47.6400710" lon="7.5377370">
    <ele>237.2</ele>
    <time>2026-04-04T14:50:52Z</time>
   </trkpt>
   <trkpt lat="47.6400490" lon="7.5377750">
    <ele>237.2</ele>
    <time>2026-04-04T14:50:53Z</time>
   </trkpt>
   <trkpt lat="47.6400280" lon="7.5378150">
    <ele>237.3</ele>
    <time>2026-04-04T14:50:54Z</time>
   </trkpt>
   <trkpt lat="47.6400060" lon="7.5378530">
    <ele>237.3</ele>
    <time>2026-04-04T14:50:55Z</time>
   </trkpt>
   <trkpt lat="47.6399840" lon="7.5378910">
    <ele>237.3</ele>
    <time>2026-04-04T14:50:56Z</time>
   </trkpt>
   <trkpt lat="47.6399610" lon="7.5379290">
    <ele>237.4</ele>
    <time>2026-04-04T14:50:57Z</time>
   </trkpt>
   <trkpt lat="47.6399390" lon="7.5379680">
    <ele>237.4</ele>
    <time>2026-04-04T14:50:58Z</time>
   </trkpt>
   <trkpt lat="47.6399170" lon="7.5380070">
    <ele>237.4</ele>
    <time>2026-04-04T14:50:59Z</time>
   </trkpt>
   <trkpt lat="47.6398950" lon="7.5380430">
    <ele>237.5</ele>
    <time>2026-04-04T14:51:00Z</time>
   </trkpt>
   <trkpt lat="47.6398720" lon="7.5380800">
    <ele>237.5</ele>
    <time>2026-04-04T14:51:01Z</time>
   </trkpt>
   <trkpt lat="47.6398480" lon="7.5381180">
    <ele>237.6</ele>
    <time>2026-04-04T14:51:02Z</time>
   </trkpt>
   <trkpt lat="47.6398260" lon="7.5381560">
    <ele>237.6</ele>
    <time>2026-04-04T14:51:03Z</time>
   </trkpt>
   <trkpt lat="47.6398060" lon="7.5381920">
    <ele>237.6</ele>
    <time>2026-04-04T14:51:04Z</time>
   </trkpt>
   <trkpt lat="47.6397860" lon="7.5382300">
    <ele>237.7</ele>
    <time>2026-04-04T14:51:05Z</time>
   </trkpt>
   <trkpt lat="47.6397670" lon="7.5382660">
    <ele>237.7</ele>
    <time>2026-04-04T14:51:06Z</time>
   </trkpt>
   <trkpt lat="47.6397460" lon="7.5383010">
    <ele>237.7</ele>
    <time>2026-04-04T14:51:07Z</time>
   </trkpt>
   <trkpt lat="47.6397260" lon="7.5383370">
    <ele>237.8</ele>
    <time>2026-04-04T14:51:08Z</time>
   </trkpt>
   <trkpt lat="47.6397040" lon="7.5383730">
    <ele>237.8</ele>
    <time>2026-04-04T14:51:09Z</time>
   </trkpt>
   <trkpt lat="47.6396830" lon="7.5384090">
    <ele>237.8</ele>
    <time>2026-04-04T14:51:10Z</time>
   </trkpt>
   <trkpt lat="47.6396610" lon="7.5384440">
    <ele>237.8</ele>
    <time>2026-04-04T14:51:11Z</time>
   </trkpt>
   <trkpt lat="47.6396380" lon="7.5384800">
    <ele>237.8</ele>
    <time>2026-04-04T14:51:12Z</time>
   </trkpt>
   <trkpt lat="47.6396170" lon="7.5385180">
    <ele>237.8</ele>
    <time>2026-04-04T14:51:13Z</time>
   </trkpt>
   <trkpt lat="47.6395950" lon="7.5385560">
    <ele>237.8</ele>
    <time>2026-04-04T14:51:14Z</time>
   </trkpt>
   <trkpt lat="47.6395730" lon="7.5385950">
    <ele>237.8</ele>
    <time>2026-04-04T14:51:15Z</time>
   </trkpt>
   <trkpt lat="47.6395520" lon="7.5386360">
    <ele>237.8</ele>
    <time>2026-04-04T14:51:16Z</time>
   </trkpt>
   <trkpt lat="47.6395300" lon="7.5386770">
    <ele>237.8</ele>
    <time>2026-04-04T14:51:17Z</time>
   </trkpt>
   <trkpt lat="47.6395080" lon="7.5387160">
    <ele>237.8</ele>
    <time>2026-04-04T14:51:18Z</time>
   </trkpt>
   <trkpt lat="47.6394860" lon="7.5387550">
    <ele>237.8</ele>
    <time>2026-04-04T14:51:19Z</time>
   </trkpt>
   <trkpt lat="47.6394650" lon="7.5387950">
    <ele>237.8</ele>
    <time>2026-04-04T14:51:20Z</time>
   </trkpt>
   <trkpt lat="47.6394440" lon="7.5388380">
    <ele>237.8</ele>
    <time>2026-04-04T14:51:21Z</time>
   </trkpt>
   <trkpt lat="47.6394230" lon="7.5388800">
    <ele>237.8</ele>
    <time>2026-04-04T14:51:22Z</time>
   </trkpt>
   <trkpt lat="47.6394020" lon="7.5389210">
    <ele>237.8</ele>
    <time>2026-04-04T14:51:23Z</time>
   </trkpt>
   <trkpt lat="47.6393780" lon="7.5389590">
    <ele>237.9</ele>
    <time>2026-04-04T14:51:24Z</time>
   </trkpt>
   <trkpt lat="47.6393550" lon="7.5389970">
    <ele>237.9</ele>
    <time>2026-04-04T14:51:25Z</time>
   </trkpt>
   <trkpt lat="47.6393330" lon="7.5390350">
    <ele>237.9</ele>
    <time>2026-04-04T14:51:26Z</time>
   </trkpt>
   <trkpt lat="47.6393130" lon="7.5390710">
    <ele>238.0</ele>
    <time>2026-04-04T14:51:27Z</time>
   </trkpt>
   <trkpt lat="47.6392900" lon="7.5391070">
    <ele>238.0</ele>
    <time>2026-04-04T14:51:28Z</time>
   </trkpt>
   <trkpt lat="47.6392680" lon="7.5391430">
    <ele>238.1</ele>
    <time>2026-04-04T14:51:29Z</time>
   </trkpt>
   <trkpt lat="47.6392460" lon="7.5391810">
    <ele>238.1</ele>
    <time>2026-04-04T14:51:30Z</time>
   </trkpt>
   <trkpt lat="47.6392240" lon="7.5392170">
    <ele>238.2</ele>
    <time>2026-04-04T14:51:31Z</time>
   </trkpt>
   <trkpt lat="47.6392020" lon="7.5392550">
    <ele>238.3</ele>
    <time>2026-04-04T14:51:32Z</time>
   </trkpt>
   <trkpt lat="47.6391800" lon="7.5392930">
    <ele>238.3</ele>
    <time>2026-04-04T14:51:33Z</time>
   </trkpt>
   <trkpt lat="47.6391570" lon="7.5393310">
    <ele>238.4</ele>
    <time>2026-04-04T14:51:34Z</time>
   </trkpt>
   <trkpt lat="47.6391360" lon="7.5393690">
    <ele>238.5</ele>
    <time>2026-04-04T14:51:35Z</time>
   </trkpt>
   <trkpt lat="47.6391160" lon="7.5394050">
    <ele>238.6</ele>
    <time>2026-04-04T14:51:36Z</time>
   </trkpt>
   <trkpt lat="47.6390960" lon="7.5394400">
    <ele>238.7</ele>
    <time>2026-04-04T14:51:37Z</time>
   </trkpt>
   <trkpt lat="47.6390760" lon="7.5394730">
    <ele>238.7</ele>
    <time>2026-04-04T14:51:38Z</time>
   </trkpt>
   <trkpt lat="47.6390560" lon="7.5395110">
    <ele>238.8</ele>
    <time>2026-04-04T14:51:39Z</time>
   </trkpt>
   <trkpt lat="47.6390380" lon="7.5395460">
    <ele>238.9</ele>
    <time>2026-04-04T14:51:40Z</time>
   </trkpt>
   <trkpt lat="47.6390180" lon="7.5395800">
    <ele>239.0</ele>
    <time>2026-04-04T14:51:41Z</time>
   </trkpt>
   <trkpt lat="47.6389950" lon="7.5396130">
    <ele>239.1</ele>
    <time>2026-04-04T14:51:42Z</time>
   </trkpt>
   <trkpt lat="47.6389710" lon="7.5396470">
    <ele>239.2</ele>
    <time>2026-04-04T14:51:43Z</time>
   </trkpt>
   <trkpt lat="47.6389500" lon="7.5396820">
    <ele>239.2</ele>
    <time>2026-04-04T14:51:44Z</time>
   </trkpt>
   <trkpt lat="47.6389270" lon="7.5397180">
    <ele>239.3</ele>
    <time>2026-04-04T14:51:45Z</time>
   </trkpt>
   <trkpt lat="47.6389050" lon="7.5397540">
    <ele>239.4</ele>
    <time>2026-04-04T14:51:46Z</time>
   </trkpt>
   <trkpt lat="47.6388820" lon="7.5397890">
    <ele>239.4</ele>
    <time>2026-04-04T14:51:47Z</time>
   </trkpt>
   <trkpt lat="47.6388600" lon="7.5398240">
    <ele>239.5</ele>
    <time>2026-04-04T14:51:48Z</time>
   </trkpt>
   <trkpt lat="47.6388370" lon="7.5398560">
    <ele>239.5</ele>
    <time>2026-04-04T14:51:49Z</time>
   </trkpt>
   <trkpt lat="47.6388140" lon="7.5398870">
    <ele>239.5</ele>
    <time>2026-04-04T14:51:50Z</time>
   </trkpt>
   <trkpt lat="47.6387890" lon="7.5399170">
    <ele>239.5</ele>
    <time>2026-04-04T14:51:51Z</time>
   </trkpt>
   <trkpt lat="47.6387630" lon="7.5399480">
    <ele>239.5</ele>
    <time>2026-04-04T14:51:52Z</time>
   </trkpt>
   <trkpt lat="47.6387370" lon="7.5399800">
    <ele>239.6</ele>
    <time>2026-04-04T14:51:53Z</time>
   </trkpt>
   <trkpt lat="47.6387120" lon="7.5400130">
    <ele>239.6</ele>
    <time>2026-04-04T14:51:54Z</time>
   </trkpt>
   <trkpt lat="47.6386870" lon="7.5400490">
    <ele>239.6</ele>
    <time>2026-04-04T14:51:55Z</time>
   </trkpt>
   <trkpt lat="47.6386640" lon="7.5400850">
    <ele>239.6</ele>
    <time>2026-04-04T14:51:56Z</time>
   </trkpt>
   <trkpt lat="47.6386400" lon="7.5401200">
    <ele>239.6</ele>
    <time>2026-04-04T14:51:57Z</time>
   </trkpt>
   <trkpt lat="47.6386150" lon="7.5401510">
    <ele>239.6</ele>
    <time>2026-04-04T14:51:58Z</time>
   </trkpt>
   <trkpt lat="47.6385900" lon="7.5401840">
    <ele>239.7</ele>
    <time>2026-04-04T14:51:59Z</time>
   </trkpt>
   <trkpt lat="47.6385660" lon="7.5402170">
    <ele>239.7</ele>
    <time>2026-04-04T14:52:00Z</time>
   </trkpt>
   <trkpt lat="47.6385420" lon="7.5402500">
    <ele>239.7</ele>
    <time>2026-04-04T14:52:01Z</time>
   </trkpt>
   <trkpt lat="47.6385180" lon="7.5402840">
    <ele>239.7</ele>
    <time>2026-04-04T14:52:02Z</time>
   </trkpt>
   <trkpt lat="47.6384940" lon="7.5403170">
    <ele>239.7</ele>
    <time>2026-04-04T14:52:03Z</time>
   </trkpt>
   <trkpt lat="47.6384690" lon="7.5403500">
    <ele>239.7</ele>
    <time>2026-04-04T14:52:04Z</time>
   </trkpt>
   <trkpt lat="47.6384450" lon="7.5403830">
    <ele>239.7</ele>
    <time>2026-04-04T14:52:05Z</time>
   </trkpt>
   <trkpt lat="47.6384190" lon="7.5404160">
    <ele>239.6</ele>
    <time>2026-04-04T14:52:06Z</time>
   </trkpt>
   <trkpt lat="47.6383930" lon="7.5404500">
    <ele>239.6</ele>
    <time>2026-04-04T14:52:07Z</time>
   </trkpt>
   <trkpt lat="47.6383670" lon="7.5404860">
    <ele>239.6</ele>
    <time>2026-04-04T14:52:08Z</time>
   </trkpt>
   <trkpt lat="47.6383390" lon="7.5405210">
    <ele>239.6</ele>
    <time>2026-04-04T14:52:09Z</time>
   </trkpt>
   <trkpt lat="47.6383120" lon="7.5405550">
    <ele>239.5</ele>
    <time>2026-04-04T14:52:10Z</time>
   </trkpt>
   <trkpt lat="47.6382850" lon="7.5405880">
    <ele>239.5</ele>
    <time>2026-04-04T14:52:11Z</time>
   </trkpt>
   <trkpt lat="47.6382580" lon="7.5406240">
    <ele>239.5</ele>
    <time>2026-04-04T14:52:12Z</time>
   </trkpt>
   <trkpt lat="47.6382300" lon="7.5406580">
    <ele>239.5</ele>
    <time>2026-04-04T14:52:13Z</time>
   </trkpt>
   <trkpt lat="47.6382030" lon="7.5406930">
    <ele>239.4</ele>
    <time>2026-04-04T14:52:14Z</time>
   </trkpt>
   <trkpt lat="47.6381770" lon="7.5407270">
    <ele>239.4</ele>
    <time>2026-04-04T14:52:15Z</time>
   </trkpt>
   <trkpt lat="47.6381500" lon="7.5407600">
    <ele>239.4</ele>
    <time>2026-04-04T14:52:16Z</time>
   </trkpt>
   <trkpt lat="47.6381210" lon="7.5407930">
    <ele>239.4</ele>
    <time>2026-04-04T14:52:17Z</time>
   </trkpt>
   <trkpt lat="47.6380940" lon="7.5408260">
    <ele>239.3</ele>
    <time>2026-04-04T14:52:18Z</time>
   </trkpt>
   <trkpt lat="47.6380690" lon="7.5408560">
    <ele>239.3</ele>
    <time>2026-04-04T14:52:19Z</time>
   </trkpt>
   <trkpt lat="47.6380430" lon="7.5408860">
    <ele>239.3</ele>
    <time>2026-04-04T14:52:20Z</time>
   </trkpt>
   <trkpt lat="47.6380180" lon="7.5409160">
    <ele>239.2</ele>
    <time>2026-04-04T14:52:21Z</time>
   </trkpt>
   <trkpt lat="47.6379940" lon="7.5409460">
    <ele>239.2</ele>
    <time>2026-04-04T14:52:22Z</time>
   </trkpt>
   <trkpt lat="47.6379720" lon="7.5409790">
    <ele>239.2</ele>
    <time>2026-04-04T14:52:23Z</time>
   </trkpt>
   <trkpt lat="47.6379480" lon="7.5410090">
    <ele>239.1</ele>
    <time>2026-04-04T14:52:24Z</time>
   </trkpt>
   <trkpt lat="47.6379250" lon="7.5410410">
    <ele>239.1</ele>
    <time>2026-04-04T14:52:25Z</time>
   </trkpt>
   <trkpt lat="47.6378990" lon="7.5410700">
    <ele>239.1</ele>
    <time>2026-04-04T14:52:26Z</time>
   </trkpt>
   <trkpt lat="47.6378730" lon="7.5411010">
    <ele>239.0</ele>
    <time>2026-04-04T14:52:27Z</time>
   </trkpt>
   <trkpt lat="47.6378490" lon="7.5411310">
    <ele>239.0</ele>
    <time>2026-04-04T14:52:28Z</time>
   </trkpt>
   <trkpt lat="47.6378230" lon="7.5411610">
    <ele>239.0</ele>
    <time>2026-04-04T14:52:29Z</time>
   </trkpt>
   <trkpt lat="47.6378010" lon="7.5411930">
    <ele>239.0</ele>
    <time>2026-04-04T14:52:30Z</time>
   </trkpt>
   <trkpt lat="47.6377760" lon="7.5412250">
    <ele>239.0</ele>
    <time>2026-04-04T14:52:31Z</time>
   </trkpt>
   <trkpt lat="47.6377470" lon="7.5412520">
    <ele>238.9</ele>
    <time>2026-04-04T14:52:32Z</time>
   </trkpt>
   <trkpt lat="47.6377210" lon="7.5412800">
    <ele>238.9</ele>
    <time>2026-04-04T14:52:33Z</time>
   </trkpt>
   <trkpt lat="47.6376970" lon="7.5413120">
    <ele>238.9</ele>
    <time>2026-04-04T14:52:34Z</time>
   </trkpt>
   <trkpt lat="47.6376720" lon="7.5413450">
    <ele>238.9</ele>
    <time>2026-04-04T14:52:35Z</time>
   </trkpt>
   <trkpt lat="47.6376460" lon="7.5413770">
    <ele>238.9</ele>
    <time>2026-04-04T14:52:36Z</time>
   </trkpt>
   <trkpt lat="47.6376200" lon="7.5414110">
    <ele>238.8</ele>
    <time>2026-04-04T14:52:37Z</time>
   </trkpt>
   <trkpt lat="47.6375950" lon="7.5414460">
    <ele>238.8</ele>
    <time>2026-04-04T14:52:38Z</time>
   </trkpt>
   <trkpt lat="47.6375700" lon="7.5414840">
    <ele>238.8</ele>
    <time>2026-04-04T14:52:39Z</time>
   </trkpt>
   <trkpt lat="47.6375450" lon="7.5415220">
    <ele>238.8</ele>
    <time>2026-04-04T14:52:40Z</time>
   </trkpt>
   <trkpt lat="47.6375190" lon="7.5415600">
    <ele>238.7</ele>
    <time>2026-04-04T14:52:41Z</time>
   </trkpt>
   <trkpt lat="47.6374930" lon="7.5415960">
    <ele>238.7</ele>
    <time>2026-04-04T14:52:42Z</time>
   </trkpt>
   <trkpt lat="47.6374670" lon="7.5416360">
    <ele>238.7</ele>
    <time>2026-04-04T14:52:43Z</time>
   </trkpt>
   <trkpt lat="47.6374410" lon="7.5416730">
    <ele>238.7</ele>
    <time>2026-04-04T14:52:44Z</time>
   </trkpt>
   <trkpt lat="47.6374120" lon="7.5417070">
    <ele>238.7</ele>
    <time>2026-04-04T14:52:45Z</time>
   </trkpt>
   <trkpt lat="47.6373850" lon="7.5417410">
    <ele>238.7</ele>
    <time>2026-04-04T14:52:46Z</time>
   </trkpt>
   <trkpt lat="47.6373580" lon="7.5417750">
    <ele>238.7</ele>
    <time>2026-04-04T14:52:47Z</time>
   </trkpt>
   <trkpt lat="47.6373300" lon="7.5418070">
    <ele>238.7</ele>
    <time>2026-04-04T14:52:48Z</time>
   </trkpt>
   <trkpt lat="47.6373030" lon="7.5418390">
    <ele>238.7</ele>
    <time>2026-04-04T14:52:49Z</time>
   </trkpt>
   <trkpt lat="47.6372770" lon="7.5418710">
    <ele>238.7</ele>
    <time>2026-04-04T14:52:50Z</time>
   </trkpt>
   <trkpt lat="47.6372500" lon="7.5419040">
    <ele>238.7</ele>
    <time>2026-04-04T14:52:51Z</time>
   </trkpt>
   <trkpt lat="47.6372230" lon="7.5419380">
    <ele>238.7</ele>
    <time>2026-04-04T14:52:52Z</time>
   </trkpt>
   <trkpt lat="47.6371960" lon="7.5419720">
    <ele>238.8</ele>
    <time>2026-04-04T14:52:53Z</time>
   </trkpt>
   <trkpt lat="47.6371690" lon="7.5420020">
    <ele>238.8</ele>
    <time>2026-04-04T14:52:54Z</time>
   </trkpt>
   <trkpt lat="47.6371430" lon="7.5420350">
    <ele>238.8</ele>
    <time>2026-04-04T14:52:55Z</time>
   </trkpt>
   <trkpt lat="47.6371160" lon="7.5420660">
    <ele>238.8</ele>
    <time>2026-04-04T14:52:56Z</time>
   </trkpt>
   <trkpt lat="47.6370880" lon="7.5420960">
    <ele>238.8</ele>
    <time>2026-04-04T14:52:57Z</time>
   </trkpt>
   <trkpt lat="47.6370600" lon="7.5421270">
    <ele>238.8</ele>
    <time>2026-04-04T14:52:58Z</time>
   </trkpt>
   <trkpt lat="47.6370330" lon="7.5421600">
    <ele>238.8</ele>
    <time>2026-04-04T14:52:59Z</time>
   </trkpt>
   <trkpt lat="47.6370070" lon="7.5421930">
    <ele>238.8</ele>
    <time>2026-04-04T14:53:00Z</time>
   </trkpt>
   <trkpt lat="47.6369810" lon="7.5422240">
    <ele>238.8</ele>
    <time>2026-04-04T14:53:01Z</time>
   </trkpt>
   <trkpt lat="47.6369550" lon="7.5422550">
    <ele>238.9</ele>
    <time>2026-04-04T14:53:02Z</time>
   </trkpt>
   <trkpt lat="47.6369310" lon="7.5422860">
    <ele>238.9</ele>
    <time>2026-04-04T14:53:03Z</time>
   </trkpt>
   <trkpt lat="47.6369070" lon="7.5423170">
    <ele>238.9</ele>
    <time>2026-04-04T14:53:04Z</time>
   </trkpt>
   <trkpt lat="47.6368810" lon="7.5423490">
    <ele>238.9</ele>
    <time>2026-04-04T14:53:05Z</time>
   </trkpt>
   <trkpt lat="47.6368560" lon="7.5423810">
    <ele>238.9</ele>
    <time>2026-04-04T14:53:06Z</time>
   </trkpt>
   <trkpt lat="47.6368310" lon="7.5424140">
    <ele>238.9</ele>
    <time>2026-04-04T14:53:07Z</time>
   </trkpt>
   <trkpt lat="47.6368060" lon="7.5424430">
    <ele>238.9</ele>
    <time>2026-04-04T14:53:08Z</time>
   </trkpt>
   <trkpt lat="47.6367830" lon="7.5424740">
    <ele>238.9</ele>
    <time>2026-04-04T14:53:09Z</time>
   </trkpt>
   <trkpt lat="47.6367580" lon="7.5425070">
    <ele>238.9</ele>
    <time>2026-04-04T14:53:10Z</time>
   </trkpt>
   <trkpt lat="47.6367320" lon="7.5425370">
    <ele>238.9</ele>
    <time>2026-04-04T14:53:11Z</time>
   </trkpt>
   <trkpt lat="47.6367070" lon="7.5425680">
    <ele>238.9</ele>
    <time>2026-04-04T14:53:12Z</time>
   </trkpt>
   <trkpt lat="47.6366820" lon="7.5426010">
    <ele>238.9</ele>
    <time>2026-04-04T14:53:13Z</time>
   </trkpt>
   <trkpt lat="47.6366590" lon="7.5426360">
    <ele>238.9</ele>
    <time>2026-04-04T14:53:14Z</time>
   </trkpt>
   <trkpt lat="47.6366350" lon="7.5426700">
    <ele>238.9</ele>
    <time>2026-04-04T14:53:15Z</time>
   </trkpt>
   <trkpt lat="47.6366100" lon="7.5427010">
    <ele>239.0</ele>
    <time>2026-04-04T14:53:16Z</time>
   </trkpt>
   <trkpt lat="47.6365850" lon="7.5427320">
    <ele>239.0</ele>
    <time>2026-04-04T14:53:17Z</time>
   </trkpt>
   <trkpt lat="47.6365600" lon="7.5427660">
    <ele>239.0</ele>
    <time>2026-04-04T14:53:18Z</time>
   </trkpt>
   <trkpt lat="47.6365340" lon="7.5428020">
    <ele>239.0</ele>
    <time>2026-04-04T14:53:19Z</time>
   </trkpt>
   <trkpt lat="47.6365080" lon="7.5428360">
    <ele>239.0</ele>
    <time>2026-04-04T14:53:20Z</time>
   </trkpt>
   <trkpt lat="47.6364840" lon="7.5428720">
    <ele>239.0</ele>
    <time>2026-04-04T14:53:21Z</time>
   </trkpt>
   <trkpt lat="47.6364580" lon="7.5429070">
    <ele>239.0</ele>
    <time>2026-04-04T14:53:22Z</time>
   </trkpt>
   <trkpt lat="47.6364330" lon="7.5429410">
    <ele>239.0</ele>
    <time>2026-04-04T14:53:23Z</time>
   </trkpt>
   <trkpt lat="47.6364090" lon="7.5429740">
    <ele>239.1</ele>
    <time>2026-04-04T14:53:24Z</time>
   </trkpt>
   <trkpt lat="47.6363840" lon="7.5430050">
    <ele>239.1</ele>
    <time>2026-04-04T14:53:25Z</time>
   </trkpt>
   <trkpt lat="47.6363600" lon="7.5430360">
    <ele>239.1</ele>
    <time>2026-04-04T14:53:26Z</time>
   </trkpt>
   <trkpt lat="47.6363360" lon="7.5430650">
    <ele>239.1</ele>
    <time>2026-04-04T14:53:27Z</time>
   </trkpt>
   <trkpt lat="47.6363120" lon="7.5430940">
    <ele>239.1</ele>
    <time>2026-04-04T14:53:28Z</time>
   </trkpt>
   <trkpt lat="47.6362880" lon="7.5431250">
    <ele>239.1</ele>
    <time>2026-04-04T14:53:29Z</time>
   </trkpt>
   <trkpt lat="47.6362640" lon="7.5431580">
    <ele>239.2</ele>
    <time>2026-04-04T14:53:30Z</time>
   </trkpt>
   <trkpt lat="47.6362410" lon="7.5431890">
    <ele>239.2</ele>
    <time>2026-04-04T14:53:31Z</time>
   </trkpt>
   <trkpt lat="47.6362170" lon="7.5432210">
    <ele>239.2</ele>
    <time>2026-04-04T14:53:32Z</time>
   </trkpt>
   <trkpt lat="47.6361940" lon="7.5432520">
    <ele>239.2</ele>
    <time>2026-04-04T14:53:33Z</time>
   </trkpt>
   <trkpt lat="47.6361710" lon="7.5432820">
    <ele>239.2</ele>
    <time>2026-04-04T14:53:34Z</time>
   </trkpt>
   <trkpt lat="47.6361480" lon="7.5433130">
    <ele>239.3</ele>
    <time>2026-04-04T14:53:35Z</time>
   </trkpt>
   <trkpt lat="47.6361260" lon="7.5433430">
    <ele>239.3</ele>
    <time>2026-04-04T14:53:36Z</time>
   </trkpt>
   <trkpt lat="47.6361020" lon="7.5433730">
    <ele>239.3</ele>
    <time>2026-04-04T14:53:37Z</time>
   </trkpt>
   <trkpt lat="47.6360790" lon="7.5434020">
    <ele>239.3</ele>
    <time>2026-04-04T14:53:38Z</time>
   </trkpt>
   <trkpt lat="47.6360560" lon="7.5434320">
    <ele>239.3</ele>
    <time>2026-04-04T14:53:39Z</time>
   </trkpt>
   <trkpt lat="47.6360310" lon="7.5434650">
    <ele>239.3</ele>
    <time>2026-04-04T14:53:40Z</time>
   </trkpt>
   <trkpt lat="47.6360060" lon="7.5434960">
    <ele>239.3</ele>
    <time>2026-04-04T14:53:41Z</time>
   </trkpt>
   <trkpt lat="47.6359800" lon="7.5435260">
    <ele>239.3</ele>
    <time>2026-04-04T14:53:42Z</time>
   </trkpt>
   <trkpt lat="47.6359560" lon="7.5435550">
    <ele>239.3</ele>
    <time>2026-04-04T14:53:43Z</time>
   </trkpt>
   <trkpt lat="47.6359330" lon="7.5435850">
    <ele>239.3</ele>
    <time>2026-04-04T14:53:44Z</time>
   </trkpt>
   <trkpt lat="47.6359110" lon="7.5436170">
    <ele>239.2</ele>
    <time>2026-04-04T14:53:45Z</time>
   </trkpt>
   <trkpt lat="47.6358880" lon="7.5436460">
    <ele>239.2</ele>
    <time>2026-04-04T14:53:46Z</time>
   </trkpt>
   <trkpt lat="47.6358640" lon="7.5436770">
    <ele>239.2</ele>
    <time>2026-04-04T14:53:47Z</time>
   </trkpt>
   <trkpt lat="47.6358400" lon="7.5437080">
    <ele>239.2</ele>
    <time>2026-04-04T14:53:48Z</time>
   </trkpt>
   <trkpt lat="47.6358150" lon="7.5437380">
    <ele>239.2</ele>
    <time>2026-04-04T14:53:49Z</time>
   </trkpt>
   <trkpt lat="47.6357900" lon="7.5437670">
    <ele>239.2</ele>
    <time>2026-04-04T14:53:50Z</time>
   </trkpt>
   <trkpt lat="47.6357640" lon="7.5437970">
    <ele>239.2</ele>
    <time>2026-04-04T14:53:51Z</time>
   </trkpt>
   <trkpt lat="47.6357400" lon="7.5438290">
    <ele>239.2</ele>
    <time>2026-04-04T14:53:52Z</time>
   </trkpt>
   <trkpt lat="47.6357150" lon="7.5438630">
    <ele>239.3</ele>
    <time>2026-04-04T14:53:53Z</time>
   </trkpt>
   <trkpt lat="47.6356900" lon="7.5438950">
    <ele>239.3</ele>
    <time>2026-04-04T14:53:54Z</time>
   </trkpt>
   <trkpt lat="47.6356640" lon="7.5439270">
    <ele>239.3</ele>
    <time>2026-04-04T14:53:55Z</time>
   </trkpt>
   <trkpt lat="47.6356390" lon="7.5439600">
    <ele>239.3</ele>
    <time>2026-04-04T14:53:56Z</time>
   </trkpt>
   <trkpt lat="47.6356130" lon="7.5439910">
    <ele>239.3</ele>
    <time>2026-04-04T14:53:57Z</time>
   </trkpt>
   <trkpt lat="47.6355880" lon="7.5440220">
    <ele>239.3</ele>
    <time>2026-04-04T14:53:58Z</time>
   </trkpt>
   <trkpt lat="47.6355610" lon="7.5440520">
    <ele>239.3</ele>
    <time>2026-04-04T14:53:59Z</time>
   </trkpt>
   <trkpt lat="47.6355340" lon="7.5440810">
    <ele>239.3</ele>
    <time>2026-04-04T14:54:00Z</time>
   </trkpt>
   <trkpt lat="47.6355070" lon="7.5441130">
    <ele>239.3</ele>
    <time>2026-04-04T14:54:01Z</time>
   </trkpt>
   <trkpt lat="47.6354810" lon="7.5441450">
    <ele>239.3</ele>
    <time>2026-04-04T14:54:02Z</time>
   </trkpt>
   <trkpt lat="47.6354540" lon="7.5441770">
    <ele>239.2</ele>
    <time>2026-04-04T14:54:03Z</time>
   </trkpt>
   <trkpt lat="47.6354270" lon="7.5442080">
    <ele>239.2</ele>
    <time>2026-04-04T14:54:04Z</time>
   </trkpt>
   <trkpt lat="47.6354000" lon="7.5442370">
    <ele>239.2</ele>
    <time>2026-04-04T14:54:05Z</time>
   </trkpt>
   <trkpt lat="47.6353740" lon="7.5442670">
    <ele>239.2</ele>
    <time>2026-04-04T14:54:06Z</time>
   </trkpt>
   <trkpt lat="47.6353460" lon="7.5442980">
    <ele>239.1</ele>
    <time>2026-04-04T14:54:07Z</time>
   </trkpt>
   <trkpt lat="47.6353180" lon="7.5443340">
    <ele>239.1</ele>
    <time>2026-04-04T14:54:08Z</time>
   </trkpt>
   <trkpt lat="47.6352890" lon="7.5443690">
    <ele>239.1</ele>
    <time>2026-04-04T14:54:09Z</time>
   </trkpt>
   <trkpt lat="47.6352610" lon="7.5444070">
    <ele>239.0</ele>
    <time>2026-04-04T14:54:10Z</time>
   </trkpt>
   <trkpt lat="47.6352340" lon="7.5444440">
    <ele>238.9</ele>
    <time>2026-04-04T14:54:11Z</time>
   </trkpt>
   <trkpt lat="47.6352080" lon="7.5444790">
    <ele>238.8</ele>
    <time>2026-04-04T14:54:12Z</time>
   </trkpt>
   <trkpt lat="47.6351820" lon="7.5445140">
    <ele>238.7</ele>
    <time>2026-04-04T14:54:13Z</time>
   </trkpt>
   <trkpt lat="47.6351560" lon="7.5445480">
    <ele>238.6</ele>
    <time>2026-04-04T14:54:14Z</time>
   </trkpt>
   <trkpt lat="47.6351270" lon="7.5445830">
    <ele>238.5</ele>
    <time>2026-04-04T14:54:15Z</time>
   </trkpt>
   <trkpt lat="47.6350980" lon="7.5446230">
    <ele>238.3</ele>
    <time>2026-04-04T14:54:16Z</time>
   </trkpt>
   <trkpt lat="47.6350670" lon="7.5446640">
    <ele>238.2</ele>
    <time>2026-04-04T14:54:17Z</time>
   </trkpt>
   <trkpt lat="47.6350330" lon="7.5447050">
    <ele>238.0</ele>
    <time>2026-04-04T14:54:18Z</time>
   </trkpt>
   <trkpt lat="47.6349980" lon="7.5447510">
    <ele>237.9</ele>
    <time>2026-04-04T14:54:19Z</time>
   </trkpt>
   <trkpt lat="47.6349610" lon="7.5447980">
    <ele>237.7</ele>
    <time>2026-04-04T14:54:20Z</time>
   </trkpt>
   <trkpt lat="47.6349240" lon="7.5448430">
    <ele>237.6</ele>
    <time>2026-04-04T14:54:21Z</time>
   </trkpt>
   <trkpt lat="47.6348890" lon="7.5448840">
    <ele>237.5</ele>
    <time>2026-04-04T14:54:22Z</time>
   </trkpt>
   <trkpt lat="47.6348550" lon="7.5449250">
    <ele>237.4</ele>
    <time>2026-04-04T14:54:23Z</time>
   </trkpt>
   <trkpt lat="47.6348230" lon="7.5449710">
    <ele>237.4</ele>
    <time>2026-04-04T14:54:24Z</time>
   </trkpt>
   <trkpt lat="47.6347920" lon="7.5450100">
    <ele>237.4</ele>
    <time>2026-04-04T14:54:25Z</time>
   </trkpt>
   <trkpt lat="47.6347590" lon="7.5450510">
    <ele>237.4</ele>
    <time>2026-04-04T14:54:26Z</time>
   </trkpt>
   <trkpt lat="47.6347260" lon="7.5450900">
    <ele>237.4</ele>
    <time>2026-04-04T14:54:27Z</time>
   </trkpt>
   <trkpt lat="47.6346960" lon="7.5451310">
    <ele>237.4</ele>
    <time>2026-04-04T14:54:28Z</time>
   </trkpt>
   <trkpt lat="47.6346680" lon="7.5451680">
    <ele>237.5</ele>
    <time>2026-04-04T14:54:29Z</time>
   </trkpt>
   <trkpt lat="47.6346410" lon="7.5452050">
    <ele>237.5</ele>
    <time>2026-04-04T14:54:30Z</time>
   </trkpt>
   <trkpt lat="47.6346130" lon="7.5452410">
    <ele>237.6</ele>
    <time>2026-04-04T14:54:31Z</time>
   </trkpt>
   <trkpt lat="47.6345870" lon="7.5452750">
    <ele>237.6</ele>
    <time>2026-04-04T14:54:32Z</time>
   </trkpt>
   <trkpt lat="47.6345610" lon="7.5453100">
    <ele>237.7</ele>
    <time>2026-04-04T14:54:33Z</time>
   </trkpt>
   <trkpt lat="47.6345330" lon="7.5453460">
    <ele>237.7</ele>
    <time>2026-04-04T14:54:34Z</time>
   </trkpt>
   <trkpt lat="47.6345040" lon="7.5453800">
    <ele>237.7</ele>
    <time>2026-04-04T14:54:35Z</time>
   </trkpt>
   <trkpt lat="47.6344760" lon="7.5454150">
    <ele>237.8</ele>
    <time>2026-04-04T14:54:36Z</time>
   </trkpt>
   <trkpt lat="47.6344480" lon="7.5454500">
    <ele>237.8</ele>
    <time>2026-04-04T14:54:37Z</time>
   </trkpt>
   <trkpt lat="47.6344190" lon="7.5454860">
    <ele>237.8</ele>
    <time>2026-04-04T14:54:38Z</time>
   </trkpt>
   <trkpt lat="47.6343910" lon="7.5455220">
    <ele>237.8</ele>
    <time>2026-04-04T14:54:39Z</time>
   </trkpt>
   <trkpt lat="47.6343630" lon="7.5455580">
    <ele>237.8</ele>
    <time>2026-04-04T14:54:40Z</time>
   </trkpt>
   <trkpt lat="47.6343350" lon="7.5455940">
    <ele>237.8</ele>
    <time>2026-04-04T14:54:41Z</time>
   </trkpt>
   <trkpt lat="47.6343060" lon="7.5456310">
    <ele>237.8</ele>
    <time>2026-04-04T14:54:42Z</time>
   </trkpt>
   <trkpt lat="47.6342780" lon="7.5456670">
    <ele>237.7</ele>
    <time>2026-04-04T14:54:43Z</time>
   </trkpt>
   <trkpt lat="47.6342490" lon="7.5457040">
    <ele>237.7</ele>
    <time>2026-04-04T14:54:44Z</time>
   </trkpt>
   <trkpt lat="47.6342180" lon="7.5457410">
    <ele>237.7</ele>
    <time>2026-04-04T14:54:45Z</time>
   </trkpt>
   <trkpt lat="47.6341890" lon="7.5457780">
    <ele>237.7</ele>
    <time>2026-04-04T14:54:46Z</time>
   </trkpt>
   <trkpt lat="47.6341590" lon="7.5458160">
    <ele>237.7</ele>
    <time>2026-04-04T14:54:47Z</time>
   </trkpt>
   <trkpt lat="47.6341300" lon="7.5458530">
    <ele>237.8</ele>
    <time>2026-04-04T14:54:48Z</time>
   </trkpt>
   <trkpt lat="47.6341000" lon="7.5458940">
    <ele>237.8</ele>
    <time>2026-04-04T14:54:49Z</time>
   </trkpt>
   <trkpt lat="47.6340720" lon="7.5459360">
    <ele>237.8</ele>
    <time>2026-04-04T14:54:50Z</time>
   </trkpt>
   <trkpt lat="47.6340440" lon="7.5459730">
    <ele>237.9</ele>
    <time>2026-04-04T14:54:51Z</time>
   </trkpt>
   <trkpt lat="47.6340160" lon="7.5460100">
    <ele>238.0</ele>
    <time>2026-04-04T14:54:52Z</time>
   </trkpt>
   <trkpt lat="47.6339900" lon="7.5460450">
    <ele>238.0</ele>
    <time>2026-04-04T14:54:53Z</time>
   </trkpt>
   <trkpt lat="47.6339630" lon="7.5460820">
    <ele>238.1</ele>
    <time>2026-04-04T14:54:54Z</time>
   </trkpt>
   <trkpt lat="47.6339360" lon="7.5461190">
    <ele>238.1</ele>
    <time>2026-04-04T14:54:55Z</time>
   </trkpt>
   <trkpt lat="47.6339090" lon="7.5461570">
    <ele>238.2</ele>
    <time>2026-04-04T14:54:56Z</time>
   </trkpt>
   <trkpt lat="47.6338800" lon="7.5461950">
    <ele>238.3</ele>
    <time>2026-04-04T14:54:57Z</time>
   </trkpt>
   <trkpt lat="47.6338520" lon="7.5462300">
    <ele>238.3</ele>
    <time>2026-04-04T14:54:58Z</time>
   </trkpt>
   <trkpt lat="47.6338230" lon="7.5462640">
    <ele>238.3</ele>
    <time>2026-04-04T14:54:59Z</time>
   </trkpt>
   <trkpt lat="47.6337950" lon="7.5462980">
    <ele>238.4</ele>
    <time>2026-04-04T14:55:00Z</time>
   </trkpt>
   <trkpt lat="47.6337670" lon="7.5463310">
    <ele>238.4</ele>
    <time>2026-04-04T14:55:01Z</time>
   </trkpt>
   <trkpt lat="47.6337400" lon="7.5463670">
    <ele>238.4</ele>
    <time>2026-04-04T14:55:02Z</time>
   </trkpt>
   <trkpt lat="47.6337110" lon="7.5464020">
    <ele>238.3</ele>
    <time>2026-04-04T14:55:03Z</time>
   </trkpt>
   <trkpt lat="47.6336840" lon="7.5464390">
    <ele>238.3</ele>
    <time>2026-04-04T14:55:04Z</time>
   </trkpt>
   <trkpt lat="47.6336560" lon="7.5464790">
    <ele>238.2</ele>
    <time>2026-04-04T14:55:05Z</time>
   </trkpt>
   <trkpt lat="47.6336280" lon="7.5465200">
    <ele>238.1</ele>
    <time>2026-04-04T14:55:06Z</time>
   </trkpt>
   <trkpt lat="47.6335980" lon="7.5465620">
    <ele>238.0</ele>
    <time>2026-04-04T14:55:07Z</time>
   </trkpt>
   <trkpt lat="47.6335650" lon="7.5466030">
    <ele>237.9</ele>
    <time>2026-04-04T14:55:08Z</time>
   </trkpt>
   <trkpt lat="47.6335320" lon="7.5466430">
    <ele>237.8</ele>
    <time>2026-04-04T14:55:09Z</time>
   </trkpt>
   <trkpt lat="47.6334970" lon="7.5466850">
    <ele>237.7</ele>
    <time>2026-04-04T14:55:10Z</time>
   </trkpt>
   <trkpt lat="47.6334630" lon="7.5467300">
    <ele>237.6</ele>
    <time>2026-04-04T14:55:11Z</time>
   </trkpt>
   <trkpt lat="47.6334280" lon="7.5467770">
    <ele>237.5</ele>
    <time>2026-04-04T14:55:12Z</time>
   </trkpt>
   <trkpt lat="47.6333930" lon="7.5468170">
    <ele>237.5</ele>
    <time>2026-04-04T14:55:13Z</time>
   </trkpt>
   <trkpt lat="47.6333590" lon="7.5468610">
    <ele>237.4</ele>
    <time>2026-04-04T14:55:14Z</time>
   </trkpt>
   <trkpt lat="47.6333220" lon="7.5469060">
    <ele>237.4</ele>
    <time>2026-04-04T14:55:15Z</time>
   </trkpt>
   <trkpt lat="47.6332930" lon="7.5469410">
    <ele>237.5</ele>
    <time>2026-04-04T14:55:16Z</time>
   </trkpt>
   <trkpt lat="47.6332630" lon="7.5469780">
    <ele>237.5</ele>
    <time>2026-04-04T14:55:17Z</time>
   </trkpt>
   <trkpt lat="47.6332300" lon="7.5470110">
    <ele>237.5</ele>
    <time>2026-04-04T14:55:18Z</time>
   </trkpt>
   <trkpt lat="47.6332010" lon="7.5470470">
    <ele>237.6</ele>
    <time>2026-04-04T14:55:19Z</time>
   </trkpt>
   <trkpt lat="47.6331730" lon="7.5470800">
    <ele>237.7</ele>
    <time>2026-04-04T14:55:20Z</time>
   </trkpt>
   <trkpt lat="47.6331440" lon="7.5471150">
    <ele>237.8</ele>
    <time>2026-04-04T14:55:21Z</time>
   </trkpt>
   <trkpt lat="47.6331170" lon="7.5471510">
    <ele>237.8</ele>
    <time>2026-04-04T14:55:22Z</time>
   </trkpt>
   <trkpt lat="47.6330900" lon="7.5471870">
    <ele>237.9</ele>
    <time>2026-04-04T14:55:23Z</time>
   </trkpt>
   <trkpt lat="47.6330630" lon="7.5472190">
    <ele>238.0</ele>
    <time>2026-04-04T14:55:24Z</time>
   </trkpt>
   <trkpt lat="47.6330370" lon="7.5472510">
    <ele>238.0</ele>
    <time>2026-04-04T14:55:25Z</time>
   </trkpt>
   <trkpt lat="47.6330120" lon="7.5472820">
    <ele>238.1</ele>
    <time>2026-04-04T14:55:26Z</time>
   </trkpt>
   <trkpt lat="47.6329880" lon="7.5473140">
    <ele>238.1</ele>
    <time>2026-04-04T14:55:27Z</time>
   </trkpt>
   <trkpt lat="47.6329610" lon="7.5473440">
    <ele>238.2</ele>
    <time>2026-04-04T14:55:28Z</time>
   </trkpt>
   <trkpt lat="47.6329310" lon="7.5473740">
    <ele>238.2</ele>
    <time>2026-04-04T14:55:29Z</time>
   </trkpt>
   <trkpt lat="47.6328990" lon="7.5474030">
    <ele>238.2</ele>
    <time>2026-04-04T14:55:30Z</time>
   </trkpt>
   <trkpt lat="47.6328670" lon="7.5474330">
    <ele>238.2</ele>
    <time>2026-04-04T14:55:31Z</time>
   </trkpt>
   <trkpt lat="47.6328380" lon="7.5474670">
    <ele>238.2</ele>
    <time>2026-04-04T14:55:32Z</time>
   </trkpt>
   <trkpt lat="47.6328110" lon="7.5475020">
    <ele>238.2</ele>
    <time>2026-04-04T14:55:33Z</time>
   </trkpt>
   <trkpt lat="47.6327830" lon="7.5475380">
    <ele>238.2</ele>
    <time>2026-04-04T14:55:34Z</time>
   </trkpt>
   <trkpt lat="47.6327530" lon="7.5475740">
    <ele>238.2</ele>
    <time>2026-04-04T14:55:35Z</time>
   </trkpt>
   <trkpt lat="47.6327220" lon="7.5476110">
    <ele>238.2</ele>
    <time>2026-04-04T14:55:36Z</time>
   </trkpt>
   <trkpt lat="47.6326910" lon="7.5476490">
    <ele>238.2</ele>
    <time>2026-04-04T14:55:37Z</time>
   </trkpt>
   <trkpt lat="47.6326610" lon="7.5476870">
    <ele>238.1</ele>
    <time>2026-04-04T14:55:38Z</time>
   </trkpt>
   <trkpt lat="47.6326310" lon="7.5477250">
    <ele>238.1</ele>
    <time>2026-04-04T14:55:39Z</time>
   </trkpt>
   <trkpt lat="47.6326020" lon="7.5477640">
    <ele>238.1</ele>
    <time>2026-04-04T14:55:40Z</time>
   </trkpt>
   <trkpt lat="47.6325720" lon="7.5478000">
    <ele>238.1</ele>
    <time>2026-04-04T14:55:41Z</time>
   </trkpt>
   <trkpt lat="47.6325430" lon="7.5478340">
    <ele>238.1</ele>
    <time>2026-04-04T14:55:42Z</time>
   </trkpt>
   <trkpt lat="47.6325150" lon="7.5478690">
    <ele>238.0</ele>
    <time>2026-04-04T14:55:43Z</time>
   </trkpt>
   <trkpt lat="47.6324880" lon="7.5479030">
    <ele>238.0</ele>
    <time>2026-04-04T14:55:44Z</time>
   </trkpt>
   <trkpt lat="47.6324630" lon="7.5479350">
    <ele>238.0</ele>
    <time>2026-04-04T14:55:45Z</time>
   </trkpt>
   <trkpt lat="47.6324380" lon="7.5479670">
    <ele>238.0</ele>
    <time>2026-04-04T14:55:46Z</time>
   </trkpt>
   <trkpt lat="47.6324130" lon="7.5479970">
    <ele>238.0</ele>
    <time>2026-04-04T14:55:47Z</time>
   </trkpt>
   <trkpt lat="47.6323870" lon="7.5480290">
    <ele>238.0</ele>
    <time>2026-04-04T14:55:48Z</time>
   </trkpt>
   <trkpt lat="47.6323620" lon="7.5480630">
    <ele>238.0</ele>
    <time>2026-04-04T14:55:49Z</time>
   </trkpt>
   <trkpt lat="47.6323360" lon="7.5480980">
    <ele>238.0</ele>
    <time>2026-04-04T14:55:50Z</time>
   </trkpt>
   <trkpt lat="47.6323090" lon="7.5481340">
    <ele>238.0</ele>
    <time>2026-04-04T14:55:51Z</time>
   </trkpt>
   <trkpt lat="47.6322810" lon="7.5481680">
    <ele>237.9</ele>
    <time>2026-04-04T14:55:52Z</time>
   </trkpt>
   <trkpt lat="47.6322510" lon="7.5481990">
    <ele>237.9</ele>
    <time>2026-04-04T14:55:53Z</time>
   </trkpt>
   <trkpt lat="47.6322240" lon="7.5482340">
    <ele>237.9</ele>
    <time>2026-04-04T14:55:54Z</time>
   </trkpt>
   <trkpt lat="47.6321960" lon="7.5482700">
    <ele>237.9</ele>
    <time>2026-04-04T14:55:55Z</time>
   </trkpt>
   <trkpt lat="47.6321680" lon="7.5483030">
    <ele>237.9</ele>
    <time>2026-04-04T14:55:56Z</time>
   </trkpt>
   <trkpt lat="47.6321390" lon="7.5483360">
    <ele>237.9</ele>
    <time>2026-04-04T14:55:57Z</time>
   </trkpt>
   <trkpt lat="47.6321110" lon="7.5483700">
    <ele>237.9</ele>
    <time>2026-04-04T14:55:58Z</time>
   </trkpt>
   <trkpt lat="47.6320840" lon="7.5484050">
    <ele>237.9</ele>
    <time>2026-04-04T14:55:59Z</time>
   </trkpt>
   <trkpt lat="47.6320570" lon="7.5484400">
    <ele>237.9</ele>
    <time>2026-04-04T14:56:00Z</time>
   </trkpt>
   <trkpt lat="47.6320300" lon="7.5484750">
    <ele>237.9</ele>
    <time>2026-04-04T14:56:01Z</time>
   </trkpt>
   <trkpt lat="47.6320030" lon="7.5485090">
    <ele>237.9</ele>
    <time>2026-04-04T14:56:02Z</time>
   </trkpt>
   <trkpt lat="47.6319740" lon="7.5485410">
    <ele>237.9</ele>
    <time>2026-04-04T14:56:03Z</time>
   </trkpt>
   <trkpt lat="47.6319460" lon="7.5485730">
    <ele>237.9</ele>
    <time>2026-04-04T14:56:04Z</time>
   </trkpt>
   <trkpt lat="47.6319190" lon="7.5486060">
    <ele>238.0</ele>
    <time>2026-04-04T14:56:05Z</time>
   </trkpt>
   <trkpt lat="47.6318930" lon="7.5486380">
    <ele>238.0</ele>
    <time>2026-04-04T14:56:06Z</time>
   </trkpt>
   <trkpt lat="47.6318680" lon="7.5486700">
    <ele>238.0</ele>
    <time>2026-04-04T14:56:07Z</time>
   </trkpt>
   <trkpt lat="47.6318420" lon="7.5487040">
    <ele>238.0</ele>
    <time>2026-04-04T14:56:08Z</time>
   </trkpt>
   <trkpt lat="47.6318170" lon="7.5487360">
    <ele>238.1</ele>
    <time>2026-04-04T14:56:09Z</time>
   </trkpt>
   <trkpt lat="47.6317900" lon="7.5487690">
    <ele>238.1</ele>
    <time>2026-04-04T14:56:10Z</time>
   </trkpt>
   <trkpt lat="47.6317610" lon="7.5487980">
    <ele>238.1</ele>
    <time>2026-04-04T14:56:11Z</time>
   </trkpt>
   <trkpt lat="47.6317330" lon="7.5488290">
    <ele>238.1</ele>
    <time>2026-04-04T14:56:12Z</time>
   </trkpt>
   <trkpt lat="47.6317060" lon="7.5488630">
    <ele>238.2</ele>
    <time>2026-04-04T14:56:13Z</time>
   </trkpt>
   <trkpt lat="47.6316790" lon="7.5488960">
    <ele>238.2</ele>
    <time>2026-04-04T14:56:14Z</time>
   </trkpt>
   <trkpt lat="47.6316520" lon="7.5489300">
    <ele>238.2</ele>
    <time>2026-04-04T14:56:15Z</time>
   </trkpt>
   <trkpt lat="47.6316240" lon="7.5489630">
    <ele>238.2</ele>
    <time>2026-04-04T14:56:16Z</time>
   </trkpt>
   <trkpt lat="47.6315970" lon="7.5489970">
    <ele>238.2</ele>
    <time>2026-04-04T14:56:17Z</time>
   </trkpt>
   <trkpt lat="47.6315700" lon="7.5490310">
    <ele>238.2</ele>
    <time>2026-04-04T14:56:18Z</time>
   </trkpt>
   <trkpt lat="47.6315440" lon="7.5490660">
    <ele>238.2</ele>
    <time>2026-04-04T14:56:19Z</time>
   </trkpt>
   <trkpt lat="47.6315160" lon="7.5491000">
    <ele>238.2</ele>
    <time>2026-04-04T14:56:20Z</time>
   </trkpt>
   <trkpt lat="47.6314890" lon="7.5491360">
    <ele>238.1</ele>
    <time>2026-04-04T14:56:21Z</time>
   </trkpt>
   <trkpt lat="47.6314620" lon="7.5491720">
    <ele>238.1</ele>
    <time>2026-04-04T14:56:22Z</time>
   </trkpt>
   <trkpt lat="47.6314360" lon="7.5492070">
    <ele>238.1</ele>
    <time>2026-04-04T14:56:23Z</time>
   </trkpt>
   <trkpt lat="47.6314090" lon="7.5492420">
    <ele>238.1</ele>
    <time>2026-04-04T14:56:24Z</time>
   </trkpt>
   <trkpt lat="47.6313820" lon="7.5492780">
    <ele>238.1</ele>
    <time>2026-04-04T14:56:25Z</time>
   </trkpt>
   <trkpt lat="47.6313540" lon="7.5493130">
    <ele>238.0</ele>
    <time>2026-04-04T14:56:26Z</time>
   </trkpt>
   <trkpt lat="47.6313250" lon="7.5493470">
    <ele>238.0</ele>
    <time>2026-04-04T14:56:27Z</time>
   </trkpt>
   <trkpt lat="47.6312970" lon="7.5493830">
    <ele>238.0</ele>
    <time>2026-04-04T14:56:28Z</time>
   </trkpt>
   <trkpt lat="47.6312670" lon="7.5494190">
    <ele>237.9</ele>
    <time>2026-04-04T14:56:29Z</time>
   </trkpt>
   <trkpt lat="47.6312390" lon="7.5494530">
    <ele>237.9</ele>
    <time>2026-04-04T14:56:30Z</time>
   </trkpt>
   <trkpt lat="47.6312110" lon="7.5494900">
    <ele>237.9</ele>
    <time>2026-04-04T14:56:31Z</time>
   </trkpt>
   <trkpt lat="47.6311820" lon="7.5495260">
    <ele>237.8</ele>
    <time>2026-04-04T14:56:32Z</time>
   </trkpt>
   <trkpt lat="47.6311560" lon="7.5495630">
    <ele>237.8</ele>
    <time>2026-04-04T14:56:33Z</time>
   </trkpt>
   <trkpt lat="47.6311300" lon="7.5495990">
    <ele>237.8</ele>
    <time>2026-04-04T14:56:34Z</time>
   </trkpt>
   <trkpt lat="47.6311030" lon="7.5496370">
    <ele>237.8</ele>
    <time>2026-04-04T14:56:35Z</time>
   </trkpt>
   <trkpt lat="47.6310740" lon="7.5496740">
    <ele>237.8</ele>
    <time>2026-04-04T14:56:36Z</time>
   </trkpt>
   <trkpt lat="47.6310470" lon="7.5497110">
    <ele>237.7</ele>
    <time>2026-04-04T14:56:37Z</time>
   </trkpt>
   <trkpt lat="47.6310190" lon="7.5497480">
    <ele>237.7</ele>
    <time>2026-04-04T14:56:38Z</time>
   </trkpt>
   <trkpt lat="47.6309910" lon="7.5497830">
    <ele>237.7</ele>
    <time>2026-04-04T14:56:39Z</time>
   </trkpt>
   <trkpt lat="47.6309630" lon="7.5498190">
    <ele>237.7</ele>
    <time>2026-04-04T14:56:40Z</time>
   </trkpt>
   <trkpt lat="47.6309350" lon="7.5498530">
    <ele>237.7</ele>
    <time>2026-04-04T14:56:41Z</time>
   </trkpt>
   <trkpt lat="47.6309070" lon="7.5498850">
    <ele>237.7</ele>
    <time>2026-04-04T14:56:42Z</time>
   </trkpt>
   <trkpt lat="47.6308790" lon="7.5499170">
    <ele>237.7</ele>
    <time>2026-04-04T14:56:43Z</time>
   </trkpt>
   <trkpt lat="47.6308530" lon="7.5499500">
    <ele>237.7</ele>
    <time>2026-04-04T14:56:44Z</time>
   </trkpt>
   <trkpt lat="47.6308250" lon="7.5499800">
    <ele>237.7</ele>
    <time>2026-04-04T14:56:45Z</time>
   </trkpt>
   <trkpt lat="47.6307980" lon="7.5500110">
    <ele>237.7</ele>
    <time>2026-04-04T14:56:46Z</time>
   </trkpt>
   <trkpt lat="47.6307710" lon="7.5500410">
    <ele>237.7</ele>
    <time>2026-04-04T14:56:47Z</time>
   </trkpt>
   <trkpt lat="47.6307440" lon="7.5500710">
    <ele>237.7</ele>
    <time>2026-04-04T14:56:48Z</time>
   </trkpt>
   <trkpt lat="47.6307190" lon="7.5501020">
    <ele>237.7</ele>
    <time>2026-04-04T14:56:49Z</time>
   </trkpt>
   <trkpt lat="47.6306950" lon="7.5501350">
    <ele>237.7</ele>
    <time>2026-04-04T14:56:50Z</time>
   </trkpt>
   <trkpt lat="47.6306700" lon="7.5501680">
    <ele>237.8</ele>
    <time>2026-04-04T14:56:51Z</time>
   </trkpt>
   <trkpt lat="47.6306450" lon="7.5502010">
    <ele>237.8</ele>
    <time>2026-04-04T14:56:52Z</time>
   </trkpt>
   <trkpt lat="47.6306200" lon="7.5502340">
    <ele>237.8</ele>
    <time>2026-04-04T14:56:53Z</time>
   </trkpt>
   <trkpt lat="47.6305940" lon="7.5502620">
    <ele>237.8</ele>
    <time>2026-04-04T14:56:54Z</time>
   </trkpt>
   <trkpt lat="47.6305660" lon="7.5502930">
    <ele>237.8</ele>
    <time>2026-04-04T14:56:55Z</time>
   </trkpt>
   <trkpt lat="47.6305390" lon="7.5503260">
    <ele>237.8</ele>
    <time>2026-04-04T14:56:56Z</time>
   </trkpt>
   <trkpt lat="47.6305140" lon="7.5503590">
    <ele>237.8</ele>
    <time>2026-04-04T14:56:57Z</time>
   </trkpt>
   <trkpt lat="47.6304880" lon="7.5503930">
    <ele>237.8</ele>
    <time>2026-04-04T14:56:58Z</time>
   </trkpt>
   <trkpt lat="47.6304630" lon="7.5504270">
    <ele>237.8</ele>
    <time>2026-04-04T14:56:59Z</time>
   </trkpt>
   <trkpt lat="47.6304370" lon="7.5504600">
    <ele>237.8</ele>
    <time>2026-04-04T14:57:00Z</time>
   </trkpt>
   <trkpt lat="47.6304100" lon="7.5504930">
    <ele>237.8</ele>
    <time>2026-04-04T14:57:01Z</time>
   </trkpt>
   <trkpt lat="47.6303830" lon="7.5505280">
    <ele>237.8</ele>
    <time>2026-04-04T14:57:02Z</time>
   </trkpt>
   <trkpt lat="47.6303560" lon="7.5505640">
    <ele>237.9</ele>
    <time>2026-04-04T14:57:03Z</time>
   </trkpt>
   <trkpt lat="47.6303290" lon="7.5505990">
    <ele>237.9</ele>
    <time>2026-04-04T14:57:04Z</time>
   </trkpt>
   <trkpt lat="47.6303010" lon="7.5506340">
    <ele>237.9</ele>
    <time>2026-04-04T14:57:05Z</time>
   </trkpt>
   <trkpt lat="47.6302730" lon="7.5506680">
    <ele>237.9</ele>
    <time>2026-04-04T14:57:06Z</time>
   </trkpt>
   <trkpt lat="47.6302470" lon="7.5507020">
    <ele>237.9</ele>
    <time>2026-04-04T14:57:07Z</time>
   </trkpt>
   <trkpt lat="47.6302200" lon="7.5507390">
    <ele>237.9</ele>
    <time>2026-04-04T14:57:08Z</time>
   </trkpt>
   <trkpt lat="47.6301950" lon="7.5507730">
    <ele>238.0</ele>
    <time>2026-04-04T14:57:09Z</time>
   </trkpt>
   <trkpt lat="47.6301700" lon="7.5508050">
    <ele>238.0</ele>
    <time>2026-04-04T14:57:10Z</time>
   </trkpt>
   <trkpt lat="47.6301460" lon="7.5508390">
    <ele>238.0</ele>
    <time>2026-04-04T14:57:11Z</time>
   </trkpt>
   <trkpt lat="47.6301210" lon="7.5508710">
    <ele>238.0</ele>
    <time>2026-04-04T14:57:12Z</time>
   </trkpt>
   <trkpt lat="47.6300960" lon="7.5509040">
    <ele>238.0</ele>
    <time>2026-04-04T14:57:13Z</time>
   </trkpt>
   <trkpt lat="47.6300680" lon="7.5509370">
    <ele>238.0</ele>
    <time>2026-04-04T14:57:14Z</time>
   </trkpt>
   <trkpt lat="47.6300410" lon="7.5509690">
    <ele>238.0</ele>
    <time>2026-04-04T14:57:15Z</time>
   </trkpt>
   <trkpt lat="47.6300130" lon="7.5510030">
    <ele>238.0</ele>
    <time>2026-04-04T14:57:16Z</time>
   </trkpt>
   <trkpt lat="47.6299850" lon="7.5510380">
    <ele>238.0</ele>
    <time>2026-04-04T14:57:17Z</time>
   </trkpt>
   <trkpt lat="47.6299580" lon="7.5510730">
    <ele>238.0</ele>
    <time>2026-04-04T14:57:18Z</time>
   </trkpt>
   <trkpt lat="47.6299310" lon="7.5511090">
    <ele>238.0</ele>
    <time>2026-04-04T14:57:19Z</time>
   </trkpt>
   <trkpt lat="47.6299050" lon="7.5511440">
    <ele>237.9</ele>
    <time>2026-04-04T14:57:20Z</time>
   </trkpt>
   <trkpt lat="47.6298770" lon="7.5511760">
    <ele>237.9</ele>
    <time>2026-04-04T14:57:21Z</time>
   </trkpt>
   <trkpt lat="47.6298480" lon="7.5512090">
    <ele>237.9</ele>
    <time>2026-04-04T14:57:22Z</time>
   </trkpt>
   <trkpt lat="47.6298190" lon="7.5512400">
    <ele>237.9</ele>
    <time>2026-04-04T14:57:23Z</time>
   </trkpt>
   <trkpt lat="47.6297890" lon="7.5512740">
    <ele>237.9</ele>
    <time>2026-04-04T14:57:24Z</time>
   </trkpt>
   <trkpt lat="47.6297600" lon="7.5513090">
    <ele>238.0</ele>
    <time>2026-04-04T14:57:25Z</time>
   </trkpt>
   <trkpt lat="47.6297330" lon="7.5513450">
    <ele>238.0</ele>
    <time>2026-04-04T14:57:26Z</time>
   </trkpt>
   <trkpt lat="47.6297060" lon="7.5513820">
    <ele>238.0</ele>
    <time>2026-04-04T14:57:27Z</time>
   </trkpt>
   <trkpt lat="47.6296800" lon="7.5514190">
    <ele>238.0</ele>
    <time>2026-04-04T14:57:28Z</time>
   </trkpt>
   <trkpt lat="47.6296530" lon="7.5514510">
    <ele>238.1</ele>
    <time>2026-04-04T14:57:29Z</time>
   </trkpt>
   <trkpt lat="47.6296290" lon="7.5514840">
    <ele>238.1</ele>
    <time>2026-04-04T14:57:30Z</time>
   </trkpt>
   <trkpt lat="47.6296050" lon="7.5515170">
    <ele>238.2</ele>
    <time>2026-04-04T14:57:31Z</time>
   </trkpt>
   <trkpt lat="47.6295820" lon="7.5515480">
    <ele>238.3</ele>
    <time>2026-04-04T14:57:32Z</time>
   </trkpt>
   <trkpt lat="47.6295600" lon="7.5515790">
    <ele>238.3</ele>
    <time>2026-04-04T14:57:33Z</time>
   </trkpt>
   <trkpt lat="47.6295380" lon="7.5516110">
    <ele>238.4</ele>
    <time>2026-04-04T14:57:34Z</time>
   </trkpt>
   <trkpt lat="47.6295180" lon="7.5516440">
    <ele>238.4</ele>
    <time>2026-04-04T14:57:35Z</time>
   </trkpt>
   <trkpt lat="47.6294970" lon="7.5516780">
    <ele>238.5</ele>
    <time>2026-04-04T14:57:36Z</time>
   </trkpt>
   <trkpt lat="47.6294730" lon="7.5517100">
    <ele>238.6</ele>
    <time>2026-04-04T14:57:37Z</time>
   </trkpt>
   <trkpt lat="47.6294470" lon="7.5517390">
    <ele>238.6</ele>
    <time>2026-04-04T14:57:38Z</time>
   </trkpt>
   <trkpt lat="47.6294210" lon="7.5517690">
    <ele>238.7</ele>
    <time>2026-04-04T14:57:39Z</time>
   </trkpt>
   <trkpt lat="47.6293980" lon="7.5517990">
    <ele>238.8</ele>
    <time>2026-04-04T14:57:40Z</time>
   </trkpt>
   <trkpt lat="47.6293740" lon="7.5518330">
    <ele>238.8</ele>
    <time>2026-04-04T14:57:41Z</time>
   </trkpt>
   <trkpt lat="47.6293490" lon="7.5518650">
    <ele>238.9</ele>
    <time>2026-04-04T14:57:42Z</time>
   </trkpt>
   <trkpt lat="47.6293250" lon="7.5518970">
    <ele>238.9</ele>
    <time>2026-04-04T14:57:43Z</time>
   </trkpt>
   <trkpt lat="47.6293010" lon="7.5519270">
    <ele>238.9</ele>
    <time>2026-04-04T14:57:44Z</time>
   </trkpt>
   <trkpt lat="47.6292750" lon="7.5519580">
    <ele>239.0</ele>
    <time>2026-04-04T14:57:45Z</time>
   </trkpt>
   <trkpt lat="47.6292500" lon="7.5519920">
    <ele>239.0</ele>
    <time>2026-04-04T14:57:46Z</time>
   </trkpt>
   <trkpt lat="47.6292260" lon="7.5520250">
    <ele>239.0</ele>
    <time>2026-04-04T14:57:47Z</time>
   </trkpt>
   <trkpt lat="47.6292000" lon="7.5520580">
    <ele>239.0</ele>
    <time>2026-04-04T14:57:48Z</time>
   </trkpt>
   <trkpt lat="47.6291730" lon="7.5520920">
    <ele>239.0</ele>
    <time>2026-04-04T14:57:49Z</time>
   </trkpt>
   <trkpt lat="47.6291450" lon="7.5521260">
    <ele>239.0</ele>
    <time>2026-04-04T14:57:50Z</time>
   </trkpt>
   <trkpt lat="47.6291170" lon="7.5521640">
    <ele>239.0</ele>
    <time>2026-04-04T14:57:51Z</time>
   </trkpt>
   <trkpt lat="47.6290900" lon="7.5521980">
    <ele>239.0</ele>
    <time>2026-04-04T14:57:52Z</time>
   </trkpt>
   <trkpt lat="47.6290600" lon="7.5522310">
    <ele>239.0</ele>
    <time>2026-04-04T14:57:53Z</time>
   </trkpt>
   <trkpt lat="47.6290300" lon="7.5522630">
    <ele>239.0</ele>
    <time>2026-04-04T14:57:54Z</time>
   </trkpt>
   <trkpt lat="47.6290020" lon="7.5522940">
    <ele>239.1</ele>
    <time>2026-04-04T14:57:55Z</time>
   </trkpt>
   <trkpt lat="47.6289750" lon="7.5523250">
    <ele>239.1</ele>
    <time>2026-04-04T14:57:56Z</time>
   </trkpt>
   <trkpt lat="47.6289470" lon="7.5523570">
    <ele>239.1</ele>
    <time>2026-04-04T14:57:57Z</time>
   </trkpt>
   <trkpt lat="47.6289200" lon="7.5523880">
    <ele>239.1</ele>
    <time>2026-04-04T14:57:58Z</time>
   </trkpt>
   <trkpt lat="47.6288930" lon="7.5524220">
    <ele>239.1</ele>
    <time>2026-04-04T14:57:59Z</time>
   </trkpt>
   <trkpt lat="47.6288680" lon="7.5524560">
    <ele>239.1</ele>
    <time>2026-04-04T14:58:00Z</time>
   </trkpt>
   <trkpt lat="47.6288430" lon="7.5524900">
    <ele>239.1</ele>
    <time>2026-04-04T14:58:01Z</time>
   </trkpt>
   <trkpt lat="47.6288180" lon="7.5525250">
    <ele>239.1</ele>
    <time>2026-04-04T14:58:02Z</time>
   </trkpt>
   <trkpt lat="47.6287920" lon="7.5525590">
    <ele>239.1</ele>
    <time>2026-04-04T14:58:03Z</time>
   </trkpt>
   <trkpt lat="47.6287670" lon="7.5525910">
    <ele>239.2</ele>
    <time>2026-04-04T14:58:04Z</time>
   </trkpt>
   <trkpt lat="47.6287420" lon="7.5526240">
    <ele>239.2</ele>
    <time>2026-04-04T14:58:05Z</time>
   </trkpt>
   <trkpt lat="47.6287140" lon="7.5526580">
    <ele>239.2</ele>
    <time>2026-04-04T14:58:06Z</time>
   </trkpt>
   <trkpt lat="47.6286870" lon="7.5526920">
    <ele>239.2</ele>
    <time>2026-04-04T14:58:07Z</time>
   </trkpt>
   <trkpt lat="47.6286610" lon="7.5527250">
    <ele>239.2</ele>
    <time>2026-04-04T14:58:08Z</time>
   </trkpt>
   <trkpt lat="47.6286350" lon="7.5527570">
    <ele>239.2</ele>
    <time>2026-04-04T14:58:09Z</time>
   </trkpt>
   <trkpt lat="47.6286090" lon="7.5527900">
    <ele>239.2</ele>
    <time>2026-04-04T14:58:10Z</time>
   </trkpt>
   <trkpt lat="47.6285820" lon="7.5528230">
    <ele>239.2</ele>
    <time>2026-04-04T14:58:11Z</time>
   </trkpt>
   <trkpt lat="47.6285540" lon="7.5528550">
    <ele>239.2</ele>
    <time>2026-04-04T14:58:12Z</time>
   </trkpt>
   <trkpt lat="47.6285290" lon="7.5528910">
    <ele>239.2</ele>
    <time>2026-04-04T14:58:13Z</time>
   </trkpt>
   <trkpt lat="47.6285020" lon="7.5529250">
    <ele>239.2</ele>
    <time>2026-04-04T14:58:14Z</time>
   </trkpt>
   <trkpt lat="47.6284750" lon="7.5529590">
    <ele>239.2</ele>
    <time>2026-04-04T14:58:15Z</time>
   </trkpt>
   <trkpt lat="47.6284490" lon="7.5529950">
    <ele>239.2</ele>
    <time>2026-04-04T14:58:16Z</time>
   </trkpt>
   <trkpt lat="47.6284240" lon="7.5530240">
    <ele>239.2</ele>
    <time>2026-04-04T14:58:17Z</time>
   </trkpt>
   <trkpt lat="47.6283980" lon="7.5530540">
    <ele>239.2</ele>
    <time>2026-04-04T14:58:18Z</time>
   </trkpt>
   <trkpt lat="47.6283730" lon="7.5530890">
    <ele>239.2</ele>
    <time>2026-04-04T14:58:19Z</time>
   </trkpt>
   <trkpt lat="47.6283470" lon="7.5531230">
    <ele>239.2</ele>
    <time>2026-04-04T14:58:20Z</time>
   </trkpt>
   <trkpt lat="47.6283200" lon="7.5531600">
    <ele>239.2</ele>
    <time>2026-04-04T14:58:21Z</time>
   </trkpt>
   <trkpt lat="47.6282920" lon="7.5531920">
    <ele>239.2</ele>
    <time>2026-04-04T14:58:22Z</time>
   </trkpt>
   <trkpt lat="47.6282630" lon="7.5532240">
    <ele>239.3</ele>
    <time>2026-04-04T14:58:23Z</time>
   </trkpt>
   <trkpt lat="47.6282390" lon="7.5532570">
    <ele>239.3</ele>
    <time>2026-04-04T14:58:24Z</time>
   </trkpt>
   <trkpt lat="47.6282150" lon="7.5532900">
    <ele>239.3</ele>
    <time>2026-04-04T14:58:25Z</time>
   </trkpt>
   <trkpt lat="47.6281920" lon="7.5533200">
    <ele>239.3</ele>
    <time>2026-04-04T14:58:26Z</time>
   </trkpt>
   <trkpt lat="47.6281670" lon="7.5533550">
    <ele>239.3</ele>
    <time>2026-04-04T14:58:27Z</time>
   </trkpt>
   <trkpt lat="47.6281390" lon="7.5533900">
    <ele>239.3</ele>
    <time>2026-04-04T14:58:28Z</time>
   </trkpt>
   <trkpt lat="47.6281110" lon="7.5534250">
    <ele>239.3</ele>
    <time>2026-04-04T14:58:29Z</time>
   </trkpt>
   <trkpt lat="47.6280850" lon="7.5534600">
    <ele>239.3</ele>
    <time>2026-04-04T14:58:30Z</time>
   </trkpt>
   <trkpt lat="47.6280580" lon="7.5534940">
    <ele>239.3</ele>
    <time>2026-04-04T14:58:31Z</time>
   </trkpt>
   <trkpt lat="47.6280310" lon="7.5535280">
    <ele>239.4</ele>
    <time>2026-04-04T14:58:32Z</time>
   </trkpt>
   <trkpt lat="47.6280040" lon="7.5535620">
    <ele>239.4</ele>
    <time>2026-04-04T14:58:33Z</time>
   </trkpt>
   <trkpt lat="47.6279780" lon="7.5535980">
    <ele>239.4</ele>
    <time>2026-04-04T14:58:34Z</time>
   </trkpt>
   <trkpt lat="47.6279530" lon="7.5536310">
    <ele>239.4</ele>
    <time>2026-04-04T14:58:35Z</time>
   </trkpt>
   <trkpt lat="47.6279280" lon="7.5536640">
    <ele>239.5</ele>
    <time>2026-04-04T14:58:36Z</time>
   </trkpt>
   <trkpt lat="47.6279030" lon="7.5536930">
    <ele>239.5</ele>
    <time>2026-04-04T14:58:37Z</time>
   </trkpt>
   <trkpt lat="47.6278760" lon="7.5537220">
    <ele>239.5</ele>
    <time>2026-04-04T14:58:38Z</time>
   </trkpt>
   <trkpt lat="47.6278490" lon="7.5537530">
    <ele>239.5</ele>
    <time>2026-04-04T14:58:39Z</time>
   </trkpt>
   <trkpt lat="47.6278250" lon="7.5537860">
    <ele>239.5</ele>
    <time>2026-04-04T14:58:40Z</time>
   </trkpt>
   <trkpt lat="47.6278030" lon="7.5538180">
    <ele>239.5</ele>
    <time>2026-04-04T14:58:41Z</time>
   </trkpt>
   <trkpt lat="47.6277790" lon="7.5538520">
    <ele>239.6</ele>
    <time>2026-04-04T14:58:42Z</time>
   </trkpt>
   <trkpt lat="47.6277550" lon="7.5538870">
    <ele>239.6</ele>
    <time>2026-04-04T14:58:43Z</time>
   </trkpt>
   <trkpt lat="47.6277320" lon="7.5539190">
    <ele>239.6</ele>
    <time>2026-04-04T14:58:44Z</time>
   </trkpt>
   <trkpt lat="47.6277100" lon="7.5539500">
    <ele>239.6</ele>
    <time>2026-04-04T14:58:45Z</time>
   </trkpt>
   <trkpt lat="47.6276890" lon="7.5539840">
    <ele>239.6</ele>
    <time>2026-04-04T14:58:46Z</time>
   </trkpt>
   <trkpt lat="47.6276650" lon="7.5540150">
    <ele>239.6</ele>
    <time>2026-04-04T14:58:47Z</time>
   </trkpt>
   <trkpt lat="47.6276390" lon="7.5540470">
    <ele>239.6</ele>
    <time>2026-04-04T14:58:48Z</time>
   </trkpt>
   <trkpt lat="47.6276120" lon="7.5540780">
    <ele>239.6</ele>
    <time>2026-04-04T14:58:49Z</time>
   </trkpt>
   <trkpt lat="47.6275840" lon="7.5541090">
    <ele>239.5</ele>
    <time>2026-04-04T14:58:50Z</time>
   </trkpt>
   <trkpt lat="47.6275590" lon="7.5541420">
    <ele>239.5</ele>
    <time>2026-04-04T14:58:51Z</time>
   </trkpt>
   <trkpt lat="47.6275330" lon="7.5541780">
    <ele>239.5</ele>
    <time>2026-04-04T14:58:52Z</time>
   </trkpt>
   <trkpt lat="47.6275050" lon="7.5542160">
    <ele>239.4</ele>
    <time>2026-04-04T14:58:53Z</time>
   </trkpt>
   <trkpt lat="47.6274750" lon="7.5542550">
    <ele>239.4</ele>
    <time>2026-04-04T14:58:54Z</time>
   </trkpt>
   <trkpt lat="47.6274430" lon="7.5542910">
    <ele>239.3</ele>
    <time>2026-04-04T14:58:55Z</time>
   </trkpt>
   <trkpt lat="47.6274120" lon="7.5543260">
    <ele>239.3</ele>
    <time>2026-04-04T14:58:56Z</time>
   </trkpt>
   <trkpt lat="47.6273810" lon="7.5543600">
    <ele>239.3</ele>
    <time>2026-04-04T14:58:57Z</time>
   </trkpt>
   <trkpt lat="47.6273510" lon="7.5543950">
    <ele>239.3</ele>
    <time>2026-04-04T14:58:58Z</time>
   </trkpt>
   <trkpt lat="47.6273210" lon="7.5544280">
    <ele>239.3</ele>
    <time>2026-04-04T14:58:59Z</time>
   </trkpt>
   <trkpt lat="47.6272910" lon="7.5544630">
    <ele>239.2</ele>
    <time>2026-04-04T14:59:00Z</time>
   </trkpt>
   <trkpt lat="47.6272630" lon="7.5544990">
    <ele>239.2</ele>
    <time>2026-04-04T14:59:01Z</time>
   </trkpt>
   <trkpt lat="47.6272360" lon="7.5545360">
    <ele>239.2</ele>
    <time>2026-04-04T14:59:02Z</time>
   </trkpt>
   <trkpt lat="47.6272090" lon="7.5545710">
    <ele>239.2</ele>
    <time>2026-04-04T14:59:03Z</time>
   </trkpt>
   <trkpt lat="47.6271820" lon="7.5546070">
    <ele>239.2</ele>
    <time>2026-04-04T14:59:04Z</time>
   </trkpt>
   <trkpt lat="47.6271540" lon="7.5546400">
    <ele>239.2</ele>
    <time>2026-04-04T14:59:05Z</time>
   </trkpt>
   <trkpt lat="47.6271260" lon="7.5546720">
    <ele>239.2</ele>
    <time>2026-04-04T14:59:06Z</time>
   </trkpt>
   <trkpt lat="47.6270980" lon="7.5547050">
    <ele>239.2</ele>
    <time>2026-04-04T14:59:07Z</time>
   </trkpt>
   <trkpt lat="47.6270720" lon="7.5547400">
    <ele>239.3</ele>
    <time>2026-04-04T14:59:08Z</time>
   </trkpt>
   <trkpt lat="47.6270460" lon="7.5547710">
    <ele>239.3</ele>
    <time>2026-04-04T14:59:09Z</time>
   </trkpt>
   <trkpt lat="47.6270200" lon="7.5548050">
    <ele>239.3</ele>
    <time>2026-04-04T14:59:10Z</time>
   </trkpt>
   <trkpt lat="47.6269940" lon="7.5548370">
    <ele>239.3</ele>
    <time>2026-04-04T14:59:11Z</time>
   </trkpt>
   <trkpt lat="47.6269680" lon="7.5548700">
    <ele>239.3</ele>
    <time>2026-04-04T14:59:12Z</time>
   </trkpt>
   <trkpt lat="47.6269410" lon="7.5549040">
    <ele>239.3</ele>
    <time>2026-04-04T14:59:13Z</time>
   </trkpt>
   <trkpt lat="47.6269160" lon="7.5549390">
    <ele>239.3</ele>
    <time>2026-04-04T14:59:14Z</time>
   </trkpt>
   <trkpt lat="47.6268900" lon="7.5549700">
    <ele>239.3</ele>
    <time>2026-04-04T14:59:15Z</time>
   </trkpt>
   <trkpt lat="47.6268630" lon="7.5550040">
    <ele>239.3</ele>
    <time>2026-04-04T14:59:16Z</time>
   </trkpt>
   <trkpt lat="47.6268360" lon="7.5550360">
    <ele>239.4</ele>
    <time>2026-04-04T14:59:17Z</time>
   </trkpt>
   <trkpt lat="47.6268090" lon="7.5550650">
    <ele>239.4</ele>
    <time>2026-04-04T14:59:18Z</time>
   </trkpt>
   <trkpt lat="47.6267810" lon="7.5550930">
    <ele>239.4</ele>
    <time>2026-04-04T14:59:19Z</time>
   </trkpt>
   <trkpt lat="47.6267530" lon="7.5551220">
    <ele>239.4</ele>
    <time>2026-04-04T14:59:20Z</time>
   </trkpt>
   <trkpt lat="47.6267270" lon="7.5551560">
    <ele>239.4</ele>
    <time>2026-04-04T14:59:21Z</time>
   </trkpt>
   <trkpt lat="47.6267000" lon="7.5551880">
    <ele>239.4</ele>
    <time>2026-04-04T14:59:22Z</time>
   </trkpt>
   <trkpt lat="47.6266730" lon="7.5552200">
    <ele>239.4</ele>
    <time>2026-04-04T14:59:23Z</time>
   </trkpt>
   <trkpt lat="47.6266470" lon="7.5552520">
    <ele>239.4</ele>
    <time>2026-04-04T14:59:24Z</time>
   </trkpt>
   <trkpt lat="47.6266220" lon="7.5552840">
    <ele>239.4</ele>
    <time>2026-04-04T14:59:25Z</time>
   </trkpt>
   <trkpt lat="47.6265970" lon="7.5553190">
    <ele>239.4</ele>
    <time>2026-04-04T14:59:26Z</time>
   </trkpt>
   <trkpt lat="47.6265710" lon="7.5553540">
    <ele>239.3</ele>
    <time>2026-04-04T14:59:27Z</time>
   </trkpt>
   <trkpt lat="47.6265450" lon="7.5553880">
    <ele>239.3</ele>
    <time>2026-04-04T14:59:28Z</time>
   </trkpt>
   <trkpt lat="47.6265200" lon="7.5554230">
    <ele>239.3</ele>
    <time>2026-04-04T14:59:29Z</time>
   </trkpt>
   <trkpt lat="47.6264940" lon="7.5554590">
    <ele>239.4</ele>
    <time>2026-04-04T14:59:30Z</time>
   </trkpt>
   <trkpt lat="47.6264680" lon="7.5554960">
    <ele>239.4</ele>
    <time>2026-04-04T14:59:31Z</time>
   </trkpt>
   <trkpt lat="47.6264420" lon="7.5555290">
    <ele>239.4</ele>
    <time>2026-04-04T14:59:32Z</time>
   </trkpt>
   <trkpt lat="47.6264170" lon="7.5555620">
    <ele>239.4</ele>
    <time>2026-04-04T14:59:33Z</time>
   </trkpt>
   <trkpt lat="47.6263930" lon="7.5555950">
    <ele>239.4</ele>
    <time>2026-04-04T14:59:34Z</time>
   </trkpt>
   <trkpt lat="47.6263690" lon="7.5556280">
    <ele>239.4</ele>
    <time>2026-04-04T14:59:35Z</time>
   </trkpt>
   <trkpt lat="47.6263440" lon="7.5556600">
    <ele>239.4</ele>
    <time>2026-04-04T14:59:36Z</time>
   </trkpt>
   <trkpt lat="47.6263210" lon="7.5556920">
    <ele>239.4</ele>
    <time>2026-04-04T14:59:37Z</time>
   </trkpt>
   <trkpt lat="47.6262970" lon="7.5557220">
    <ele>239.5</ele>
    <time>2026-04-04T14:59:38Z</time>
   </trkpt>
   <trkpt lat="47.6262720" lon="7.5557530">
    <ele>239.5</ele>
    <time>2026-04-04T14:59:39Z</time>
   </trkpt>
   <trkpt lat="47.6262470" lon="7.5557860">
    <ele>239.5</ele>
    <time>2026-04-04T14:59:40Z</time>
   </trkpt>
   <trkpt lat="47.6262220" lon="7.5558190">
    <ele>239.5</ele>
    <time>2026-04-04T14:59:41Z</time>
   </trkpt>
   <trkpt lat="47.6261950" lon="7.5558520">
    <ele>239.5</ele>
    <time>2026-04-04T14:59:42Z</time>
   </trkpt>
   <trkpt lat="47.6261670" lon="7.5558840">
    <ele>239.6</ele>
    <time>2026-04-04T14:59:43Z</time>
   </trkpt>
   <trkpt lat="47.6261390" lon="7.5559150">
    <ele>239.6</ele>
    <time>2026-04-04T14:59:44Z</time>
   </trkpt>
   <trkpt lat="47.6261150" lon="7.5559450">
    <ele>239.6</ele>
    <time>2026-04-04T14:59:45Z</time>
   </trkpt>
   <trkpt lat="47.6260920" lon="7.5559770">
    <ele>239.7</ele>
    <time>2026-04-04T14:59:46Z</time>
   </trkpt>
   <trkpt lat="47.6260660" lon="7.5560110">
    <ele>239.7</ele>
    <time>2026-04-04T14:59:47Z</time>
   </trkpt>
   <trkpt lat="47.6260430" lon="7.5560460">
    <ele>239.7</ele>
    <time>2026-04-04T14:59:48Z</time>
   </trkpt>
   <trkpt lat="47.6260190" lon="7.5560770">
    <ele>239.7</ele>
    <time>2026-04-04T14:59:49Z</time>
   </trkpt>
   <trkpt lat="47.6259940" lon="7.5561080">
    <ele>239.8</ele>
    <time>2026-04-04T14:59:50Z</time>
   </trkpt>
   <trkpt lat="47.6259680" lon="7.5561400">
    <ele>239.8</ele>
    <time>2026-04-04T14:59:51Z</time>
   </trkpt>
   <trkpt lat="47.6259410" lon="7.5561760">
    <ele>239.8</ele>
    <time>2026-04-04T14:59:52Z</time>
   </trkpt>
   <trkpt lat="47.6259140" lon="7.5562110">
    <ele>239.8</ele>
    <time>2026-04-04T14:59:53Z</time>
   </trkpt>
   <trkpt lat="47.6258900" lon="7.5562420">
    <ele>239.8</ele>
    <time>2026-04-04T14:59:54Z</time>
   </trkpt>
   <trkpt lat="47.6258650" lon="7.5562730">
    <ele>239.8</ele>
    <time>2026-04-04T14:59:55Z</time>
   </trkpt>
   <trkpt lat="47.6258400" lon="7.5563050">
    <ele>239.8</ele>
    <time>2026-04-04T14:59:56Z</time>
   </trkpt>
   <trkpt lat="47.6258140" lon="7.5563340">
    <ele>239.8</ele>
    <time>2026-04-04T14:59:57Z</time>
   </trkpt>
   <trkpt lat="47.6257880" lon="7.5563650">
    <ele>239.9</ele>
    <time>2026-04-04T14:59:58Z</time>
   </trkpt>
   <trkpt lat="47.6257630" lon="7.5563960">
    <ele>239.9</ele>
    <time>2026-04-04T14:59:59Z</time>
   </trkpt>
   <trkpt lat="47.6257380" lon="7.5564310">
    <ele>239.9</ele>
    <time>2026-04-04T15:00:00Z</time>
   </trkpt>
   <trkpt lat="47.6257150" lon="7.5564650">
    <ele>239.9</ele>
    <time>2026-04-04T15:00:01Z</time>
   </trkpt>
   <trkpt lat="47.6256900" lon="7.5564990">
    <ele>239.9</ele>
    <time>2026-04-04T15:00:02Z</time>
   </trkpt>
   <trkpt lat="47.6256650" lon="7.5565300">
    <ele>239.9</ele>
    <time>2026-04-04T15:00:03Z</time>
   </trkpt>
   <trkpt lat="47.6256390" lon="7.5565640">
    <ele>239.9</ele>
    <time>2026-04-04T15:00:04Z</time>
   </trkpt>
   <trkpt lat="47.6256100" lon="7.5565980">
    <ele>239.9</ele>
    <time>2026-04-04T15:00:05Z</time>
   </trkpt>
   <trkpt lat="47.6255820" lon="7.5566330">
    <ele>239.9</ele>
    <time>2026-04-04T15:00:06Z</time>
   </trkpt>
   <trkpt lat="47.6255540" lon="7.5566670">
    <ele>239.9</ele>
    <time>2026-04-04T15:00:07Z</time>
   </trkpt>
   <trkpt lat="47.6255270" lon="7.5567000">
    <ele>239.9</ele>
    <time>2026-04-04T15:00:08Z</time>
   </trkpt>
   <trkpt lat="47.6255020" lon="7.5567310">
    <ele>239.9</ele>
    <time>2026-04-04T15:00:09Z</time>
   </trkpt>
   <trkpt lat="47.6254770" lon="7.5567640">
    <ele>239.9</ele>
    <time>2026-04-04T15:00:10Z</time>
   </trkpt>
   <trkpt lat="47.6254500" lon="7.5567960">
    <ele>239.9</ele>
    <time>2026-04-04T15:00:11Z</time>
   </trkpt>
   <trkpt lat="47.6254230" lon="7.5568270">
    <ele>239.9</ele>
    <time>2026-04-04T15:00:12Z</time>
   </trkpt>
   <trkpt lat="47.6254000" lon="7.5568560">
    <ele>239.9</ele>
    <time>2026-04-04T15:00:13Z</time>
   </trkpt>
   <trkpt lat="47.6253750" lon="7.5568870">
    <ele>239.9</ele>
    <time>2026-04-04T15:00:14Z</time>
   </trkpt>
   <trkpt lat="47.6253520" lon="7.5569170">
    <ele>239.9</ele>
    <time>2026-04-04T15:00:15Z</time>
   </trkpt>
   <trkpt lat="47.6253310" lon="7.5569490">
    <ele>239.9</ele>
    <time>2026-04-04T15:00:16Z</time>
   </trkpt>
   <trkpt lat="47.6253090" lon="7.5569820">
    <ele>239.9</ele>
    <time>2026-04-04T15:00:17Z</time>
   </trkpt>
   <trkpt lat="47.6252860" lon="7.5570140">
    <ele>239.9</ele>
    <time>2026-04-04T15:00:18Z</time>
   </trkpt>
   <trkpt lat="47.6252620" lon="7.5570480">
    <ele>239.9</ele>
    <time>2026-04-04T15:00:19Z</time>
   </trkpt>
   <trkpt lat="47.6252360" lon="7.5570800">
    <ele>239.9</ele>
    <time>2026-04-04T15:00:20Z</time>
   </trkpt>
   <trkpt lat="47.6252100" lon="7.5571120">
    <ele>239.9</ele>
    <time>2026-04-04T15:00:21Z</time>
   </trkpt>
   <trkpt lat="47.6251830" lon="7.5571470">
    <ele>239.9</ele>
    <time>2026-04-04T15:00:22Z</time>
   </trkpt>
   <trkpt lat="47.6251560" lon="7.5571780">
    <ele>239.9</ele>
    <time>2026-04-04T15:00:23Z</time>
   </trkpt>
   <trkpt lat="47.6251290" lon="7.5572060">
    <ele>239.8</ele>
    <time>2026-04-04T15:00:24Z</time>
   </trkpt>
   <trkpt lat="47.6251050" lon="7.5572330">
    <ele>239.8</ele>
    <time>2026-04-04T15:00:25Z</time>
   </trkpt>
   <trkpt lat="47.6250800" lon="7.5572640">
    <ele>239.8</ele>
    <time>2026-04-04T15:00:26Z</time>
   </trkpt>
   <trkpt lat="47.6250530" lon="7.5572970">
    <ele>239.7</ele>
    <time>2026-04-04T15:00:27Z</time>
   </trkpt>
   <trkpt lat="47.6250250" lon="7.5573350">
    <ele>239.6</ele>
    <time>2026-04-04T15:00:28Z</time>
   </trkpt>
   <trkpt lat="47.6249960" lon="7.5573720">
    <ele>239.6</ele>
    <time>2026-04-04T15:00:29Z</time>
   </trkpt>
   <trkpt lat="47.6249660" lon="7.5574070">
    <ele>239.5</ele>
    <time>2026-04-04T15:00:30Z</time>
   </trkpt>
   <trkpt lat="47.6249320" lon="7.5574450">
    <ele>239.4</ele>
    <time>2026-04-04T15:00:31Z</time>
   </trkpt>
   <trkpt lat="47.6248990" lon="7.5574840">
    <ele>239.3</ele>
    <time>2026-04-04T15:00:32Z</time>
   </trkpt>
   <trkpt lat="47.6248670" lon="7.5575230">
    <ele>239.3</ele>
    <time>2026-04-04T15:00:33Z</time>
   </trkpt>
   <trkpt lat="47.6248350" lon="7.5575590">
    <ele>239.3</ele>
    <time>2026-04-04T15:00:34Z</time>
   </trkpt>
   <trkpt lat="47.6248050" lon="7.5575970">
    <ele>239.2</ele>
    <time>2026-04-04T15:00:35Z</time>
   </trkpt>
   <trkpt lat="47.6247760" lon="7.5576350">
    <ele>239.2</ele>
    <time>2026-04-04T15:00:36Z</time>
   </trkpt>
   <trkpt lat="47.6247490" lon="7.5576730">
    <ele>239.2</ele>
    <time>2026-04-04T15:00:37Z</time>
   </trkpt>
   <trkpt lat="47.6247220" lon="7.5577100">
    <ele>239.2</ele>
    <time>2026-04-04T15:00:38Z</time>
   </trkpt>
   <trkpt lat="47.6246930" lon="7.5577420">
    <ele>239.2</ele>
    <time>2026-04-04T15:00:39Z</time>
   </trkpt>
   <trkpt lat="47.6246650" lon="7.5577750">
    <ele>239.2</ele>
    <time>2026-04-04T15:00:40Z</time>
   </trkpt>
   <trkpt lat="47.6246380" lon="7.5578070">
    <ele>239.2</ele>
    <time>2026-04-04T15:00:41Z</time>
   </trkpt>
   <trkpt lat="47.6246100" lon="7.5578370">
    <ele>239.2</ele>
    <time>2026-04-04T15:00:42Z</time>
   </trkpt>
   <trkpt lat="47.6245850" lon="7.5578700">
    <ele>239.2</ele>
    <time>2026-04-04T15:00:43Z</time>
   </trkpt>
   <trkpt lat="47.6245600" lon="7.5579040">
    <ele>239.2</ele>
    <time>2026-04-04T15:00:44Z</time>
   </trkpt>
   <trkpt lat="47.6245330" lon="7.5579370">
    <ele>239.2</ele>
    <time>2026-04-04T15:00:45Z</time>
   </trkpt>
   <trkpt lat="47.6245050" lon="7.5579700">
    <ele>239.2</ele>
    <time>2026-04-04T15:00:46Z</time>
   </trkpt>
   <trkpt lat="47.6244770" lon="7.5580030">
    <ele>239.2</ele>
    <time>2026-04-04T15:00:47Z</time>
   </trkpt>
   <trkpt lat="47.6244490" lon="7.5580390">
    <ele>239.2</ele>
    <time>2026-04-04T15:00:48Z</time>
   </trkpt>
   <trkpt lat="47.6244210" lon="7.5580740">
    <ele>239.1</ele>
    <time>2026-04-04T15:00:49Z</time>
   </trkpt>
   <trkpt lat="47.6243910" lon="7.5581080">
    <ele>239.1</ele>
    <time>2026-04-04T15:00:50Z</time>
   </trkpt>
   <trkpt lat="47.6243610" lon="7.5581370">
    <ele>239.1</ele>
    <time>2026-04-04T15:00:51Z</time>
   </trkpt>
   <trkpt lat="47.6243350" lon="7.5581680">
    <ele>239.1</ele>
    <time>2026-04-04T15:00:52Z</time>
   </trkpt>
   <trkpt lat="47.6243080" lon="7.5581980">
    <ele>239.1</ele>
    <time>2026-04-04T15:00:53Z</time>
   </trkpt>
   <trkpt lat="47.6242820" lon="7.5582280">
    <ele>239.1</ele>
    <time>2026-04-04T15:00:54Z</time>
   </trkpt>
   <trkpt lat="47.6242570" lon="7.5582610">
    <ele>239.1</ele>
    <time>2026-04-04T15:00:55Z</time>
   </trkpt>
   <trkpt lat="47.6242310" lon="7.5582940">
    <ele>239.1</ele>
    <time>2026-04-04T15:00:56Z</time>
   </trkpt>
   <trkpt lat="47.6242030" lon="7.5583280">
    <ele>239.1</ele>
    <time>2026-04-04T15:00:57Z</time>
   </trkpt>
   <trkpt lat="47.6241770" lon="7.5583620">
    <ele>239.1</ele>
    <time>2026-04-04T15:00:58Z</time>
   </trkpt>
   <trkpt lat="47.6241500" lon="7.5583960">
    <ele>239.1</ele>
    <time>2026-04-04T15:00:59Z</time>
   </trkpt>
   <trkpt lat="47.6241240" lon="7.5584320">
    <ele>239.1</ele>
    <time>2026-04-04T15:01:00Z</time>
   </trkpt>
   <trkpt lat="47.6240970" lon="7.5584650">
    <ele>239.1</ele>
    <time>2026-04-04T15:01:01Z</time>
   </trkpt>
   <trkpt lat="47.6240700" lon="7.5584980">
    <ele>239.1</ele>
    <time>2026-04-04T15:01:02Z</time>
   </trkpt>
   <trkpt lat="47.6240430" lon="7.5585320">
    <ele>239.1</ele>
    <time>2026-04-04T15:01:03Z</time>
   </trkpt>
   <trkpt lat="47.6240160" lon="7.5585660">
    <ele>239.1</ele>
    <time>2026-04-04T15:01:04Z</time>
   </trkpt>
   <trkpt lat="47.6239900" lon="7.5585970">
    <ele>239.2</ele>
    <time>2026-04-04T15:01:05Z</time>
   </trkpt>
   <trkpt lat="47.6239640" lon="7.5586290">
    <ele>239.2</ele>
    <time>2026-04-04T15:01:06Z</time>
   </trkpt>
   <trkpt lat="47.6239400" lon="7.5586600">
    <ele>239.2</ele>
    <time>2026-04-04T15:01:07Z</time>
   </trkpt>
   <trkpt lat="47.6239150" lon="7.5586930">
    <ele>239.2</ele>
    <time>2026-04-04T15:01:08Z</time>
   </trkpt>
   <trkpt lat="47.6238890" lon="7.5587270">
    <ele>239.2</ele>
    <time>2026-04-04T15:01:09Z</time>
   </trkpt>
   <trkpt lat="47.6238640" lon="7.5587610">
    <ele>239.2</ele>
    <time>2026-04-04T15:01:10Z</time>
   </trkpt>
   <trkpt lat="47.6238360" lon="7.5587940">
    <ele>239.2</ele>
    <time>2026-04-04T15:01:11Z</time>
   </trkpt>
   <trkpt lat="47.6238080" lon="7.5588260">
    <ele>239.2</ele>
    <time>2026-04-04T15:01:12Z</time>
   </trkpt>
   <trkpt lat="47.6237810" lon="7.5588600">
    <ele>239.2</ele>
    <time>2026-04-04T15:01:13Z</time>
   </trkpt>
   <trkpt lat="47.6237540" lon="7.5588920">
    <ele>239.2</ele>
    <time>2026-04-04T15:01:14Z</time>
   </trkpt>
   <trkpt lat="47.6237270" lon="7.5589270">
    <ele>239.1</ele>
    <time>2026-04-04T15:01:15Z</time>
   </trkpt>
   <trkpt lat="47.6237000" lon="7.5589610">
    <ele>239.1</ele>
    <time>2026-04-04T15:01:16Z</time>
   </trkpt>
   <trkpt lat="47.6236730" lon="7.5589960">
    <ele>239.1</ele>
    <time>2026-04-04T15:01:17Z</time>
   </trkpt>
   <trkpt lat="47.6236460" lon="7.5590320">
    <ele>239.1</ele>
    <time>2026-04-04T15:01:18Z</time>
   </trkpt>
   <trkpt lat="47.6236190" lon="7.5590690">
    <ele>239.1</ele>
    <time>2026-04-04T15:01:19Z</time>
   </trkpt>
   <trkpt lat="47.6235930" lon="7.5591040">
    <ele>239.1</ele>
    <time>2026-04-04T15:01:20Z</time>
   </trkpt>
   <trkpt lat="47.6235670" lon="7.5591410">
    <ele>239.0</ele>
    <time>2026-04-04T15:01:21Z</time>
   </trkpt>
   <trkpt lat="47.6235400" lon="7.5591750">
    <ele>239.0</ele>
    <time>2026-04-04T15:01:22Z</time>
   </trkpt>
   <trkpt lat="47.6235130" lon="7.5592100">
    <ele>239.0</ele>
    <time>2026-04-04T15:01:23Z</time>
   </trkpt>
   <trkpt lat="47.6234880" lon="7.5592420">
    <ele>239.0</ele>
    <time>2026-04-04T15:01:24Z</time>
   </trkpt>
   <trkpt lat="47.6234620" lon="7.5592760">
    <ele>239.0</ele>
    <time>2026-04-04T15:01:25Z</time>
   </trkpt>
   <trkpt lat="47.6234360" lon="7.5593130">
    <ele>239.0</ele>
    <time>2026-04-04T15:01:26Z</time>
   </trkpt>
   <trkpt lat="47.6234090" lon="7.5593480">
    <ele>239.0</ele>
    <time>2026-04-04T15:01:27Z</time>
   </trkpt>
   <trkpt lat="47.6233820" lon="7.5593840">
    <ele>239.0</ele>
    <time>2026-04-04T15:01:28Z</time>
   </trkpt>
   <trkpt lat="47.6233540" lon="7.5594180">
    <ele>239.0</ele>
    <time>2026-04-04T15:01:29Z</time>
   </trkpt>
   <trkpt lat="47.6233280" lon="7.5594530">
    <ele>239.0</ele>
    <time>2026-04-04T15:01:30Z</time>
   </trkpt>
   <trkpt lat="47.6233010" lon="7.5594860">
    <ele>239.0</ele>
    <time>2026-04-04T15:01:31Z</time>
   </trkpt>
   <trkpt lat="47.6232720" lon="7.5595200">
    <ele>239.0</ele>
    <time>2026-04-04T15:01:32Z</time>
   </trkpt>
   <trkpt lat="47.6232430" lon="7.5595540">
    <ele>239.0</ele>
    <time>2026-04-04T15:01:33Z</time>
   </trkpt>
   <trkpt lat="47.6232170" lon="7.5595890">
    <ele>239.0</ele>
    <time>2026-04-04T15:01:34Z</time>
   </trkpt>
   <trkpt lat="47.6231880" lon="7.5596240">
    <ele>239.0</ele>
    <time>2026-04-04T15:01:35Z</time>
   </trkpt>
   <trkpt lat="47.6231600" lon="7.5596610">
    <ele>239.0</ele>
    <time>2026-04-04T15:01:36Z</time>
   </trkpt>
   <trkpt lat="47.6231320" lon="7.5596960">
    <ele>239.0</ele>
    <time>2026-04-04T15:01:37Z</time>
   </trkpt>
   <trkpt lat="47.6231050" lon="7.5597350">
    <ele>239.0</ele>
    <time>2026-04-04T15:01:38Z</time>
   </trkpt>
   <trkpt lat="47.6230780" lon="7.5597740">
    <ele>239.0</ele>
    <time>2026-04-04T15:01:39Z</time>
   </trkpt>
   <trkpt lat="47.6230510" lon="7.5598090">
    <ele>239.0</ele>
    <time>2026-04-04T15:01:40Z</time>
   </trkpt>
   <trkpt lat="47.6230230" lon="7.5598450">
    <ele>239.1</ele>
    <time>2026-04-04T15:01:41Z</time>
   </trkpt>
   <trkpt lat="47.6229950" lon="7.5598800">
    <ele>239.1</ele>
    <time>2026-04-04T15:01:42Z</time>
   </trkpt>
   <trkpt lat="47.6229690" lon="7.5599140">
    <ele>239.1</ele>
    <time>2026-04-04T15:01:43Z</time>
   </trkpt>
   <trkpt lat="47.6229420" lon="7.5599470">
    <ele>239.2</ele>
    <time>2026-04-04T15:01:44Z</time>
   </trkpt>
   <trkpt lat="47.6229160" lon="7.5599810">
    <ele>239.2</ele>
    <time>2026-04-04T15:01:45Z</time>
   </trkpt>
   <trkpt lat="47.6228900" lon="7.5600150">
    <ele>239.3</ele>
    <time>2026-04-04T15:01:46Z</time>
   </trkpt>
   <trkpt lat="47.6228650" lon="7.5600510">
    <ele>239.4</ele>
    <time>2026-04-04T15:01:47Z</time>
   </trkpt>
   <trkpt lat="47.6228420" lon="7.5600830">
    <ele>239.4</ele>
    <time>2026-04-04T15:01:48Z</time>
   </trkpt>
   <trkpt lat="47.6228180" lon="7.5601090">
    <ele>239.5</ele>
    <time>2026-04-04T15:01:49Z</time>
   </trkpt>
   <trkpt lat="47.6227960" lon="7.5601390">
    <ele>239.5</ele>
    <time>2026-04-04T15:01:50Z</time>
   </trkpt>
   <trkpt lat="47.6227740" lon="7.5601690">
    <ele>239.6</ele>
    <time>2026-04-04T15:01:51Z</time>
   </trkpt>
   <trkpt lat="47.6227520" lon="7.5601980">
    <ele>239.6</ele>
    <time>2026-04-04T15:01:52Z</time>
   </trkpt>
   <trkpt lat="47.6227290" lon="7.5602270">
    <ele>239.6</ele>
    <time>2026-04-04T15:01:53Z</time>
   </trkpt>
   <trkpt lat="47.6227030" lon="7.5602560">
    <ele>239.7</ele>
    <time>2026-04-04T15:01:54Z</time>
   </trkpt>
   <trkpt lat="47.6226790" lon="7.5602840">
    <ele>239.7</ele>
    <time>2026-04-04T15:01:55Z</time>
   </trkpt>
   <trkpt lat="47.6226550" lon="7.5603140">
    <ele>239.7</ele>
    <time>2026-04-04T15:01:56Z</time>
   </trkpt>
   <trkpt lat="47.6226300" lon="7.5603450">
    <ele>239.7</ele>
    <time>2026-04-04T15:01:57Z</time>
   </trkpt>
   <trkpt lat="47.6226050" lon="7.5603770">
    <ele>239.7</ele>
    <time>2026-04-04T15:01:58Z</time>
   </trkpt>
   <trkpt lat="47.6225800" lon="7.5604100">
    <ele>239.7</ele>
    <time>2026-04-04T15:01:59Z</time>
   </trkpt>
   <trkpt lat="47.6225520" lon="7.5604450">
    <ele>239.7</ele>
    <time>2026-04-04T15:02:00Z</time>
   </trkpt>
   <trkpt lat="47.6225250" lon="7.5604780">
    <ele>239.7</ele>
    <time>2026-04-04T15:02:01Z</time>
   </trkpt>
   <trkpt lat="47.6224980" lon="7.5605100">
    <ele>239.7</ele>
    <time>2026-04-04T15:02:02Z</time>
   </trkpt>
   <trkpt lat="47.6224710" lon="7.5605430">
    <ele>239.7</ele>
    <time>2026-04-04T15:02:03Z</time>
   </trkpt>
   <trkpt lat="47.6224420" lon="7.5605760">
    <ele>239.7</ele>
    <time>2026-04-04T15:02:04Z</time>
   </trkpt>
   <trkpt lat="47.6224140" lon="7.5606070">
    <ele>239.7</ele>
    <time>2026-04-04T15:02:05Z</time>
   </trkpt>
   <trkpt lat="47.6223860" lon="7.5606410">
    <ele>239.7</ele>
    <time>2026-04-04T15:02:06Z</time>
   </trkpt>
   <trkpt lat="47.6223600" lon="7.5606780">
    <ele>239.7</ele>
    <time>2026-04-04T15:02:07Z</time>
   </trkpt>
   <trkpt lat="47.6223310" lon="7.5607140">
    <ele>239.6</ele>
    <time>2026-04-04T15:02:08Z</time>
   </trkpt>
   <trkpt lat="47.6223030" lon="7.5607480">
    <ele>239.6</ele>
    <time>2026-04-04T15:02:09Z</time>
   </trkpt>
   <trkpt lat="47.6222750" lon="7.5607830">
    <ele>239.6</ele>
    <time>2026-04-04T15:02:10Z</time>
   </trkpt>
   <trkpt lat="47.6222470" lon="7.5608150">
    <ele>239.6</ele>
    <time>2026-04-04T15:02:11Z</time>
   </trkpt>
   <trkpt lat="47.6222190" lon="7.5608450">
    <ele>239.6</ele>
    <time>2026-04-04T15:02:12Z</time>
   </trkpt>
   <trkpt lat="47.6221920" lon="7.5608780">
    <ele>239.6</ele>
    <time>2026-04-04T15:02:13Z</time>
   </trkpt>
   <trkpt lat="47.6221640" lon="7.5609110">
    <ele>239.5</ele>
    <time>2026-04-04T15:02:14Z</time>
   </trkpt>
   <trkpt lat="47.6221380" lon="7.5609430">
    <ele>239.5</ele>
    <time>2026-04-04T15:02:15Z</time>
   </trkpt>
   <trkpt lat="47.6221110" lon="7.5609760">
    <ele>239.5</ele>
    <time>2026-04-04T15:02:16Z</time>
   </trkpt>
   <trkpt lat="47.6220840" lon="7.5610090">
    <ele>239.6</ele>
    <time>2026-04-04T15:02:17Z</time>
   </trkpt>
   <trkpt lat="47.6220560" lon="7.5610420">
    <ele>239.6</ele>
    <time>2026-04-04T15:02:18Z</time>
   </trkpt>
   <trkpt lat="47.6220290" lon="7.5610760">
    <ele>239.6</ele>
    <time>2026-04-04T15:02:19Z</time>
   </trkpt>
   <trkpt lat="47.6220010" lon="7.5611100">
    <ele>239.6</ele>
    <time>2026-04-04T15:02:20Z</time>
   </trkpt>
   <trkpt lat="47.6219710" lon="7.5611420">
    <ele>239.6</ele>
    <time>2026-04-04T15:02:21Z</time>
   </trkpt>
   <trkpt lat="47.6219440" lon="7.5611780">
    <ele>239.7</ele>
    <time>2026-04-04T15:02:22Z</time>
   </trkpt>
   <trkpt lat="47.6219170" lon="7.5612100">
    <ele>239.7</ele>
    <time>2026-04-04T15:02:23Z</time>
   </trkpt>
   <trkpt lat="47.6218910" lon="7.5612410">
    <ele>239.7</ele>
    <time>2026-04-04T15:02:24Z</time>
   </trkpt>
   <trkpt lat="47.6218640" lon="7.5612740">
    <ele>239.7</ele>
    <time>2026-04-04T15:02:25Z</time>
   </trkpt>
   <trkpt lat="47.6218380" lon="7.5613060">
    <ele>239.8</ele>
    <time>2026-04-04T15:02:26Z</time>
   </trkpt>
   <trkpt lat="47.6218130" lon="7.5613400">
    <ele>239.8</ele>
    <time>2026-04-04T15:02:27Z</time>
   </trkpt>
   <trkpt lat="47.6217870" lon="7.5613740">
    <ele>239.8</ele>
    <time>2026-04-04T15:02:28Z</time>
   </trkpt>
   <trkpt lat="47.6217620" lon="7.5614080">
    <ele>239.8</ele>
    <time>2026-04-04T15:02:29Z</time>
   </trkpt>
   <trkpt lat="47.6217360" lon="7.5614410">
    <ele>239.9</ele>
    <time>2026-04-04T15:02:30Z</time>
   </trkpt>
   <trkpt lat="47.6217110" lon="7.5614730">
    <ele>239.9</ele>
    <time>2026-04-04T15:02:31Z</time>
   </trkpt>
   <trkpt lat="47.6216870" lon="7.5615060">
    <ele>239.9</ele>
    <time>2026-04-04T15:02:32Z</time>
   </trkpt>
   <trkpt lat="47.6216630" lon="7.5615380">
    <ele>239.9</ele>
    <time>2026-04-04T15:02:33Z</time>
   </trkpt>
   <trkpt lat="47.6216400" lon="7.5615710">
    <ele>239.9</ele>
    <time>2026-04-04T15:02:34Z</time>
   </trkpt>
   <trkpt lat="47.6216190" lon="7.5616010">
    <ele>239.9</ele>
    <time>2026-04-04T15:02:35Z</time>
   </trkpt>
   <trkpt lat="47.6215960" lon="7.5616320">
    <ele>240.0</ele>
    <time>2026-04-04T15:02:36Z</time>
   </trkpt>
   <trkpt lat="47.6215700" lon="7.5616620">
    <ele>240.0</ele>
    <time>2026-04-04T15:02:37Z</time>
   </trkpt>
   <trkpt lat="47.6215440" lon="7.5616930">
    <ele>240.0</ele>
    <time>2026-04-04T15:02:38Z</time>
   </trkpt>
   <trkpt lat="47.6215200" lon="7.5617240">
    <ele>240.0</ele>
    <time>2026-04-04T15:02:39Z</time>
   </trkpt>
   <trkpt lat="47.6214950" lon="7.5617550">
    <ele>240.0</ele>
    <time>2026-04-04T15:02:40Z</time>
   </trkpt>
   <trkpt lat="47.6214710" lon="7.5617880">
    <ele>240.0</ele>
    <time>2026-04-04T15:02:41Z</time>
   </trkpt>
   <trkpt lat="47.6214470" lon="7.5618220">
    <ele>240.1</ele>
    <time>2026-04-04T15:02:42Z</time>
   </trkpt>
   <trkpt lat="47.6214230" lon="7.5618540">
    <ele>240.1</ele>
    <time>2026-04-04T15:02:43Z</time>
   </trkpt>
   <trkpt lat="47.6213980" lon="7.5618860">
    <ele>240.1</ele>
    <time>2026-04-04T15:02:44Z</time>
   </trkpt>
   <trkpt lat="47.6213730" lon="7.5619150">
    <ele>240.1</ele>
    <time>2026-04-04T15:02:45Z</time>
   </trkpt>
   <trkpt lat="47.6213480" lon="7.5619480">
    <ele>240.0</ele>
    <time>2026-04-04T15:02:46Z</time>
   </trkpt>
   <trkpt lat="47.6213230" lon="7.5619830">
    <ele>240.0</ele>
    <time>2026-04-04T15:02:47Z</time>
   </trkpt>
   <trkpt lat="47.6212960" lon="7.5620190">
    <ele>240.0</ele>
    <time>2026-04-04T15:02:48Z</time>
   </trkpt>
   <trkpt lat="47.6212690" lon="7.5620570">
    <ele>240.0</ele>
    <time>2026-04-04T15:02:49Z</time>
   </trkpt>
   <trkpt lat="47.6212420" lon="7.5620980">
    <ele>240.0</ele>
    <time>2026-04-04T15:02:50Z</time>
   </trkpt>
   <trkpt lat="47.6212140" lon="7.5621380">
    <ele>240.0</ele>
    <time>2026-04-04T15:02:51Z</time>
   </trkpt>
   <trkpt lat="47.6211850" lon="7.5621770">
    <ele>240.0</ele>
    <time>2026-04-04T15:02:52Z</time>
   </trkpt>
   <trkpt lat="47.6211550" lon="7.5622140">
    <ele>240.0</ele>
    <time>2026-04-04T15:02:53Z</time>
   </trkpt>
   <trkpt lat="47.6211250" lon="7.5622500">
    <ele>239.9</ele>
    <time>2026-04-04T15:02:54Z</time>
   </trkpt>
   <trkpt lat="47.6210990" lon="7.5622840">
    <ele>239.9</ele>
    <time>2026-04-04T15:02:55Z</time>
   </trkpt>
   <trkpt lat="47.6210740" lon="7.5623170">
    <ele>239.9</ele>
    <time>2026-04-04T15:02:56Z</time>
   </trkpt>
   <trkpt lat="47.6210490" lon="7.5623490">
    <ele>239.9</ele>
    <time>2026-04-04T15:02:57Z</time>
   </trkpt>
   <trkpt lat="47.6210240" lon="7.5623820">
    <ele>240.0</ele>
    <time>2026-04-04T15:02:58Z</time>
   </trkpt>
   <trkpt lat="47.6209990" lon="7.5624170">
    <ele>240.0</ele>
    <time>2026-04-04T15:02:59Z</time>
   </trkpt>
   <trkpt lat="47.6209740" lon="7.5624510">
    <ele>240.0</ele>
    <time>2026-04-04T15:03:00Z</time>
   </trkpt>
   <trkpt lat="47.6209490" lon="7.5624840">
    <ele>240.0</ele>
    <time>2026-04-04T15:03:01Z</time>
   </trkpt>
   <trkpt lat="47.6209280" lon="7.5625170">
    <ele>240.1</ele>
    <time>2026-04-04T15:03:02Z</time>
   </trkpt>
   <trkpt lat="47.6209050" lon="7.5625490">
    <ele>240.1</ele>
    <time>2026-04-04T15:03:03Z</time>
   </trkpt>
   <trkpt lat="47.6208830" lon="7.5625790">
    <ele>240.1</ele>
    <time>2026-04-04T15:03:04Z</time>
   </trkpt>
   <trkpt lat="47.6208610" lon="7.5626100">
    <ele>240.2</ele>
    <time>2026-04-04T15:03:05Z</time>
   </trkpt>
   <trkpt lat="47.6208400" lon="7.5626410">
    <ele>240.2</ele>
    <time>2026-04-04T15:03:06Z</time>
   </trkpt>
   <trkpt lat="47.6208170" lon="7.5626720">
    <ele>240.2</ele>
    <time>2026-04-04T15:03:07Z</time>
   </trkpt>
   <trkpt lat="47.6207930" lon="7.5627030">
    <ele>240.3</ele>
    <time>2026-04-04T15:03:08Z</time>
   </trkpt>
   <trkpt lat="47.6207690" lon="7.5627360">
    <ele>240.3</ele>
    <time>2026-04-04T15:03:09Z</time>
   </trkpt>
   <trkpt lat="47.6207440" lon="7.5627680">
    <ele>240.3</ele>
    <time>2026-04-04T15:03:10Z</time>
   </trkpt>
   <trkpt lat="47.6207200" lon="7.5627990">
    <ele>240.3</ele>
    <time>2026-04-04T15:03:11Z</time>
   </trkpt>
   <trkpt lat="47.6206940" lon="7.5628290">
    <ele>240.3</ele>
    <time>2026-04-04T15:03:12Z</time>
   </trkpt>
   <trkpt lat="47.6206670" lon="7.5628570">
    <ele>240.4</ele>
    <time>2026-04-04T15:03:13Z</time>
   </trkpt>
   <trkpt lat="47.6206430" lon="7.5628900">
    <ele>240.4</ele>
    <time>2026-04-04T15:03:14Z</time>
   </trkpt>
   <trkpt lat="47.6206180" lon="7.5629210">
    <ele>240.4</ele>
    <time>2026-04-04T15:03:15Z</time>
   </trkpt>
   <trkpt lat="47.6205930" lon="7.5629570">
    <ele>240.4</ele>
    <time>2026-04-04T15:03:16Z</time>
   </trkpt>
   <trkpt lat="47.6205650" lon="7.5629920">
    <ele>240.4</ele>
    <time>2026-04-04T15:03:17Z</time>
   </trkpt>
   <trkpt lat="47.6205380" lon="7.5630250">
    <ele>240.5</ele>
    <time>2026-04-04T15:03:18Z</time>
   </trkpt>
   <trkpt lat="47.6205120" lon="7.5630600">
    <ele>240.5</ele>
    <time>2026-04-04T15:03:19Z</time>
   </trkpt>
   <trkpt lat="47.6204880" lon="7.5630940">
    <ele>240.5</ele>
    <time>2026-04-04T15:03:20Z</time>
   </trkpt>
   <trkpt lat="47.6204610" lon="7.5631280">
    <ele>240.5</ele>
    <time>2026-04-04T15:03:21Z</time>
   </trkpt>
   <trkpt lat="47.6204350" lon="7.5631580">
    <ele>240.5</ele>
    <time>2026-04-04T15:03:22Z</time>
   </trkpt>
   <trkpt lat="47.6204100" lon="7.5631880">
    <ele>240.5</ele>
    <time>2026-04-04T15:03:23Z</time>
   </trkpt>
   <trkpt lat="47.6203830" lon="7.5632190">
    <ele>240.5</ele>
    <time>2026-04-04T15:03:24Z</time>
   </trkpt>
   <trkpt lat="47.6203550" lon="7.5632510">
    <ele>240.5</ele>
    <time>2026-04-04T15:03:25Z</time>
   </trkpt>
   <trkpt lat="47.6203260" lon="7.5632820">
    <ele>240.5</ele>
    <time>2026-04-04T15:03:26Z</time>
   </trkpt>
   <trkpt lat="47.6202960" lon="7.5633130">
    <ele>240.5</ele>
    <time>2026-04-04T15:03:27Z</time>
   </trkpt>
   <trkpt lat="47.6202660" lon="7.5633500">
    <ele>240.5</ele>
    <time>2026-04-04T15:03:28Z</time>
   </trkpt>
   <trkpt lat="47.6202360" lon="7.5633810">
    <ele>240.4</ele>
    <time>2026-04-04T15:03:29Z</time>
   </trkpt>
   <trkpt lat="47.6202090" lon="7.5634060">
    <ele>240.4</ele>
    <time>2026-04-04T15:03:30Z</time>
   </trkpt>
   <trkpt lat="47.6201760" lon="7.5634270">
    <ele>240.5</ele>
    <time>2026-04-04T15:03:31Z</time>
   </trkpt>
   <trkpt lat="47.6201440" lon="7.5634530">
    <ele>240.5</ele>
    <time>2026-04-04T15:03:32Z</time>
   </trkpt>
   <trkpt lat="47.6201120" lon="7.5634780">
    <ele>240.5</ele>
    <time>2026-04-04T15:03:33Z</time>
   </trkpt>
   <trkpt lat="47.6200860" lon="7.5635020">
    <ele>240.5</ele>
    <time>2026-04-04T15:03:34Z</time>
   </trkpt>
   <trkpt lat="47.6200580" lon="7.5635200">
    <ele>240.6</ele>
    <time>2026-04-04T15:03:35Z</time>
   </trkpt>
   <trkpt lat="47.6200270" lon="7.5635340">
    <ele>240.6</ele>
    <time>2026-04-04T15:03:36Z</time>
   </trkpt>
   <trkpt lat="47.6199980" lon="7.5635500">
    <ele>240.6</ele>
    <time>2026-04-04T15:03:37Z</time>
   </trkpt>
   <trkpt lat="47.6199580" lon="7.5635730">
    <ele>240.7</ele>
    <time>2026-04-04T15:03:38Z</time>
   </trkpt>
   <trkpt lat="47.6199430" lon="7.5635810">
    <ele>240.7</ele>
    <time>2026-04-04T15:03:39Z</time>
   </trkpt>
   <trkpt lat="47.6199150" lon="7.5635960">
    <ele>240.7</ele>
    <time>2026-04-04T15:03:40Z</time>
   </trkpt>
   <trkpt lat="47.6198850" lon="7.5636070">
    <ele>240.7</ele>
    <time>2026-04-04T15:03:41Z</time>
   </trkpt>
   <trkpt lat="47.6198500" lon="7.5636210">
    <ele>240.7</ele>
    <time>2026-04-04T15:03:42Z</time>
   </trkpt>
   <trkpt lat="47.6198120" lon="7.5636330">
    <ele>240.7</ele>
    <time>2026-04-04T15:03:43Z</time>
   </trkpt>
   <trkpt lat="47.6197780" lon="7.5636420">
    <ele>240.6</ele>
    <time>2026-04-04T15:03:44Z</time>
   </trkpt>
   <trkpt lat="47.6197480" lon="7.5636460">
    <ele>240.6</ele>
    <time>2026-04-04T15:03:45Z</time>
   </trkpt>
   <trkpt lat="47.6197180" lon="7.5636520">
    <ele>240.6</ele>
    <time>2026-04-04T15:03:46Z</time>
   </trkpt>
   <trkpt lat="47.6196850" lon="7.5636570">
    <ele>240.6</ele>
    <time>2026-04-04T15:03:47Z</time>
   </trkpt>
   <trkpt lat="47.6196510" lon="7.5636640">
    <ele>240.6</ele>
    <time>2026-04-04T15:03:48Z</time>
   </trkpt>
   <trkpt lat="47.6196190" lon="7.5636720">
    <ele>240.6</ele>
    <time>2026-04-04T15:03:49Z</time>
   </trkpt>
   <trkpt lat="47.6195900" lon="7.5636790">
    <ele>240.7</ele>
    <time>2026-04-04T15:03:50Z</time>
   </trkpt>
   <trkpt lat="47.6195590" lon="7.5636860">
    <ele>240.7</ele>
    <time>2026-04-04T15:03:51Z</time>
   </trkpt>
   <trkpt lat="47.6195310" lon="7.5636950">
    <ele>240.7</ele>
    <time>2026-04-04T15:03:52Z</time>
   </trkpt>
   <trkpt lat="47.6194920" lon="7.5637050">
    <ele>240.7</ele>
    <time>2026-04-04T15:03:53Z</time>
   </trkpt>
   <trkpt lat="47.6194790" lon="7.5637080">
    <ele>240.7</ele>
    <time>2026-04-04T15:03:54Z</time>
   </trkpt>
   <trkpt lat="47.6194490" lon="7.5637170">
    <ele>240.7</ele>
    <time>2026-04-04T15:03:55Z</time>
   </trkpt>
   <trkpt lat="47.6194210" lon="7.5637230">
    <ele>240.7</ele>
    <time>2026-04-04T15:03:56Z</time>
   </trkpt>
   <trkpt lat="47.6193920" lon="7.5637320">
    <ele>240.8</ele>
    <time>2026-04-04T15:03:57Z</time>
   </trkpt>
   <trkpt lat="47.6193630" lon="7.5637470">
    <ele>240.8</ele>
    <time>2026-04-04T15:03:58Z</time>
   </trkpt>
   <trkpt lat="47.6193290" lon="7.5637590">
    <ele>240.8</ele>
    <time>2026-04-04T15:03:59Z</time>
   </trkpt>
   <trkpt lat="47.6192960" lon="7.5637680">
    <ele>240.8</ele>
    <time>2026-04-04T15:04:00Z</time>
   </trkpt>
   <trkpt lat="47.6192620" lon="7.5637770">
    <ele>240.8</ele>
    <time>2026-04-04T15:04:01Z</time>
   </trkpt>
   <trkpt lat="47.6192320" lon="7.5637890">
    <ele>240.8</ele>
    <time>2026-04-04T15:04:02Z</time>
   </trkpt>
   <trkpt lat="47.6191980" lon="7.5638030">
    <ele>240.9</ele>
    <time>2026-04-04T15:04:03Z</time>
   </trkpt>
   <trkpt lat="47.6191660" lon="7.5638180">
    <ele>240.9</ele>
    <time>2026-04-04T15:04:04Z</time>
   </trkpt>
   <trkpt lat="47.6191330" lon="7.5638310">
    <ele>240.9</ele>
    <time>2026-04-04T15:04:05Z</time>
   </trkpt>
   <trkpt lat="47.6190990" lon="7.5638430">
    <ele>241.0</ele>
    <time>2026-04-04T15:04:06Z</time>
   </trkpt>
   <trkpt lat="47.6190680" lon="7.5638600">
    <ele>241.1</ele>
    <time>2026-04-04T15:04:07Z</time>
   </trkpt>
   <trkpt lat="47.6190350" lon="7.5638750">
    <ele>241.2</ele>
    <time>2026-04-04T15:04:08Z</time>
   </trkpt>
   <trkpt lat="47.6190020" lon="7.5638970">
    <ele>241.3</ele>
    <time>2026-04-04T15:04:09Z</time>
   </trkpt>
   <trkpt lat="47.6189730" lon="7.5639210">
    <ele>241.5</ele>
    <time>2026-04-04T15:04:10Z</time>
   </trkpt>
   <trkpt lat="47.6189440" lon="7.5639430">
    <ele>241.6</ele>
    <time>2026-04-04T15:04:11Z</time>
   </trkpt>
   <trkpt lat="47.6189120" lon="7.5639640">
    <ele>241.8</ele>
    <time>2026-04-04T15:04:12Z</time>
   </trkpt>
   <trkpt lat="47.6188830" lon="7.5639810">
    <ele>241.9</ele>
    <time>2026-04-04T15:04:13Z</time>
   </trkpt>
   <trkpt lat="47.6188560" lon="7.5639960">
    <ele>242.0</ele>
    <time>2026-04-04T15:04:14Z</time>
   </trkpt>
   <trkpt lat="47.6188290" lon="7.5640130">
    <ele>242.2</ele>
    <time>2026-04-04T15:04:15Z</time>
   </trkpt>
   <trkpt lat="47.6188020" lon="7.5640220">
    <ele>242.2</ele>
    <time>2026-04-04T15:04:16Z</time>
   </trkpt>
   <trkpt lat="47.6187620" lon="7.5640340">
    <ele>242.3</ele>
    <time>2026-04-04T15:04:17Z</time>
   </trkpt>
   <trkpt lat="47.6187480" lon="7.5640390">
    <ele>242.4</ele>
    <time>2026-04-04T15:04:18Z</time>
   </trkpt>
   <trkpt lat="47.6187150" lon="7.5640490">
    <ele>242.4</ele>
    <time>2026-04-04T15:04:19Z</time>
   </trkpt>
   <trkpt lat="47.6186840" lon="7.5640660">
    <ele>242.5</ele>
    <time>2026-04-04T15:04:20Z</time>
   </trkpt>
   <trkpt lat="47.6186580" lon="7.5640860">
    <ele>242.5</ele>
    <time>2026-04-04T15:04:21Z</time>
   </trkpt>
   <trkpt lat="47.6186300" lon="7.5641040">
    <ele>242.5</ele>
    <time>2026-04-04T15:04:22Z</time>
   </trkpt>
   <trkpt lat="47.6186030" lon="7.5641250">
    <ele>242.5</ele>
    <time>2026-04-04T15:04:23Z</time>
   </trkpt>
   <trkpt lat="47.6185740" lon="7.5641490">
    <ele>242.6</ele>
    <time>2026-04-04T15:04:24Z</time>
   </trkpt>
   <trkpt lat="47.6185480" lon="7.5641720">
    <ele>242.6</ele>
    <time>2026-04-04T15:04:25Z</time>
   </trkpt>
   <trkpt lat="47.6185230" lon="7.5641970">
    <ele>242.6</ele>
    <time>2026-04-04T15:04:26Z</time>
   </trkpt>
   <trkpt lat="47.6184980" lon="7.5642230">
    <ele>242.6</ele>
    <time>2026-04-04T15:04:27Z</time>
   </trkpt>
   <trkpt lat="47.6184720" lon="7.5642510">
    <ele>242.6</ele>
    <time>2026-04-04T15:04:28Z</time>
   </trkpt>
   <trkpt lat="47.6184460" lon="7.5642830">
    <ele>242.6</ele>
    <time>2026-04-04T15:04:29Z</time>
   </trkpt>
   <trkpt lat="47.6184190" lon="7.5643170">
    <ele>242.6</ele>
    <time>2026-04-04T15:04:30Z</time>
   </trkpt>
   <trkpt lat="47.6183930" lon="7.5643530">
    <ele>242.5</ele>
    <time>2026-04-04T15:04:31Z</time>
   </trkpt>
   <trkpt lat="47.6183680" lon="7.5643900">
    <ele>242.5</ele>
    <time>2026-04-04T15:04:32Z</time>
   </trkpt>
   <trkpt lat="47.6183420" lon="7.5644280">
    <ele>242.5</ele>
    <time>2026-04-04T15:04:33Z</time>
   </trkpt>
   <trkpt lat="47.6183180" lon="7.5644700">
    <ele>242.5</ele>
    <time>2026-04-04T15:04:34Z</time>
   </trkpt>
   <trkpt lat="47.6182910" lon="7.5645090">
    <ele>242.4</ele>
    <time>2026-04-04T15:04:35Z</time>
   </trkpt>
   <trkpt lat="47.6182650" lon="7.5645450">
    <ele>242.4</ele>
    <time>2026-04-04T15:04:36Z</time>
   </trkpt>
   <trkpt lat="47.6182400" lon="7.5645810">
    <ele>242.4</ele>
    <time>2026-04-04T15:04:37Z</time>
   </trkpt>
   <trkpt lat="47.6182170" lon="7.5646200">
    <ele>242.4</ele>
    <time>2026-04-04T15:04:38Z</time>
   </trkpt>
   <trkpt lat="47.6181930" lon="7.5646570">
    <ele>242.3</ele>
    <time>2026-04-04T15:04:39Z</time>
   </trkpt>
   <trkpt lat="47.6181690" lon="7.5646960">
    <ele>242.3</ele>
    <time>2026-04-04T15:04:40Z</time>
   </trkpt>
   <trkpt lat="47.6181440" lon="7.5647360">
    <ele>242.3</ele>
    <time>2026-04-04T15:04:41Z</time>
   </trkpt>
   <trkpt lat="47.6181190" lon="7.5647750">
    <ele>242.3</ele>
    <time>2026-04-04T15:04:42Z</time>
   </trkpt>
   <trkpt lat="47.6180940" lon="7.5648150">
    <ele>242.2</ele>
    <time>2026-04-04T15:04:43Z</time>
   </trkpt>
   <trkpt lat="47.6180690" lon="7.5648550">
    <ele>242.2</ele>
    <time>2026-04-04T15:04:44Z</time>
   </trkpt>
   <trkpt lat="47.6180450" lon="7.5648990">
    <ele>242.2</ele>
    <time>2026-04-04T15:04:45Z</time>
   </trkpt>
   <trkpt lat="47.6180190" lon="7.5649420">
    <ele>242.2</ele>
    <time>2026-04-04T15:04:46Z</time>
   </trkpt>
   <trkpt lat="47.6179930" lon="7.5649840">
    <ele>242.1</ele>
    <time>2026-04-04T15:04:47Z</time>
   </trkpt>
   <trkpt lat="47.6179690" lon="7.5650270">
    <ele>242.1</ele>
    <time>2026-04-04T15:04:48Z</time>
   </trkpt>
   <trkpt lat="47.6179460" lon="7.5650700">
    <ele>242.1</ele>
    <time>2026-04-04T15:04:49Z</time>
   </trkpt>
   <trkpt lat="47.6179240" lon="7.5651100">
    <ele>242.1</ele>
    <time>2026-04-04T15:04:50Z</time>
   </trkpt>
   <trkpt lat="47.6179030" lon="7.5651500">
    <ele>242.1</ele>
    <time>2026-04-04T15:04:51Z</time>
   </trkpt>
   <trkpt lat="47.6178800" lon="7.5651900">
    <ele>242.1</ele>
    <time>2026-04-04T15:04:52Z</time>
   </trkpt>
   <trkpt lat="47.6178590" lon="7.5652320">
    <ele>242.1</ele>
    <time>2026-04-04T15:04:53Z</time>
   </trkpt>
   <trkpt lat="47.6178380" lon="7.5652710">
    <ele>242.1</ele>
    <time>2026-04-04T15:04:54Z</time>
   </trkpt>
   <trkpt lat="47.6178160" lon="7.5653110">
    <ele>242.1</ele>
    <time>2026-04-04T15:04:55Z</time>
   </trkpt>
   <trkpt lat="47.6177960" lon="7.5653520">
    <ele>242.1</ele>
    <time>2026-04-04T15:04:56Z</time>
   </trkpt>
   <trkpt lat="47.6177730" lon="7.5653900">
    <ele>242.1</ele>
    <time>2026-04-04T15:04:57Z</time>
   </trkpt>
   <trkpt lat="47.6177510" lon="7.5654280">
    <ele>242.1</ele>
    <time>2026-04-04T15:04:58Z</time>
   </trkpt>
   <trkpt lat="47.6177270" lon="7.5654660">
    <ele>242.1</ele>
    <time>2026-04-04T15:04:59Z</time>
   </trkpt>
   <trkpt lat="47.6177050" lon="7.5655050">
    <ele>242.2</ele>
    <time>2026-04-04T15:05:00Z</time>
   </trkpt>
   <trkpt lat="47.6176830" lon="7.5655430">
    <ele>242.2</ele>
    <time>2026-04-04T15:05:01Z</time>
   </trkpt>
   <trkpt lat="47.6176620" lon="7.5655820">
    <ele>242.2</ele>
    <time>2026-04-04T15:05:02Z</time>
   </trkpt>
   <trkpt lat="47.6176420" lon="7.5656190">
    <ele>242.2</ele>
    <time>2026-04-04T15:05:03Z</time>
   </trkpt>
   <trkpt lat="47.6176220" lon="7.5656570">
    <ele>242.2</ele>
    <time>2026-04-04T15:05:04Z</time>
   </trkpt>
   <trkpt lat="47.6175990" lon="7.5656970">
    <ele>242.2</ele>
    <time>2026-04-04T15:05:05Z</time>
   </trkpt>
   <trkpt lat="47.6175770" lon="7.5657360">
    <ele>242.2</ele>
    <time>2026-04-04T15:05:06Z</time>
   </trkpt>
   <trkpt lat="47.6175540" lon="7.5657780">
    <ele>242.1</ele>
    <time>2026-04-04T15:05:07Z</time>
   </trkpt>
   <trkpt lat="47.6175300" lon="7.5658180">
    <ele>242.1</ele>
    <time>2026-04-04T15:05:08Z</time>
   </trkpt>
   <trkpt lat="47.6175070" lon="7.5658580">
    <ele>242.1</ele>
    <time>2026-04-04T15:05:09Z</time>
   </trkpt>
   <trkpt lat="47.6174830" lon="7.5658990">
    <ele>242.1</ele>
    <time>2026-04-04T15:05:10Z</time>
   </trkpt>
   <trkpt lat="47.6174600" lon="7.5659390">
    <ele>242.1</ele>
    <time>2026-04-04T15:05:11Z</time>
   </trkpt>
   <trkpt lat="47.6174360" lon="7.5659800">
    <ele>242.1</ele>
    <time>2026-04-04T15:05:12Z</time>
   </trkpt>
   <trkpt lat="47.6174120" lon="7.5660240">
    <ele>242.1</ele>
    <time>2026-04-04T15:05:13Z</time>
   </trkpt>
   <trkpt lat="47.6173880" lon="7.5660680">
    <ele>242.2</ele>
    <time>2026-04-04T15:05:14Z</time>
   </trkpt>
   <trkpt lat="47.6173650" lon="7.5661120">
    <ele>242.2</ele>
    <time>2026-04-04T15:05:15Z</time>
   </trkpt>
   <trkpt lat="47.6173420" lon="7.5661530">
    <ele>242.2</ele>
    <time>2026-04-04T15:05:16Z</time>
   </trkpt>
   <trkpt lat="47.6173200" lon="7.5661910">
    <ele>242.3</ele>
    <time>2026-04-04T15:05:17Z</time>
   </trkpt>
   <trkpt lat="47.6173000" lon="7.5662310">
    <ele>242.4</ele>
    <time>2026-04-04T15:05:18Z</time>
   </trkpt>
   <trkpt lat="47.6172810" lon="7.5662670">
    <ele>242.4</ele>
    <time>2026-04-04T15:05:19Z</time>
   </trkpt>
   <trkpt lat="47.6172610" lon="7.5663030">
    <ele>242.5</ele>
    <time>2026-04-04T15:05:20Z</time>
   </trkpt>
   <trkpt lat="47.6172420" lon="7.5663410">
    <ele>242.6</ele>
    <time>2026-04-04T15:05:21Z</time>
   </trkpt>
   <trkpt lat="47.6172240" lon="7.5663770">
    <ele>242.6</ele>
    <time>2026-04-04T15:05:22Z</time>
   </trkpt>
   <trkpt lat="47.6172050" lon="7.5664120">
    <ele>242.6</ele>
    <time>2026-04-04T15:05:23Z</time>
   </trkpt>
   <trkpt lat="47.6171880" lon="7.5664430">
    <ele>242.7</ele>
    <time>2026-04-04T15:05:24Z</time>
   </trkpt>
   <trkpt lat="47.6171670" lon="7.5664910">
    <ele>242.6</ele>
    <time>2026-04-04T15:05:25Z</time>
   </trkpt>
   <trkpt lat="47.6171600" lon="7.5665080">
    <ele>242.6</ele>
    <time>2026-04-04T15:05:26Z</time>
   </trkpt>
   <trkpt lat="47.6171360" lon="7.5665530">
    <ele>242.6</ele>
    <time>2026-04-04T15:05:27Z</time>
   </trkpt>
   <trkpt lat="47.6171270" lon="7.5665670">
    <ele>242.6</ele>
    <time>2026-04-04T15:05:28Z</time>
   </trkpt>
   <trkpt lat="47.6171080" lon="7.5665990">
    <ele>242.5</ele>
    <time>2026-04-04T15:05:29Z</time>
   </trkpt>
   <trkpt lat="47.6170870" lon="7.5666310">
    <ele>242.5</ele>
    <time>2026-04-04T15:05:30Z</time>
   </trkpt>
   <trkpt lat="47.6170640" lon="7.5666690">
    <ele>242.4</ele>
    <time>2026-04-04T15:05:31Z</time>
   </trkpt>
   <trkpt lat="47.6170410" lon="7.5667110">
    <ele>242.3</ele>
    <time>2026-04-04T15:05:32Z</time>
   </trkpt>
   <trkpt lat="47.6170160" lon="7.5667540">
    <ele>242.3</ele>
    <time>2026-04-04T15:05:33Z</time>
   </trkpt>
   <trkpt lat="47.6169910" lon="7.5667980">
    <ele>242.2</ele>
    <time>2026-04-04T15:05:34Z</time>
   </trkpt>
   <trkpt lat="47.6169670" lon="7.5668410">
    <ele>242.2</ele>
    <time>2026-04-04T15:05:35Z</time>
   </trkpt>
   <trkpt lat="47.6169470" lon="7.5668870">
    <ele>242.2</ele>
    <time>2026-04-04T15:05:36Z</time>
   </trkpt>
   <trkpt lat="47.6169330" lon="7.5669280">
    <ele>242.2</ele>
    <time>2026-04-04T15:05:37Z</time>
   </trkpt>
   <trkpt lat="47.6169190" lon="7.5669690">
    <ele>242.3</ele>
    <time>2026-04-04T15:05:38Z</time>
   </trkpt>
   <trkpt lat="47.6169040" lon="7.5670050">
    <ele>242.3</ele>
    <time>2026-04-04T15:05:39Z</time>
   </trkpt>
   <trkpt lat="47.6168820" lon="7.5670420">
    <ele>242.4</ele>
    <time>2026-04-04T15:05:40Z</time>
   </trkpt>
   <trkpt lat="47.6168730" lon="7.5670540">
    <ele>242.4</ele>
    <time>2026-04-04T15:05:41Z</time>
   </trkpt>
   <trkpt lat="47.6168490" lon="7.5670780">
    <ele>242.4</ele>
    <time>2026-04-04T15:05:42Z</time>
   </trkpt>
   <trkpt lat="47.6168240" lon="7.5671080">
    <ele>242.4</ele>
    <time>2026-04-04T15:05:43Z</time>
   </trkpt>
   <trkpt lat="47.6167980" lon="7.5671420">
    <ele>242.4</ele>
    <time>2026-04-04T15:05:44Z</time>
   </trkpt>
   <trkpt lat="47.6167750" lon="7.5671790">
    <ele>242.4</ele>
    <time>2026-04-04T15:05:45Z</time>
   </trkpt>
   <trkpt lat="47.6167520" lon="7.5672160">
    <ele>242.4</ele>
    <time>2026-04-04T15:05:46Z</time>
   </trkpt>
   <trkpt lat="47.6167290" lon="7.5672570">
    <ele>242.4</ele>
    <time>2026-04-04T15:05:47Z</time>
   </trkpt>
   <trkpt lat="47.6167060" lon="7.5672990">
    <ele>242.4</ele>
    <time>2026-04-04T15:05:48Z</time>
   </trkpt>
   <trkpt lat="47.6166830" lon="7.5673410">
    <ele>242.4</ele>
    <time>2026-04-04T15:05:49Z</time>
   </trkpt>
   <trkpt lat="47.6166610" lon="7.5673810">
    <ele>242.4</ele>
    <time>2026-04-04T15:05:50Z</time>
   </trkpt>
   <trkpt lat="47.6166400" lon="7.5674170">
    <ele>242.4</ele>
    <time>2026-04-04T15:05:51Z</time>
   </trkpt>
   <trkpt lat="47.6166180" lon="7.5674560">
    <ele>242.5</ele>
    <time>2026-04-04T15:05:52Z</time>
   </trkpt>
   <trkpt lat="47.6165970" lon="7.5674930">
    <ele>242.5</ele>
    <time>2026-04-04T15:05:53Z</time>
   </trkpt>
   <trkpt lat="47.6165770" lon="7.5675320">
    <ele>242.5</ele>
    <time>2026-04-04T15:05:54Z</time>
   </trkpt>
   <trkpt lat="47.6165560" lon="7.5675720">
    <ele>242.5</ele>
    <time>2026-04-04T15:05:55Z</time>
   </trkpt>
   <trkpt lat="47.6165360" lon="7.5676120">
    <ele>242.5</ele>
    <time>2026-04-04T15:05:56Z</time>
   </trkpt>
   <trkpt lat="47.6165140" lon="7.5676510">
    <ele>242.5</ele>
    <time>2026-04-04T15:05:57Z</time>
   </trkpt>
   <trkpt lat="47.6164930" lon="7.5676900">
    <ele>242.5</ele>
    <time>2026-04-04T15:05:58Z</time>
   </trkpt>
   <trkpt lat="47.6164700" lon="7.5677290">
    <ele>242.5</ele>
    <time>2026-04-04T15:05:59Z</time>
   </trkpt>
   <trkpt lat="47.6164470" lon="7.5677690">
    <ele>242.5</ele>
    <time>2026-04-04T15:06:00Z</time>
   </trkpt>
   <trkpt lat="47.6164230" lon="7.5678090">
    <ele>242.6</ele>
    <time>2026-04-04T15:06:01Z</time>
   </trkpt>
   <trkpt lat="47.6164000" lon="7.5678480">
    <ele>242.6</ele>
    <time>2026-04-04T15:06:02Z</time>
   </trkpt>
   <trkpt lat="47.6163780" lon="7.5678860">
    <ele>242.6</ele>
    <time>2026-04-04T15:06:03Z</time>
   </trkpt>
   <trkpt lat="47.6163560" lon="7.5679220">
    <ele>242.7</ele>
    <time>2026-04-04T15:06:04Z</time>
   </trkpt>
   <trkpt lat="47.6163340" lon="7.5679590">
    <ele>242.8</ele>
    <time>2026-04-04T15:06:05Z</time>
   </trkpt>
   <trkpt lat="47.6163130" lon="7.5679960">
    <ele>242.8</ele>
    <time>2026-04-04T15:06:06Z</time>
   </trkpt>
   <trkpt lat="47.6162950" lon="7.5680270">
    <ele>242.9</ele>
    <time>2026-04-04T15:06:07Z</time>
   </trkpt>
   <trkpt lat="47.6162770" lon="7.5680580">
    <ele>243.0</ele>
    <time>2026-04-04T15:06:08Z</time>
   </trkpt>
   <trkpt lat="47.6162530" lon="7.5681040">
    <ele>243.1</ele>
    <time>2026-04-04T15:06:09Z</time>
   </trkpt>
   <trkpt lat="47.6162440" lon="7.5681180">
    <ele>243.1</ele>
    <time>2026-04-04T15:06:10Z</time>
   </trkpt>
   <trkpt lat="47.6162190" lon="7.5681630">
    <ele>243.2</ele>
    <time>2026-04-04T15:06:11Z</time>
   </trkpt>
   <trkpt lat="47.6162100" lon="7.5681780">
    <ele>243.2</ele>
    <time>2026-04-04T15:06:12Z</time>
   </trkpt>
   <trkpt lat="47.6161840" lon="7.5682210">
    <ele>243.3</ele>
    <time>2026-04-04T15:06:13Z</time>
   </trkpt>
   <trkpt lat="47.6161750" lon="7.5682360">
    <ele>243.3</ele>
    <time>2026-04-04T15:06:14Z</time>
   </trkpt>
   <trkpt lat="47.6161560" lon="7.5682700">
    <ele>243.4</ele>
    <time>2026-04-04T15:06:15Z</time>
   </trkpt>
   <trkpt lat="47.6161340" lon="7.5683050">
    <ele>243.4</ele>
    <time>2026-04-04T15:06:16Z</time>
   </trkpt>
   <trkpt lat="47.6161090" lon="7.5683370">
    <ele>243.4</ele>
    <time>2026-04-04T15:06:17Z</time>
   </trkpt>
   <trkpt lat="47.6160850" lon="7.5683710">
    <ele>243.5</ele>
    <time>2026-04-04T15:06:18Z</time>
   </trkpt>
   <trkpt lat="47.6160620" lon="7.5684070">
    <ele>243.5</ele>
    <time>2026-04-04T15:06:19Z</time>
   </trkpt>
   <trkpt lat="47.6160380" lon="7.5684480">
    <ele>243.5</ele>
    <time>2026-04-04T15:06:20Z</time>
   </trkpt>
   <trkpt lat="47.6160150" lon="7.5684860">
    <ele>243.5</ele>
    <time>2026-04-04T15:06:21Z</time>
   </trkpt>
   <trkpt lat="47.6159940" lon="7.5685270">
    <ele>243.5</ele>
    <time>2026-04-04T15:06:22Z</time>
   </trkpt>
   <trkpt lat="47.6159730" lon="7.5685640">
    <ele>243.4</ele>
    <time>2026-04-04T15:06:23Z</time>
   </trkpt>
   <trkpt lat="47.6159510" lon="7.5686040">
    <ele>243.4</ele>
    <time>2026-04-04T15:06:24Z</time>
   </trkpt>
   <trkpt lat="47.6159290" lon="7.5686440">
    <ele>243.4</ele>
    <time>2026-04-04T15:06:25Z</time>
   </trkpt>
   <trkpt lat="47.6159090" lon="7.5686850">
    <ele>243.4</ele>
    <time>2026-04-04T15:06:26Z</time>
   </trkpt>
   <trkpt lat="47.6158850" lon="7.5687320">
    <ele>243.3</ele>
    <time>2026-04-04T15:06:27Z</time>
   </trkpt>
   <trkpt lat="47.6158600" lon="7.5687770">
    <ele>243.3</ele>
    <time>2026-04-04T15:06:28Z</time>
   </trkpt>
   <trkpt lat="47.6158360" lon="7.5688200">
    <ele>243.3</ele>
    <time>2026-04-04T15:06:29Z</time>
   </trkpt>
   <trkpt lat="47.6158140" lon="7.5688630">
    <ele>243.2</ele>
    <time>2026-04-04T15:06:30Z</time>
   </trkpt>
   <trkpt lat="47.6157890" lon="7.5688970">
    <ele>243.2</ele>
    <time>2026-04-04T15:06:31Z</time>
   </trkpt>
   <trkpt lat="47.6157640" lon="7.5689340">
    <ele>243.2</ele>
    <time>2026-04-04T15:06:32Z</time>
   </trkpt>
   <trkpt lat="47.6157360" lon="7.5689730">
    <ele>243.2</ele>
    <time>2026-04-04T15:06:33Z</time>
   </trkpt>
   <trkpt lat="47.6157120" lon="7.5690100">
    <ele>243.2</ele>
    <time>2026-04-04T15:06:34Z</time>
   </trkpt>
   <trkpt lat="47.6156890" lon="7.5690490">
    <ele>243.2</ele>
    <time>2026-04-04T15:06:35Z</time>
   </trkpt>
   <trkpt lat="47.6156650" lon="7.5690890">
    <ele>243.2</ele>
    <time>2026-04-04T15:06:36Z</time>
   </trkpt>
   <trkpt lat="47.6156420" lon="7.5691280">
    <ele>243.2</ele>
    <time>2026-04-04T15:06:37Z</time>
   </trkpt>
   <trkpt lat="47.6156210" lon="7.5691640">
    <ele>243.2</ele>
    <time>2026-04-04T15:06:38Z</time>
   </trkpt>
   <trkpt lat="47.6155980" lon="7.5692010">
    <ele>243.2</ele>
    <time>2026-04-04T15:06:39Z</time>
   </trkpt>
   <trkpt lat="47.6155740" lon="7.5692440">
    <ele>243.2</ele>
    <time>2026-04-04T15:06:40Z</time>
   </trkpt>
   <trkpt lat="47.6155510" lon="7.5692860">
    <ele>243.2</ele>
    <time>2026-04-04T15:06:41Z</time>
   </trkpt>
   <trkpt lat="47.6155270" lon="7.5693320">
    <ele>243.3</ele>
    <time>2026-04-04T15:06:42Z</time>
   </trkpt>
   <trkpt lat="47.6155040" lon="7.5693730">
    <ele>243.3</ele>
    <time>2026-04-04T15:06:43Z</time>
   </trkpt>
   <trkpt lat="47.6154810" lon="7.5694140">
    <ele>243.3</ele>
    <time>2026-04-04T15:06:44Z</time>
   </trkpt>
   <trkpt lat="47.6154570" lon="7.5694540">
    <ele>243.3</ele>
    <time>2026-04-04T15:06:45Z</time>
   </trkpt>
   <trkpt lat="47.6154360" lon="7.5694910">
    <ele>243.3</ele>
    <time>2026-04-04T15:06:46Z</time>
   </trkpt>
   <trkpt lat="47.6154170" lon="7.5695290">
    <ele>243.4</ele>
    <time>2026-04-04T15:06:47Z</time>
   </trkpt>
   <trkpt lat="47.6153970" lon="7.5695630">
    <ele>243.4</ele>
    <time>2026-04-04T15:06:48Z</time>
   </trkpt>
   <trkpt lat="47.6153780" lon="7.5695990">
    <ele>243.4</ele>
    <time>2026-04-04T15:06:49Z</time>
   </trkpt>
   <trkpt lat="47.6153590" lon="7.5696330">
    <ele>243.4</ele>
    <time>2026-04-04T15:06:50Z</time>
   </trkpt>
   <trkpt lat="47.6153410" lon="7.5696690">
    <ele>243.4</ele>
    <time>2026-04-04T15:06:51Z</time>
   </trkpt>
   <trkpt lat="47.6153160" lon="7.5697170">
    <ele>243.4</ele>
    <time>2026-04-04T15:06:52Z</time>
   </trkpt>
   <trkpt lat="47.6153060" lon="7.5697350">
    <ele>243.4</ele>
    <time>2026-04-04T15:06:53Z</time>
   </trkpt>
   <trkpt lat="47.6152830" lon="7.5697730">
    <ele>243.4</ele>
    <time>2026-04-04T15:06:54Z</time>
   </trkpt>
   <trkpt lat="47.6152600" lon="7.5698140">
    <ele>243.4</ele>
    <time>2026-04-04T15:06:55Z</time>
   </trkpt>
   <trkpt lat="47.6152360" lon="7.5698540">
    <ele>243.4</ele>
    <time>2026-04-04T15:06:56Z</time>
   </trkpt>
   <trkpt lat="47.6152110" lon="7.5698960">
    <ele>243.4</ele>
    <time>2026-04-04T15:06:57Z</time>
   </trkpt>
   <trkpt lat="47.6151870" lon="7.5699360">
    <ele>243.5</ele>
    <time>2026-04-04T15:06:58Z</time>
   </trkpt>
   <trkpt lat="47.6151660" lon="7.5699750">
    <ele>243.5</ele>
    <time>2026-04-04T15:06:59Z</time>
   </trkpt>
   <trkpt lat="47.6151460" lon="7.5700120">
    <ele>243.5</ele>
    <time>2026-04-04T15:07:00Z</time>
   </trkpt>
   <trkpt lat="47.6151240" lon="7.5700500">
    <ele>243.5</ele>
    <time>2026-04-04T15:07:01Z</time>
   </trkpt>
   <trkpt lat="47.6151030" lon="7.5700870">
    <ele>243.6</ele>
    <time>2026-04-04T15:07:02Z</time>
   </trkpt>
   <trkpt lat="47.6150820" lon="7.5701260">
    <ele>243.6</ele>
    <time>2026-04-04T15:07:03Z</time>
   </trkpt>
   <trkpt lat="47.6150620" lon="7.5701650">
    <ele>243.6</ele>
    <time>2026-04-04T15:07:04Z</time>
   </trkpt>
   <trkpt lat="47.6150430" lon="7.5702050">
    <ele>243.6</ele>
    <time>2026-04-04T15:07:05Z</time>
   </trkpt>
   <trkpt lat="47.6150230" lon="7.5702470">
    <ele>243.6</ele>
    <time>2026-04-04T15:07:06Z</time>
   </trkpt>
   <trkpt lat="47.6150030" lon="7.5702880">
    <ele>243.6</ele>
    <time>2026-04-04T15:07:07Z</time>
   </trkpt>
   <trkpt lat="47.6149830" lon="7.5703270">
    <ele>243.6</ele>
    <time>2026-04-04T15:07:08Z</time>
   </trkpt>
   <trkpt lat="47.6149610" lon="7.5703640">
    <ele>243.6</ele>
    <time>2026-04-04T15:07:09Z</time>
   </trkpt>
   <trkpt lat="47.6149360" lon="7.5704050">
    <ele>243.6</ele>
    <time>2026-04-04T15:07:10Z</time>
   </trkpt>
   <trkpt lat="47.6149120" lon="7.5704450">
    <ele>243.6</ele>
    <time>2026-04-04T15:07:11Z</time>
   </trkpt>
   <trkpt lat="47.6148880" lon="7.5704850">
    <ele>243.6</ele>
    <time>2026-04-04T15:07:12Z</time>
   </trkpt>
   <trkpt lat="47.6148660" lon="7.5705270">
    <ele>243.6</ele>
    <time>2026-04-04T15:07:13Z</time>
   </trkpt>
   <trkpt lat="47.6148420" lon="7.5705720">
    <ele>243.5</ele>
    <time>2026-04-04T15:07:14Z</time>
   </trkpt>
   <trkpt lat="47.6148180" lon="7.5706130">
    <ele>243.5</ele>
    <time>2026-04-04T15:07:15Z</time>
   </trkpt>
   <trkpt lat="47.6147970" lon="7.5706500">
    <ele>243.5</ele>
    <time>2026-04-04T15:07:16Z</time>
   </trkpt>
   <trkpt lat="47.6147800" lon="7.5706830">
    <ele>243.5</ele>
    <time>2026-04-04T15:07:17Z</time>
   </trkpt>
   <trkpt lat="47.6147630" lon="7.5707200">
    <ele>243.5</ele>
    <time>2026-04-04T15:07:18Z</time>
   </trkpt>
   <trkpt lat="47.6147430" lon="7.5707570">
    <ele>243.5</ele>
    <time>2026-04-04T15:07:19Z</time>
   </trkpt>
   <trkpt lat="47.6147220" lon="7.5707950">
    <ele>243.5</ele>
    <time>2026-04-04T15:07:20Z</time>
   </trkpt>
   <trkpt lat="47.6146990" lon="7.5708370">
    <ele>243.5</ele>
    <time>2026-04-04T15:07:21Z</time>
   </trkpt>
   <trkpt lat="47.6146770" lon="7.5708800">
    <ele>243.4</ele>
    <time>2026-04-04T15:07:22Z</time>
   </trkpt>
   <trkpt lat="47.6146560" lon="7.5709240">
    <ele>243.4</ele>
    <time>2026-04-04T15:07:23Z</time>
   </trkpt>
   <trkpt lat="47.6146360" lon="7.5709670">
    <ele>243.4</ele>
    <time>2026-04-04T15:07:24Z</time>
   </trkpt>
   <trkpt lat="47.6146140" lon="7.5710100">
    <ele>243.4</ele>
    <time>2026-04-04T15:07:25Z</time>
   </trkpt>
   <trkpt lat="47.6145920" lon="7.5710520">
    <ele>243.4</ele>
    <time>2026-04-04T15:07:26Z</time>
   </trkpt>
   <trkpt lat="47.6145700" lon="7.5710920">
    <ele>243.4</ele>
    <time>2026-04-04T15:07:27Z</time>
   </trkpt>
   <trkpt lat="47.6145490" lon="7.5711320">
    <ele>243.3</ele>
    <time>2026-04-04T15:07:28Z</time>
   </trkpt>
   <trkpt lat="47.6145290" lon="7.5711720">
    <ele>243.3</ele>
    <time>2026-04-04T15:07:29Z</time>
   </trkpt>
   <trkpt lat="47.6145070" lon="7.5712140">
    <ele>243.3</ele>
    <time>2026-04-04T15:07:30Z</time>
   </trkpt>
   <trkpt lat="47.6144870" lon="7.5712540">
    <ele>243.3</ele>
    <time>2026-04-04T15:07:31Z</time>
   </trkpt>
   <trkpt lat="47.6144640" lon="7.5712970">
    <ele>243.3</ele>
    <time>2026-04-04T15:07:32Z</time>
   </trkpt>
   <trkpt lat="47.6144410" lon="7.5713390">
    <ele>243.2</ele>
    <time>2026-04-04T15:07:33Z</time>
   </trkpt>
   <trkpt lat="47.6144190" lon="7.5713810">
    <ele>243.2</ele>
    <time>2026-04-04T15:07:34Z</time>
   </trkpt>
   <trkpt lat="47.6143980" lon="7.5714200">
    <ele>243.2</ele>
    <time>2026-04-04T15:07:35Z</time>
   </trkpt>
   <trkpt lat="47.6143750" lon="7.5714610">
    <ele>243.2</ele>
    <time>2026-04-04T15:07:36Z</time>
   </trkpt>
   <trkpt lat="47.6143540" lon="7.5715000">
    <ele>243.2</ele>
    <time>2026-04-04T15:07:37Z</time>
   </trkpt>
   <trkpt lat="47.6143290" lon="7.5715400">
    <ele>243.1</ele>
    <time>2026-04-04T15:07:38Z</time>
   </trkpt>
   <trkpt lat="47.6143050" lon="7.5715810">
    <ele>243.1</ele>
    <time>2026-04-04T15:07:39Z</time>
   </trkpt>
   <trkpt lat="47.6142800" lon="7.5716200">
    <ele>243.1</ele>
    <time>2026-04-04T15:07:40Z</time>
   </trkpt>
   <trkpt lat="47.6142590" lon="7.5716600">
    <ele>243.1</ele>
    <time>2026-04-04T15:07:41Z</time>
   </trkpt>
   <trkpt lat="47.6142360" lon="7.5717030">
    <ele>243.1</ele>
    <time>2026-04-04T15:07:42Z</time>
   </trkpt>
   <trkpt lat="47.6142150" lon="7.5717470">
    <ele>243.1</ele>
    <time>2026-04-04T15:07:43Z</time>
   </trkpt>
   <trkpt lat="47.6141950" lon="7.5717920">
    <ele>243.1</ele>
    <time>2026-04-04T15:07:44Z</time>
   </trkpt>
   <trkpt lat="47.6141760" lon="7.5718340">
    <ele>243.1</ele>
    <time>2026-04-04T15:07:45Z</time>
   </trkpt>
   <trkpt lat="47.6141570" lon="7.5718700">
    <ele>243.1</ele>
    <time>2026-04-04T15:07:46Z</time>
   </trkpt>
   <trkpt lat="47.6141350" lon="7.5719080">
    <ele>243.1</ele>
    <time>2026-04-04T15:07:47Z</time>
   </trkpt>
   <trkpt lat="47.6141140" lon="7.5719490">
    <ele>243.0</ele>
    <time>2026-04-04T15:07:48Z</time>
   </trkpt>
   <trkpt lat="47.6140950" lon="7.5719920">
    <ele>243.0</ele>
    <time>2026-04-04T15:07:49Z</time>
   </trkpt>
   <trkpt lat="47.6140760" lon="7.5720340">
    <ele>243.0</ele>
    <time>2026-04-04T15:07:50Z</time>
   </trkpt>
   <trkpt lat="47.6140550" lon="7.5720780">
    <ele>243.0</ele>
    <time>2026-04-04T15:07:51Z</time>
   </trkpt>
   <trkpt lat="47.6140350" lon="7.5721190">
    <ele>243.0</ele>
    <time>2026-04-04T15:07:52Z</time>
   </trkpt>
   <trkpt lat="47.6140170" lon="7.5721590">
    <ele>243.0</ele>
    <time>2026-04-04T15:07:53Z</time>
   </trkpt>
   <trkpt lat="47.6139970" lon="7.5722040">
    <ele>243.0</ele>
    <time>2026-04-04T15:07:54Z</time>
   </trkpt>
   <trkpt lat="47.6139750" lon="7.5722520">
    <ele>243.0</ele>
    <time>2026-04-04T15:07:55Z</time>
   </trkpt>
   <trkpt lat="47.6139530" lon="7.5722960">
    <ele>243.1</ele>
    <time>2026-04-04T15:07:56Z</time>
   </trkpt>
   <trkpt lat="47.6139310" lon="7.5723380">
    <ele>243.1</ele>
    <time>2026-04-04T15:07:57Z</time>
   </trkpt>
   <trkpt lat="47.6139080" lon="7.5723790">
    <ele>243.1</ele>
    <time>2026-04-04T15:07:58Z</time>
   </trkpt>
   <trkpt lat="47.6138850" lon="7.5724180">
    <ele>243.1</ele>
    <time>2026-04-04T15:07:59Z</time>
   </trkpt>
   <trkpt lat="47.6138640" lon="7.5724620">
    <ele>243.1</ele>
    <time>2026-04-04T15:08:00Z</time>
   </trkpt>
   <trkpt lat="47.6138400" lon="7.5724980">
    <ele>243.1</ele>
    <time>2026-04-04T15:08:01Z</time>
   </trkpt>
   <trkpt lat="47.6138170" lon="7.5725390">
    <ele>243.2</ele>
    <time>2026-04-04T15:08:02Z</time>
   </trkpt>
   <trkpt lat="47.6137940" lon="7.5725760">
    <ele>243.2</ele>
    <time>2026-04-04T15:08:03Z</time>
   </trkpt>
   <trkpt lat="47.6137690" lon="7.5726190">
    <ele>243.2</ele>
    <time>2026-04-04T15:08:04Z</time>
   </trkpt>
   <trkpt lat="47.6137470" lon="7.5726610">
    <ele>243.2</ele>
    <time>2026-04-04T15:08:05Z</time>
   </trkpt>
   <trkpt lat="47.6137250" lon="7.5727030">
    <ele>243.2</ele>
    <time>2026-04-04T15:08:06Z</time>
   </trkpt>
   <trkpt lat="47.6137030" lon="7.5727410">
    <ele>243.2</ele>
    <time>2026-04-04T15:08:07Z</time>
   </trkpt>
   <trkpt lat="47.6136810" lon="7.5727770">
    <ele>243.3</ele>
    <time>2026-04-04T15:08:08Z</time>
   </trkpt>
   <trkpt lat="47.6136590" lon="7.5728140">
    <ele>243.3</ele>
    <time>2026-04-04T15:08:09Z</time>
   </trkpt>
   <trkpt lat="47.6136370" lon="7.5728550">
    <ele>243.3</ele>
    <time>2026-04-04T15:08:10Z</time>
   </trkpt>
   <trkpt lat="47.6136170" lon="7.5728960">
    <ele>243.3</ele>
    <time>2026-04-04T15:08:11Z</time>
   </trkpt>
   <trkpt lat="47.6135960" lon="7.5729380">
    <ele>243.3</ele>
    <time>2026-04-04T15:08:12Z</time>
   </trkpt>
   <trkpt lat="47.6135760" lon="7.5729810">
    <ele>243.3</ele>
    <time>2026-04-04T15:08:13Z</time>
   </trkpt>
   <trkpt lat="47.6135550" lon="7.5730230">
    <ele>243.4</ele>
    <time>2026-04-04T15:08:14Z</time>
   </trkpt>
   <trkpt lat="47.6135350" lon="7.5730640">
    <ele>243.4</ele>
    <time>2026-04-04T15:08:15Z</time>
   </trkpt>
   <trkpt lat="47.6135140" lon="7.5731090">
    <ele>243.4</ele>
    <time>2026-04-04T15:08:16Z</time>
   </trkpt>
   <trkpt lat="47.6134900" lon="7.5731570">
    <ele>243.4</ele>
    <time>2026-04-04T15:08:17Z</time>
   </trkpt>
   <trkpt lat="47.6134660" lon="7.5732040">
    <ele>243.4</ele>
    <time>2026-04-04T15:08:18Z</time>
   </trkpt>
   <trkpt lat="47.6134420" lon="7.5732500">
    <ele>243.4</ele>
    <time>2026-04-04T15:08:19Z</time>
   </trkpt>
   <trkpt lat="47.6134210" lon="7.5732900">
    <ele>243.4</ele>
    <time>2026-04-04T15:08:20Z</time>
   </trkpt>
   <trkpt lat="47.6134000" lon="7.5733300">
    <ele>243.5</ele>
    <time>2026-04-04T15:08:21Z</time>
   </trkpt>
   <trkpt lat="47.6133810" lon="7.5733730">
    <ele>243.5</ele>
    <time>2026-04-04T15:08:22Z</time>
   </trkpt>
   <trkpt lat="47.6133610" lon="7.5734130">
    <ele>243.5</ele>
    <time>2026-04-04T15:08:23Z</time>
   </trkpt>
   <trkpt lat="47.6133400" lon="7.5734550">
    <ele>243.6</ele>
    <time>2026-04-04T15:08:24Z</time>
   </trkpt>
   <trkpt lat="47.6133210" lon="7.5734960">
    <ele>243.6</ele>
    <time>2026-04-04T15:08:25Z</time>
   </trkpt>
   <trkpt lat="47.6133040" lon="7.5735410">
    <ele>243.6</ele>
    <time>2026-04-04T15:08:26Z</time>
   </trkpt>
   <trkpt lat="47.6132870" lon="7.5735870">
    <ele>243.7</ele>
    <time>2026-04-04T15:08:27Z</time>
   </trkpt>
   <trkpt lat="47.6132700" lon="7.5736290">
    <ele>243.7</ele>
    <time>2026-04-04T15:08:28Z</time>
   </trkpt>
   <trkpt lat="47.6132540" lon="7.5736730">
    <ele>243.8</ele>
    <time>2026-04-04T15:08:29Z</time>
   </trkpt>
   <trkpt lat="47.6132390" lon="7.5737110">
    <ele>243.9</ele>
    <time>2026-04-04T15:08:30Z</time>
   </trkpt>
   <trkpt lat="47.6132210" lon="7.5737500">
    <ele>243.9</ele>
    <time>2026-04-04T15:08:31Z</time>
   </trkpt>
   <trkpt lat="47.6132000" lon="7.5737850">
    <ele>244.0</ele>
    <time>2026-04-04T15:08:32Z</time>
   </trkpt>
   <trkpt lat="47.6131800" lon="7.5738200">
    <ele>244.0</ele>
    <time>2026-04-04T15:08:33Z</time>
   </trkpt>
   <trkpt lat="47.6131610" lon="7.5738530">
    <ele>244.1</ele>
    <time>2026-04-04T15:08:34Z</time>
   </trkpt>
   <trkpt lat="47.6131440" lon="7.5738880">
    <ele>244.1</ele>
    <time>2026-04-04T15:08:35Z</time>
   </trkpt>
   <trkpt lat="47.6131260" lon="7.5739230">
    <ele>244.2</ele>
    <time>2026-04-04T15:08:36Z</time>
   </trkpt>
   <trkpt lat="47.6131060" lon="7.5739600">
    <ele>244.2</ele>
    <time>2026-04-04T15:08:37Z</time>
   </trkpt>
   <trkpt lat="47.6130870" lon="7.5739940">
    <ele>244.3</ele>
    <time>2026-04-04T15:08:38Z</time>
   </trkpt>
   <trkpt lat="47.6130690" lon="7.5740270">
    <ele>244.3</ele>
    <time>2026-04-04T15:08:39Z</time>
   </trkpt>
   <trkpt lat="47.6130500" lon="7.5740620">
    <ele>244.4</ele>
    <time>2026-04-04T15:08:40Z</time>
   </trkpt>
   <trkpt lat="47.6130290" lon="7.5741020">
    <ele>244.4</ele>
    <time>2026-04-04T15:08:41Z</time>
   </trkpt>
   <trkpt lat="47.6130100" lon="7.5741400">
    <ele>244.4</ele>
    <time>2026-04-04T15:08:42Z</time>
   </trkpt>
   <trkpt lat="47.6129900" lon="7.5741810">
    <ele>244.4</ele>
    <time>2026-04-04T15:08:43Z</time>
   </trkpt>
   <trkpt lat="47.6129710" lon="7.5742240">
    <ele>244.5</ele>
    <time>2026-04-04T15:08:44Z</time>
   </trkpt>
   <trkpt lat="47.6129530" lon="7.5742660">
    <ele>244.5</ele>
    <time>2026-04-04T15:08:45Z</time>
   </trkpt>
   <trkpt lat="47.6129370" lon="7.5743080">
    <ele>244.5</ele>
    <time>2026-04-04T15:08:46Z</time>
   </trkpt>
   <trkpt lat="47.6129190" lon="7.5743480">
    <ele>244.4</ele>
    <time>2026-04-04T15:08:47Z</time>
   </trkpt>
   <trkpt lat="47.6128990" lon="7.5743850">
    <ele>244.4</ele>
    <time>2026-04-04T15:08:48Z</time>
   </trkpt>
   <trkpt lat="47.6128800" lon="7.5744200">
    <ele>244.3</ele>
    <time>2026-04-04T15:08:49Z</time>
   </trkpt>
   <trkpt lat="47.6128620" lon="7.5744600">
    <ele>244.3</ele>
    <time>2026-04-04T15:08:50Z</time>
   </trkpt>
   <trkpt lat="47.6128420" lon="7.5744990">
    <ele>244.2</ele>
    <time>2026-04-04T15:08:51Z</time>
   </trkpt>
   <trkpt lat="47.6128200" lon="7.5745390">
    <ele>244.0</ele>
    <time>2026-04-04T15:08:52Z</time>
   </trkpt>
   <trkpt lat="47.6127960" lon="7.5745800">
    <ele>243.9</ele>
    <time>2026-04-04T15:08:53Z</time>
   </trkpt>
   <trkpt lat="47.6127700" lon="7.5746250">
    <ele>243.7</ele>
    <time>2026-04-04T15:08:54Z</time>
   </trkpt>
   <trkpt lat="47.6127420" lon="7.5746720">
    <ele>243.5</ele>
    <time>2026-04-04T15:08:55Z</time>
   </trkpt>
   <trkpt lat="47.6127180" lon="7.5747190">
    <ele>243.4</ele>
    <time>2026-04-04T15:08:56Z</time>
   </trkpt>
   <trkpt lat="47.6126920" lon="7.5747650">
    <ele>243.1</ele>
    <time>2026-04-04T15:08:57Z</time>
   </trkpt>
   <trkpt lat="47.6126670" lon="7.5748100">
    <ele>243.0</ele>
    <time>2026-04-04T15:08:58Z</time>
   </trkpt>
   <trkpt lat="47.6126380" lon="7.5748550">
    <ele>242.8</ele>
    <time>2026-04-04T15:08:59Z</time>
   </trkpt>
   <trkpt lat="47.6126040" lon="7.5748980">
    <ele>242.6</ele>
    <time>2026-04-04T15:09:00Z</time>
   </trkpt>
   <trkpt lat="47.6125630" lon="7.5749430">
    <ele>242.4</ele>
    <time>2026-04-04T15:09:01Z</time>
   </trkpt>
   <trkpt lat="47.6125270" lon="7.5749820">
    <ele>242.3</ele>
    <time>2026-04-04T15:09:02Z</time>
   </trkpt>
   <trkpt lat="47.6124990" lon="7.5750230">
    <ele>242.2</ele>
    <time>2026-04-04T15:09:03Z</time>
   </trkpt>
   <trkpt lat="47.6124830" lon="7.5750690">
    <ele>242.2</ele>
    <time>2026-04-04T15:09:04Z</time>
   </trkpt>
   <trkpt lat="47.6124550" lon="7.5751050">
    <ele>242.2</ele>
    <time>2026-04-04T15:09:05Z</time>
   </trkpt>
   <trkpt lat="47.6124310" lon="7.5751300">
    <ele>242.2</ele>
    <time>2026-04-04T15:09:06Z</time>
   </trkpt>
   <trkpt lat="47.6124160" lon="7.5751740">
    <ele>242.3</ele>
    <time>2026-04-04T15:09:07Z</time>
   </trkpt>
   <trkpt lat="47.6124090" lon="7.5751840">
    <ele>242.3</ele>
    <time>2026-04-04T15:09:08Z</time>
   </trkpt>
   <trkpt lat="47.6123800" lon="7.5752170">
    <ele>242.3</ele>
    <time>2026-04-04T15:09:09Z</time>
   </trkpt>
   <trkpt lat="47.6123690" lon="7.5752290">
    <ele>242.3</ele>
    <time>2026-04-04T15:09:10Z</time>
   </trkpt>
   <trkpt lat="47.6123470" lon="7.5752560">
    <ele>242.4</ele>
    <time>2026-04-04T15:09:11Z</time>
   </trkpt>
   <trkpt lat="47.6123250" lon="7.5752790">
    <ele>242.4</ele>
    <time>2026-04-04T15:09:12Z</time>
   </trkpt>
   <trkpt lat="47.6122880" lon="7.5753000">
    <ele>242.5</ele>
    <time>2026-04-04T15:09:13Z</time>
   </trkpt>
   <trkpt lat="47.6122750" lon="7.5753030">
    <ele>242.4</ele>
    <time>2026-04-04T15:09:14Z</time>
   </trkpt>
   <trkpt lat="47.6122470" lon="7.5752960">
    <ele>242.4</ele>
    <time>2026-04-04T15:09:15Z</time>
   </trkpt>
   <trkpt lat="47.6122190" lon="7.5752740">
    <ele>242.4</ele>
    <time>2026-04-04T15:09:16Z</time>
   </trkpt>
   <trkpt lat="47.6121920" lon="7.5752480">
    <ele>242.3</ele>
    <time>2026-04-04T15:09:17Z</time>
   </trkpt>
   <trkpt lat="47.6121650" lon="7.5752160">
    <ele>242.3</ele>
    <time>2026-04-04T15:09:18Z</time>
   </trkpt>
   <trkpt lat="47.6121410" lon="7.5751840">
    <ele>242.2</ele>
    <time>2026-04-04T15:09:19Z</time>
   </trkpt>
   <trkpt lat="47.6121180" lon="7.5751520">
    <ele>242.2</ele>
    <time>2026-04-04T15:09:20Z</time>
   </trkpt>
   <trkpt lat="47.6120910" lon="7.5751220">
    <ele>242.2</ele>
    <time>2026-04-04T15:09:21Z</time>
   </trkpt>
   <trkpt lat="47.6120630" lon="7.5750980">
    <ele>242.2</ele>
    <time>2026-04-04T15:09:22Z</time>
   </trkpt>
   <trkpt lat="47.6120340" lon="7.5750730">
    <ele>242.1</ele>
    <time>2026-04-04T15:09:23Z</time>
   </trkpt>
   <trkpt lat="47.6120030" lon="7.5750510">
    <ele>242.1</ele>
    <time>2026-04-04T15:09:24Z</time>
   </trkpt>
   <trkpt lat="47.6119740" lon="7.5750320">
    <ele>242.1</ele>
    <time>2026-04-04T15:09:25Z</time>
   </trkpt>
   <trkpt lat="47.6119460" lon="7.5750110">
    <ele>242.1</ele>
    <time>2026-04-04T15:09:26Z</time>
   </trkpt>
   <trkpt lat="47.6119200" lon="7.5749950">
    <ele>242.1</ele>
    <time>2026-04-04T15:09:27Z</time>
   </trkpt>
   <trkpt lat="47.6118960" lon="7.5749780">
    <ele>242.1</ele>
    <time>2026-04-04T15:09:28Z</time>
   </trkpt>
   <trkpt lat="47.6118710" lon="7.5749570">
    <ele>242.1</ele>
    <time>2026-04-04T15:09:29Z</time>
   </trkpt>
   <trkpt lat="47.6118410" lon="7.5749210">
    <ele>242.1</ele>
    <time>2026-04-04T15:09:30Z</time>
   </trkpt>
   <trkpt lat="47.6118330" lon="7.5749090">
    <ele>242.1</ele>
    <time>2026-04-04T15:09:31Z</time>
   </trkpt>
   <trkpt lat="47.6118140" lon="7.5748670">
    <ele>242.1</ele>
    <time>2026-04-04T15:09:32Z</time>
   </trkpt>
   <trkpt lat="47.6118090" lon="7.5748570">
    <ele>242.1</ele>
    <time>2026-04-04T15:09:33Z</time>
   </trkpt>
   <trkpt lat="47.6118010" lon="7.5748400">
    <ele>242.1</ele>
    <time>2026-04-04T15:09:34Z</time>
   </trkpt>
   <trkpt lat="47.6117960" lon="7.5748280">
    <ele>242.1</ele>
    <time>2026-04-04T15:09:35Z</time>
   </trkpt>
   <trkpt lat="47.6117920" lon="7.5748200">
    <ele>242.1</ele>
    <time>2026-04-04T15:09:36Z</time>
   </trkpt>
   <trkpt lat="47.6117900" lon="7.5748140">
    <ele>242.1</ele>
    <time>2026-04-04T15:09:37Z</time>
   </trkpt>
   <trkpt lat="47.6117870" lon="7.5748090">
    <ele>242.1</ele>
    <time>2026-04-04T15:09:38Z</time>
   </trkpt>
   <trkpt lat="47.6117820" lon="7.5747990">
    <ele>242.1</ele>
    <time>2026-04-04T15:09:39Z</time>
   </trkpt>
   <trkpt lat="47.6117660" lon="7.5747820">
    <ele>242.1</ele>
    <time>2026-04-04T15:09:40Z</time>
   </trkpt>
   <trkpt lat="47.6117340" lon="7.5747530">
    <ele>242.1</ele>
    <time>2026-04-04T15:09:41Z</time>
   </trkpt>
   <trkpt lat="47.6117230" lon="7.5747450">
    <ele>242.1</ele>
    <time>2026-04-04T15:09:42Z</time>
   </trkpt>
   <trkpt lat="47.6116940" lon="7.5747390">
    <ele>242.1</ele>
    <time>2026-04-04T15:09:43Z</time>
   </trkpt>
   <trkpt lat="47.6116610" lon="7.5747410">
    <ele>242.1</ele>
    <time>2026-04-04T15:09:44Z</time>
   </trkpt>
   <trkpt lat="47.6116280" lon="7.5747490">
    <ele>242.1</ele>
    <time>2026-04-04T15:09:45Z</time>
   </trkpt>
   <trkpt lat="47.6115950" lon="7.5747600">
    <ele>242.1</ele>
    <time>2026-04-04T15:09:46Z</time>
   </trkpt>
   <trkpt lat="47.6115630" lon="7.5747790">
    <ele>242.1</ele>
    <time>2026-04-04T15:09:47Z</time>
   </trkpt>
   <trkpt lat="47.6115330" lon="7.5747990">
    <ele>242.1</ele>
    <time>2026-04-04T15:09:48Z</time>
   </trkpt>
   <trkpt lat="47.6115010" lon="7.5748200">
    <ele>242.1</ele>
    <time>2026-04-04T15:09:49Z</time>
   </trkpt>
   <trkpt lat="47.6114670" lon="7.5748380">
    <ele>242.1</ele>
    <time>2026-04-04T15:09:50Z</time>
   </trkpt>
   <trkpt lat="47.6114310" lon="7.5748550">
    <ele>242.1</ele>
    <time>2026-04-04T15:09:51Z</time>
   </trkpt>
   <trkpt lat="47.6113960" lon="7.5748740">
    <ele>242.1</ele>
    <time>2026-04-04T15:09:52Z</time>
   </trkpt>
   <trkpt lat="47.6113600" lon="7.5748940">
    <ele>242.1</ele>
    <time>2026-04-04T15:09:53Z</time>
   </trkpt>
   <trkpt lat="47.6113220" lon="7.5749140">
    <ele>242.1</ele>
    <time>2026-04-04T15:09:54Z</time>
   </trkpt>
   <trkpt lat="47.6112850" lon="7.5749290">
    <ele>242.1</ele>
    <time>2026-04-04T15:09:55Z</time>
   </trkpt>
   <trkpt lat="47.6112460" lon="7.5749470">
    <ele>242.0</ele>
    <time>2026-04-04T15:09:56Z</time>
   </trkpt>
   <trkpt lat="47.6112070" lon="7.5749620">
    <ele>242.0</ele>
    <time>2026-04-04T15:09:57Z</time>
   </trkpt>
   <trkpt lat="47.6111690" lon="7.5749760">
    <ele>242.0</ele>
    <time>2026-04-04T15:09:58Z</time>
   </trkpt>
   <trkpt lat="47.6111320" lon="7.5749930">
    <ele>242.0</ele>
    <time>2026-04-04T15:09:59Z</time>
   </trkpt>
   <trkpt lat="47.6110960" lon="7.5750070">
    <ele>242.0</ele>
    <time>2026-04-04T15:10:00Z</time>
   </trkpt>
   <trkpt lat="47.6110600" lon="7.5750140">
    <ele>241.9</ele>
    <time>2026-04-04T15:10:01Z</time>
   </trkpt>
   <trkpt lat="47.6110220" lon="7.5750220">
    <ele>241.9</ele>
    <time>2026-04-04T15:10:02Z</time>
   </trkpt>
   <trkpt lat="47.6109850" lon="7.5750290">
    <ele>241.9</ele>
    <time>2026-04-04T15:10:03Z</time>
   </trkpt>
   <trkpt lat="47.6109460" lon="7.5750380">
    <ele>241.9</ele>
    <time>2026-04-04T15:10:04Z</time>
   </trkpt>
   <trkpt lat="47.6109080" lon="7.5750460">
    <ele>241.9</ele>
    <time>2026-04-04T15:10:05Z</time>
   </trkpt>
   <trkpt lat="47.6108700" lon="7.5750480">
    <ele>241.8</ele>
    <time>2026-04-04T15:10:06Z</time>
   </trkpt>
   <trkpt lat="47.6108300" lon="7.5750550">
    <ele>241.8</ele>
    <time>2026-04-04T15:10:07Z</time>
   </trkpt>
   <trkpt lat="47.6107900" lon="7.5750610">
    <ele>241.8</ele>
    <time>2026-04-04T15:10:08Z</time>
   </trkpt>
   <trkpt lat="47.6107490" lon="7.5750660">
    <ele>241.8</ele>
    <time>2026-04-04T15:10:09Z</time>
   </trkpt>
   <trkpt lat="47.6107090" lon="7.5750710">
    <ele>241.7</ele>
    <time>2026-04-04T15:10:10Z</time>
   </trkpt>
   <trkpt lat="47.6106690" lon="7.5750730">
    <ele>241.7</ele>
    <time>2026-04-04T15:10:11Z</time>
   </trkpt>
   <trkpt lat="47.6106270" lon="7.5750760">
    <ele>241.7</ele>
    <time>2026-04-04T15:10:12Z</time>
   </trkpt>
   <trkpt lat="47.6105840" lon="7.5750780">
    <ele>241.6</ele>
    <time>2026-04-04T15:10:13Z</time>
   </trkpt>
   <trkpt lat="47.6105420" lon="7.5750760">
    <ele>241.6</ele>
    <time>2026-04-04T15:10:14Z</time>
   </trkpt>
   <trkpt lat="47.6105020" lon="7.5750750">
    <ele>241.6</ele>
    <time>2026-04-04T15:10:15Z</time>
   </trkpt>
   <trkpt lat="47.6104620" lon="7.5750730">
    <ele>241.6</ele>
    <time>2026-04-04T15:10:16Z</time>
   </trkpt>
   <trkpt lat="47.6104220" lon="7.5750720">
    <ele>241.6</ele>
    <time>2026-04-04T15:10:17Z</time>
   </trkpt>
   <trkpt lat="47.6103830" lon="7.5750720">
    <ele>241.5</ele>
    <time>2026-04-04T15:10:18Z</time>
   </trkpt>
   <trkpt lat="47.6103440" lon="7.5750700">
    <ele>241.5</ele>
    <time>2026-04-04T15:10:19Z</time>
   </trkpt>
   <trkpt lat="47.6103050" lon="7.5750680">
    <ele>241.5</ele>
    <time>2026-04-04T15:10:20Z</time>
   </trkpt>
   <trkpt lat="47.6102640" lon="7.5750650">
    <ele>241.5</ele>
    <time>2026-04-04T15:10:21Z</time>
   </trkpt>
   <trkpt lat="47.6102260" lon="7.5750620">
    <ele>241.5</ele>
    <time>2026-04-04T15:10:22Z</time>
   </trkpt>
   <trkpt lat="47.6101870" lon="7.5750600">
    <ele>241.4</ele>
    <time>2026-04-04T15:10:23Z</time>
   </trkpt>
   <trkpt lat="47.6101470" lon="7.5750580">
    <ele>241.4</ele>
    <time>2026-04-04T15:10:24Z</time>
   </trkpt>
   <trkpt lat="47.6101070" lon="7.5750540">
    <ele>241.4</ele>
    <time>2026-04-04T15:10:25Z</time>
   </trkpt>
   <trkpt lat="47.6100670" lon="7.5750510">
    <ele>241.4</ele>
    <time>2026-04-04T15:10:26Z</time>
   </trkpt>
   <trkpt lat="47.6100290" lon="7.5750470">
    <ele>241.4</ele>
    <time>2026-04-04T15:10:27Z</time>
   </trkpt>
   <trkpt lat="47.6099920" lon="7.5750420">
    <ele>241.3</ele>
    <time>2026-04-04T15:10:28Z</time>
   </trkpt>
   <trkpt lat="47.6099540" lon="7.5750380">
    <ele>241.3</ele>
    <time>2026-04-04T15:10:29Z</time>
   </trkpt>
   <trkpt lat="47.6099160" lon="7.5750330">
    <ele>241.3</ele>
    <time>2026-04-04T15:10:30Z</time>
   </trkpt>
   <trkpt lat="47.6098770" lon="7.5750290">
    <ele>241.3</ele>
    <time>2026-04-04T15:10:31Z</time>
   </trkpt>
   <trkpt lat="47.6098390" lon="7.5750240">
    <ele>241.3</ele>
    <time>2026-04-04T15:10:32Z</time>
   </trkpt>
   <trkpt lat="47.6098000" lon="7.5750190">
    <ele>241.3</ele>
    <time>2026-04-04T15:10:33Z</time>
   </trkpt>
   <trkpt lat="47.6097630" lon="7.5750150">
    <ele>241.3</ele>
    <time>2026-04-04T15:10:34Z</time>
   </trkpt>
   <trkpt lat="47.6097250" lon="7.5750120">
    <ele>241.3</ele>
    <time>2026-04-04T15:10:35Z</time>
   </trkpt>
   <trkpt lat="47.6096850" lon="7.5750080">
    <ele>241.3</ele>
    <time>2026-04-04T15:10:36Z</time>
   </trkpt>
   <trkpt lat="47.6096470" lon="7.5750050">
    <ele>241.3</ele>
    <time>2026-04-04T15:10:37Z</time>
   </trkpt>
   <trkpt lat="47.6096070" lon="7.5750040">
    <ele>241.3</ele>
    <time>2026-04-04T15:10:38Z</time>
   </trkpt>
   <trkpt lat="47.6095690" lon="7.5750040">
    <ele>241.2</ele>
    <time>2026-04-04T15:10:39Z</time>
   </trkpt>
   <trkpt lat="47.6095290" lon="7.5750060">
    <ele>241.2</ele>
    <time>2026-04-04T15:10:40Z</time>
   </trkpt>
   <trkpt lat="47.6094900" lon="7.5750140">
    <ele>241.2</ele>
    <time>2026-04-04T15:10:41Z</time>
   </trkpt>
   <trkpt lat="47.6094520" lon="7.5750180">
    <ele>241.2</ele>
    <time>2026-04-04T15:10:42Z</time>
   </trkpt>
   <trkpt lat="47.6094150" lon="7.5750230">
    <ele>241.2</ele>
    <time>2026-04-04T15:10:43Z</time>
   </trkpt>
   <trkpt lat="47.6093770" lon="7.5750300">
    <ele>241.1</ele>
    <time>2026-04-04T15:10:44Z</time>
   </trkpt>
   <trkpt lat="47.6093380" lon="7.5750370">
    <ele>241.1</ele>
    <time>2026-04-04T15:10:45Z</time>
   </trkpt>
   <trkpt lat="47.6092980" lon="7.5750420">
    <ele>241.1</ele>
    <time>2026-04-04T15:10:46Z</time>
   </trkpt>
   <trkpt lat="47.6092590" lon="7.5750500">
    <ele>241.1</ele>
    <time>2026-04-04T15:10:47Z</time>
   </trkpt>
   <trkpt lat="47.6092200" lon="7.5750620">
    <ele>241.1</ele>
    <time>2026-04-04T15:10:48Z</time>
   </trkpt>
   <trkpt lat="47.6091810" lon="7.5750740">
    <ele>241.1</ele>
    <time>2026-04-04T15:10:49Z</time>
   </trkpt>
   <trkpt lat="47.6091430" lon="7.5750870">
    <ele>241.1</ele>
    <time>2026-04-04T15:10:50Z</time>
   </trkpt>
   <trkpt lat="47.6091080" lon="7.5750970">
    <ele>241.1</ele>
    <time>2026-04-04T15:10:51Z</time>
   </trkpt>
   <trkpt lat="47.6090750" lon="7.5751080">
    <ele>241.1</ele>
    <time>2026-04-04T15:10:52Z</time>
   </trkpt>
   <trkpt lat="47.6090410" lon="7.5751200">
    <ele>241.1</ele>
    <time>2026-04-04T15:10:53Z</time>
   </trkpt>
   <trkpt lat="47.6090070" lon="7.5751320">
    <ele>241.1</ele>
    <time>2026-04-04T15:10:54Z</time>
   </trkpt>
   <trkpt lat="47.6089710" lon="7.5751450">
    <ele>241.1</ele>
    <time>2026-04-04T15:10:55Z</time>
   </trkpt>
   <trkpt lat="47.6089360" lon="7.5751580">
    <ele>241.1</ele>
    <time>2026-04-04T15:10:56Z</time>
   </trkpt>
   <trkpt lat="47.6089000" lon="7.5751720">
    <ele>241.2</ele>
    <time>2026-04-04T15:10:57Z</time>
   </trkpt>
   <trkpt lat="47.6088660" lon="7.5751870">
    <ele>241.2</ele>
    <time>2026-04-04T15:10:58Z</time>
   </trkpt>
   <trkpt lat="47.6088310" lon="7.5752020">
    <ele>241.2</ele>
    <time>2026-04-04T15:10:59Z</time>
   </trkpt>
   <trkpt lat="47.6087970" lon="7.5752170">
    <ele>241.2</ele>
    <time>2026-04-04T15:11:00Z</time>
   </trkpt>
   <trkpt lat="47.6087630" lon="7.5752340">
    <ele>241.2</ele>
    <time>2026-04-04T15:11:01Z</time>
   </trkpt>
   <trkpt lat="47.6087280" lon="7.5752520">
    <ele>241.2</ele>
    <time>2026-04-04T15:11:02Z</time>
   </trkpt>
   <trkpt lat="47.6086930" lon="7.5752710">
    <ele>241.3</ele>
    <time>2026-04-04T15:11:03Z</time>
   </trkpt>
   <trkpt lat="47.6086580" lon="7.5752910">
    <ele>241.3</ele>
    <time>2026-04-04T15:11:04Z</time>
   </trkpt>
   <trkpt lat="47.6086230" lon="7.5753120">
    <ele>241.3</ele>
    <time>2026-04-04T15:11:05Z</time>
   </trkpt>
   <trkpt lat="47.6085880" lon="7.5753350">
    <ele>241.4</ele>
    <time>2026-04-04T15:11:06Z</time>
   </trkpt>
   <trkpt lat="47.6085530" lon="7.5753600">
    <ele>241.4</ele>
    <time>2026-04-04T15:11:07Z</time>
   </trkpt>
   <trkpt lat="47.6085180" lon="7.5753850">
    <ele>241.4</ele>
    <time>2026-04-04T15:11:08Z</time>
   </trkpt>
   <trkpt lat="47.6084830" lon="7.5754080">
    <ele>241.4</ele>
    <time>2026-04-04T15:11:09Z</time>
   </trkpt>
   <trkpt lat="47.6084500" lon="7.5754320">
    <ele>241.5</ele>
    <time>2026-04-04T15:11:10Z</time>
   </trkpt>
   <trkpt lat="47.6084150" lon="7.5754560">
    <ele>241.5</ele>
    <time>2026-04-04T15:11:11Z</time>
   </trkpt>
   <trkpt lat="47.6083810" lon="7.5754820">
    <ele>241.5</ele>
    <time>2026-04-04T15:11:12Z</time>
   </trkpt>
   <trkpt lat="47.6083480" lon="7.5755090">
    <ele>241.6</ele>
    <time>2026-04-04T15:11:13Z</time>
   </trkpt>
   <trkpt lat="47.6083150" lon="7.5755380">
    <ele>241.6</ele>
    <time>2026-04-04T15:11:14Z</time>
   </trkpt>
   <trkpt lat="47.6082830" lon="7.5755660">
    <ele>241.6</ele>
    <time>2026-04-04T15:11:15Z</time>
   </trkpt>
   <trkpt lat="47.6082500" lon="7.5755930">
    <ele>241.6</ele>
    <time>2026-04-04T15:11:16Z</time>
   </trkpt>
   <trkpt lat="47.6082190" lon="7.5756220">
    <ele>241.7</ele>
    <time>2026-04-04T15:11:17Z</time>
   </trkpt>
   <trkpt lat="47.6081870" lon="7.5756530">
    <ele>241.7</ele>
    <time>2026-04-04T15:11:18Z</time>
   </trkpt>
   <trkpt lat="47.6081560" lon="7.5756840">
    <ele>241.7</ele>
    <time>2026-04-04T15:11:19Z</time>
   </trkpt>
   <trkpt lat="47.6081250" lon="7.5757170">
    <ele>241.7</ele>
    <time>2026-04-04T15:11:20Z</time>
   </trkpt>
   <trkpt lat="47.6080960" lon="7.5757490">
    <ele>241.7</ele>
    <time>2026-04-04T15:11:21Z</time>
   </trkpt>
   <trkpt lat="47.6080660" lon="7.5757800">
    <ele>241.8</ele>
    <time>2026-04-04T15:11:22Z</time>
   </trkpt>
   <trkpt lat="47.6080360" lon="7.5758100">
    <ele>241.8</ele>
    <time>2026-04-04T15:11:23Z</time>
   </trkpt>
   <trkpt lat="47.6080080" lon="7.5758400">
    <ele>241.8</ele>
    <time>2026-04-04T15:11:24Z</time>
   </trkpt>
   <trkpt lat="47.6079820" lon="7.5758690">
    <ele>241.9</ele>
    <time>2026-04-04T15:11:25Z</time>
   </trkpt>
   <trkpt lat="47.6079560" lon="7.5758990">
    <ele>241.9</ele>
    <time>2026-04-04T15:11:26Z</time>
   </trkpt>
   <trkpt lat="47.6079290" lon="7.5759290">
    <ele>241.9</ele>
    <time>2026-04-04T15:11:27Z</time>
   </trkpt>
   <trkpt lat="47.6078990" lon="7.5759550">
    <ele>241.9</ele>
    <time>2026-04-04T15:11:28Z</time>
   </trkpt>
   <trkpt lat="47.6078670" lon="7.5759780">
    <ele>241.9</ele>
    <time>2026-04-04T15:11:29Z</time>
   </trkpt>
   <trkpt lat="47.6078330" lon="7.5760000">
    <ele>241.9</ele>
    <time>2026-04-04T15:11:30Z</time>
   </trkpt>
   <trkpt lat="47.6077980" lon="7.5760220">
    <ele>242.0</ele>
    <time>2026-04-04T15:11:31Z</time>
   </trkpt>
   <trkpt lat="47.6077680" lon="7.5760490">
    <ele>242.0</ele>
    <time>2026-04-04T15:11:32Z</time>
   </trkpt>
   <trkpt lat="47.6077390" lon="7.5760800">
    <ele>242.0</ele>
    <time>2026-04-04T15:11:33Z</time>
   </trkpt>
   <trkpt lat="47.6077110" lon="7.5761110">
    <ele>242.0</ele>
    <time>2026-04-04T15:11:34Z</time>
   </trkpt>
   <trkpt lat="47.6076850" lon="7.5761460">
    <ele>242.0</ele>
    <time>2026-04-04T15:11:35Z</time>
   </trkpt>
   <trkpt lat="47.6076610" lon="7.5761840">
    <ele>242.0</ele>
    <time>2026-04-04T15:11:36Z</time>
   </trkpt>
   <trkpt lat="47.6076360" lon="7.5762190">
    <ele>242.0</ele>
    <time>2026-04-04T15:11:37Z</time>
   </trkpt>
   <trkpt lat="47.6076100" lon="7.5762540">
    <ele>242.0</ele>
    <time>2026-04-04T15:11:38Z</time>
   </trkpt>
   <trkpt lat="47.6075840" lon="7.5762890">
    <ele>242.0</ele>
    <time>2026-04-04T15:11:39Z</time>
   </trkpt>
   <trkpt lat="47.6075590" lon="7.5763270">
    <ele>242.0</ele>
    <time>2026-04-04T15:11:40Z</time>
   </trkpt>
   <trkpt lat="47.6075370" lon="7.5763660">
    <ele>242.0</ele>
    <time>2026-04-04T15:11:41Z</time>
   </trkpt>
   <trkpt lat="47.6075160" lon="7.5764000">
    <ele>242.1</ele>
    <time>2026-04-04T15:11:42Z</time>
   </trkpt>
   <trkpt lat="47.6074900" lon="7.5764380">
    <ele>242.1</ele>
    <time>2026-04-04T15:11:43Z</time>
   </trkpt>
   <trkpt lat="47.6074650" lon="7.5764730">
    <ele>242.1</ele>
    <time>2026-04-04T15:11:44Z</time>
   </trkpt>
   <trkpt lat="47.6074390" lon="7.5765050">
    <ele>242.1</ele>
    <time>2026-04-04T15:11:45Z</time>
   </trkpt>
   <trkpt lat="47.6074110" lon="7.5765380">
    <ele>242.1</ele>
    <time>2026-04-04T15:11:46Z</time>
   </trkpt>
   <trkpt lat="47.6073850" lon="7.5765740">
    <ele>242.1</ele>
    <time>2026-04-04T15:11:47Z</time>
   </trkpt>
   <trkpt lat="47.6073580" lon="7.5766090">
    <ele>242.1</ele>
    <time>2026-04-04T15:11:48Z</time>
   </trkpt>
   <trkpt lat="47.6073320" lon="7.5766500">
    <ele>242.1</ele>
    <time>2026-04-04T15:11:49Z</time>
   </trkpt>
   <trkpt lat="47.6073050" lon="7.5766900">
    <ele>242.1</ele>
    <time>2026-04-04T15:11:50Z</time>
   </trkpt>
   <trkpt lat="47.6072780" lon="7.5767330">
    <ele>242.1</ele>
    <time>2026-04-04T15:11:51Z</time>
   </trkpt>
   <trkpt lat="47.6072500" lon="7.5767750">
    <ele>242.1</ele>
    <time>2026-04-04T15:11:52Z</time>
   </trkpt>
   <trkpt lat="47.6072230" lon="7.5768160">
    <ele>242.1</ele>
    <time>2026-04-04T15:11:53Z</time>
   </trkpt>
   <trkpt lat="47.6071950" lon="7.5768570">
    <ele>242.1</ele>
    <time>2026-04-04T15:11:54Z</time>
   </trkpt>
   <trkpt lat="47.6071680" lon="7.5768990">
    <ele>242.1</ele>
    <time>2026-04-04T15:11:55Z</time>
   </trkpt>
   <trkpt lat="47.6071440" lon="7.5769410">
    <ele>242.1</ele>
    <time>2026-04-04T15:11:56Z</time>
   </trkpt>
   <trkpt lat="47.6071190" lon="7.5769810">
    <ele>242.1</ele>
    <time>2026-04-04T15:11:57Z</time>
   </trkpt>
   <trkpt lat="47.6070940" lon="7.5770200">
    <ele>242.1</ele>
    <time>2026-04-04T15:11:58Z</time>
   </trkpt>
   <trkpt lat="47.6070690" lon="7.5770600">
    <ele>242.1</ele>
    <time>2026-04-04T15:11:59Z</time>
   </trkpt>
   <trkpt lat="47.6070440" lon="7.5771010">
    <ele>242.1</ele>
    <time>2026-04-04T15:12:00Z</time>
   </trkpt>
   <trkpt lat="47.6070200" lon="7.5771430">
    <ele>242.2</ele>
    <time>2026-04-04T15:12:01Z</time>
   </trkpt>
   <trkpt lat="47.6069950" lon="7.5771840">
    <ele>242.2</ele>
    <time>2026-04-04T15:12:02Z</time>
   </trkpt>
   <trkpt lat="47.6069710" lon="7.5772250">
    <ele>242.2</ele>
    <time>2026-04-04T15:12:03Z</time>
   </trkpt>
   <trkpt lat="47.6069490" lon="7.5772640">
    <ele>242.2</ele>
    <time>2026-04-04T15:12:04Z</time>
   </trkpt>
   <trkpt lat="47.6069260" lon="7.5773050">
    <ele>242.2</ele>
    <time>2026-04-04T15:12:05Z</time>
   </trkpt>
   <trkpt lat="47.6069040" lon="7.5773480">
    <ele>242.2</ele>
    <time>2026-04-04T15:12:06Z</time>
   </trkpt>
   <trkpt lat="47.6068810" lon="7.5773910">
    <ele>242.2</ele>
    <time>2026-04-04T15:12:07Z</time>
   </trkpt>
   <trkpt lat="47.6068580" lon="7.5774350">
    <ele>242.2</ele>
    <time>2026-04-04T15:12:08Z</time>
   </trkpt>
   <trkpt lat="47.6068350" lon="7.5774800">
    <ele>242.3</ele>
    <time>2026-04-04T15:12:09Z</time>
   </trkpt>
   <trkpt lat="47.6068130" lon="7.5775250">
    <ele>242.3</ele>
    <time>2026-04-04T15:12:10Z</time>
   </trkpt>
   <trkpt lat="47.6067920" lon="7.5775680">
    <ele>242.3</ele>
    <time>2026-04-04T15:12:11Z</time>
   </trkpt>
   <trkpt lat="47.6067710" lon="7.5776120">
    <ele>242.3</ele>
    <time>2026-04-04T15:12:12Z</time>
   </trkpt>
   <trkpt lat="47.6067500" lon="7.5776560">
    <ele>242.3</ele>
    <time>2026-04-04T15:12:13Z</time>
   </trkpt>
   <trkpt lat="47.6067300" lon="7.5776980">
    <ele>242.3</ele>
    <time>2026-04-04T15:12:14Z</time>
   </trkpt>
   <trkpt lat="47.6067080" lon="7.5777430">
    <ele>242.4</ele>
    <time>2026-04-04T15:12:15Z</time>
   </trkpt>
   <trkpt lat="47.6066860" lon="7.5777880">
    <ele>242.4</ele>
    <time>2026-04-04T15:12:16Z</time>
   </trkpt>
   <trkpt lat="47.6066660" lon="7.5778330">
    <ele>242.4</ele>
    <time>2026-04-04T15:12:17Z</time>
   </trkpt>
   <trkpt lat="47.6066460" lon="7.5778760">
    <ele>242.4</ele>
    <time>2026-04-04T15:12:18Z</time>
   </trkpt>
   <trkpt lat="47.6066280" lon="7.5779160">
    <ele>242.4</ele>
    <time>2026-04-04T15:12:19Z</time>
   </trkpt>
   <trkpt lat="47.6066090" lon="7.5779570">
    <ele>242.4</ele>
    <time>2026-04-04T15:12:20Z</time>
   </trkpt>
   <trkpt lat="47.6065920" lon="7.5779990">
    <ele>242.4</ele>
    <time>2026-04-04T15:12:21Z</time>
   </trkpt>
   <trkpt lat="47.6065700" lon="7.5780460">
    <ele>242.4</ele>
    <time>2026-04-04T15:12:22Z</time>
   </trkpt>
   <trkpt lat="47.6065480" lon="7.5780940">
    <ele>242.5</ele>
    <time>2026-04-04T15:12:23Z</time>
   </trkpt>
   <trkpt lat="47.6065280" lon="7.5781430">
    <ele>242.5</ele>
    <time>2026-04-04T15:12:24Z</time>
   </trkpt>
   <trkpt lat="47.6065080" lon="7.5781890">
    <ele>242.5</ele>
    <time>2026-04-04T15:12:25Z</time>
   </trkpt>
   <trkpt lat="47.6064890" lon="7.5782370">
    <ele>242.5</ele>
    <time>2026-04-04T15:12:26Z</time>
   </trkpt>
   <trkpt lat="47.6064690" lon="7.5782860">
    <ele>242.5</ele>
    <time>2026-04-04T15:12:27Z</time>
   </trkpt>
   <trkpt lat="47.6064500" lon="7.5783340">
    <ele>242.5</ele>
    <time>2026-04-04T15:12:28Z</time>
   </trkpt>
   <trkpt lat="47.6064310" lon="7.5783800">
    <ele>242.5</ele>
    <time>2026-04-04T15:12:29Z</time>
   </trkpt>
   <trkpt lat="47.6064080" lon="7.5784240">
    <ele>242.5</ele>
    <time>2026-04-04T15:12:30Z</time>
   </trkpt>
   <trkpt lat="47.6063870" lon="7.5784680">
    <ele>242.5</ele>
    <time>2026-04-04T15:12:31Z</time>
   </trkpt>
   <trkpt lat="47.6063650" lon="7.5785120">
    <ele>242.5</ele>
    <time>2026-04-04T15:12:32Z</time>
   </trkpt>
   <trkpt lat="47.6063450" lon="7.5785570">
    <ele>242.5</ele>
    <time>2026-04-04T15:12:33Z</time>
   </trkpt>
   <trkpt lat="47.6063240" lon="7.5786010">
    <ele>242.5</ele>
    <time>2026-04-04T15:12:34Z</time>
   </trkpt>
   <trkpt lat="47.6063040" lon="7.5786460">
    <ele>242.5</ele>
    <time>2026-04-04T15:12:35Z</time>
   </trkpt>
   <trkpt lat="47.6062830" lon="7.5786920">
    <ele>242.5</ele>
    <time>2026-04-04T15:12:36Z</time>
   </trkpt>
   <trkpt lat="47.6062630" lon="7.5787390">
    <ele>242.5</ele>
    <time>2026-04-04T15:12:37Z</time>
   </trkpt>
   <trkpt lat="47.6062430" lon="7.5787870">
    <ele>242.5</ele>
    <time>2026-04-04T15:12:38Z</time>
   </trkpt>
   <trkpt lat="47.6062230" lon="7.5788390">
    <ele>242.5</ele>
    <time>2026-04-04T15:12:39Z</time>
   </trkpt>
   <trkpt lat="47.6062040" lon="7.5788860">
    <ele>242.5</ele>
    <time>2026-04-04T15:12:40Z</time>
   </trkpt>
   <trkpt lat="47.6061840" lon="7.5789320">
    <ele>242.5</ele>
    <time>2026-04-04T15:12:41Z</time>
   </trkpt>
   <trkpt lat="47.6061630" lon="7.5789780">
    <ele>242.5</ele>
    <time>2026-04-04T15:12:42Z</time>
   </trkpt>
   <trkpt lat="47.6061420" lon="7.5790260">
    <ele>242.5</ele>
    <time>2026-04-04T15:12:43Z</time>
   </trkpt>
   <trkpt lat="47.6061230" lon="7.5790740">
    <ele>242.6</ele>
    <time>2026-04-04T15:12:44Z</time>
   </trkpt>
   <trkpt lat="47.6061020" lon="7.5791200">
    <ele>242.6</ele>
    <time>2026-04-04T15:12:45Z</time>
   </trkpt>
   <trkpt lat="47.6060820" lon="7.5791640">
    <ele>242.6</ele>
    <time>2026-04-04T15:12:46Z</time>
   </trkpt>
   <trkpt lat="47.6060630" lon="7.5792080">
    <ele>242.6</ele>
    <time>2026-04-04T15:12:47Z</time>
   </trkpt>
   <trkpt lat="47.6060440" lon="7.5792510">
    <ele>242.6</ele>
    <time>2026-04-04T15:12:48Z</time>
   </trkpt>
   <trkpt lat="47.6060250" lon="7.5792960">
    <ele>242.6</ele>
    <time>2026-04-04T15:12:49Z</time>
   </trkpt>
   <trkpt lat="47.6060050" lon="7.5793440">
    <ele>242.6</ele>
    <time>2026-04-04T15:12:50Z</time>
   </trkpt>
   <trkpt lat="47.6059830" lon="7.5793920">
    <ele>242.6</ele>
    <time>2026-04-04T15:12:51Z</time>
   </trkpt>
   <trkpt lat="47.6059630" lon="7.5794410">
    <ele>242.6</ele>
    <time>2026-04-04T15:12:52Z</time>
   </trkpt>
   <trkpt lat="47.6059410" lon="7.5794880">
    <ele>242.6</ele>
    <time>2026-04-04T15:12:53Z</time>
   </trkpt>
   <trkpt lat="47.6059210" lon="7.5795360">
    <ele>242.6</ele>
    <time>2026-04-04T15:12:54Z</time>
   </trkpt>
   <trkpt lat="47.6059020" lon="7.5795830">
    <ele>242.6</ele>
    <time>2026-04-04T15:12:55Z</time>
   </trkpt>
   <trkpt lat="47.6058830" lon="7.5796320">
    <ele>242.7</ele>
    <time>2026-04-04T15:12:56Z</time>
   </trkpt>
   <trkpt lat="47.6058620" lon="7.5796770">
    <ele>242.7</ele>
    <time>2026-04-04T15:12:57Z</time>
   </trkpt>
   <trkpt lat="47.6058420" lon="7.5797230">
    <ele>242.7</ele>
    <time>2026-04-04T15:12:58Z</time>
   </trkpt>
   <trkpt lat="47.6058220" lon="7.5797720">
    <ele>242.7</ele>
    <time>2026-04-04T15:12:59Z</time>
   </trkpt>
   <trkpt lat="47.6058030" lon="7.5798220">
    <ele>242.7</ele>
    <time>2026-04-04T15:13:00Z</time>
   </trkpt>
   <trkpt lat="47.6057840" lon="7.5798710">
    <ele>242.7</ele>
    <time>2026-04-04T15:13:01Z</time>
   </trkpt>
   <trkpt lat="47.6057630" lon="7.5799180">
    <ele>242.7</ele>
    <time>2026-04-04T15:13:02Z</time>
   </trkpt>
   <trkpt lat="47.6057440" lon="7.5799670">
    <ele>242.7</ele>
    <time>2026-04-04T15:13:03Z</time>
   </trkpt>
   <trkpt lat="47.6057230" lon="7.5800150">
    <ele>242.7</ele>
    <time>2026-04-04T15:13:04Z</time>
   </trkpt>
   <trkpt lat="47.6057020" lon="7.5800620">
    <ele>242.7</ele>
    <time>2026-04-04T15:13:05Z</time>
   </trkpt>
   <trkpt lat="47.6056810" lon="7.5801080">
    <ele>242.7</ele>
    <time>2026-04-04T15:13:06Z</time>
   </trkpt>
   <trkpt lat="47.6056600" lon="7.5801560">
    <ele>242.7</ele>
    <time>2026-04-04T15:13:07Z</time>
   </trkpt>
   <trkpt lat="47.6056380" lon="7.5802030">
    <ele>242.8</ele>
    <time>2026-04-04T15:13:08Z</time>
   </trkpt>
   <trkpt lat="47.6056180" lon="7.5802490">
    <ele>242.8</ele>
    <time>2026-04-04T15:13:09Z</time>
   </trkpt>
   <trkpt lat="47.6055970" lon="7.5802970">
    <ele>242.8</ele>
    <time>2026-04-04T15:13:10Z</time>
   </trkpt>
   <trkpt lat="47.6055770" lon="7.5803440">
    <ele>242.8</ele>
    <time>2026-04-04T15:13:11Z</time>
   </trkpt>
   <trkpt lat="47.6055570" lon="7.5803920">
    <ele>242.8</ele>
    <time>2026-04-04T15:13:12Z</time>
   </trkpt>
   <trkpt lat="47.6055360" lon="7.5804380">
    <ele>242.8</ele>
    <time>2026-04-04T15:13:13Z</time>
   </trkpt>
   <trkpt lat="47.6055150" lon="7.5804810">
    <ele>242.8</ele>
    <time>2026-04-04T15:13:14Z</time>
   </trkpt>
   <trkpt lat="47.6054970" lon="7.5805260">
    <ele>242.8</ele>
    <time>2026-04-04T15:13:15Z</time>
   </trkpt>
   <trkpt lat="47.6054790" lon="7.5805700">
    <ele>242.8</ele>
    <time>2026-04-04T15:13:16Z</time>
   </trkpt>
   <trkpt lat="47.6054590" lon="7.5806120">
    <ele>242.8</ele>
    <time>2026-04-04T15:13:17Z</time>
   </trkpt>
   <trkpt lat="47.6054400" lon="7.5806540">
    <ele>242.8</ele>
    <time>2026-04-04T15:13:18Z</time>
   </trkpt>
   <trkpt lat="47.6054200" lon="7.5806950">
    <ele>242.8</ele>
    <time>2026-04-04T15:13:19Z</time>
   </trkpt>
   <trkpt lat="47.6053960" lon="7.5807340">
    <ele>242.8</ele>
    <time>2026-04-04T15:13:20Z</time>
   </trkpt>
   <trkpt lat="47.6053740" lon="7.5807750">
    <ele>242.8</ele>
    <time>2026-04-04T15:13:21Z</time>
   </trkpt>
   <trkpt lat="47.6053520" lon="7.5808140">
    <ele>242.8</ele>
    <time>2026-04-04T15:13:22Z</time>
   </trkpt>
   <trkpt lat="47.6053300" lon="7.5808520">
    <ele>242.8</ele>
    <time>2026-04-04T15:13:23Z</time>
   </trkpt>
   <trkpt lat="47.6053070" lon="7.5808910">
    <ele>242.8</ele>
    <time>2026-04-04T15:13:24Z</time>
   </trkpt>
   <trkpt lat="47.6052840" lon="7.5809300">
    <ele>242.8</ele>
    <time>2026-04-04T15:13:25Z</time>
   </trkpt>
   <trkpt lat="47.6052620" lon="7.5809680">
    <ele>242.8</ele>
    <time>2026-04-04T15:13:26Z</time>
   </trkpt>
   <trkpt lat="47.6052410" lon="7.5810090">
    <ele>242.8</ele>
    <time>2026-04-04T15:13:27Z</time>
   </trkpt>
   <trkpt lat="47.6052190" lon="7.5810510">
    <ele>242.8</ele>
    <time>2026-04-04T15:13:28Z</time>
   </trkpt>
   <trkpt lat="47.6051950" lon="7.5810960">
    <ele>242.8</ele>
    <time>2026-04-04T15:13:29Z</time>
   </trkpt>
   <trkpt lat="47.6051740" lon="7.5811380">
    <ele>242.9</ele>
    <time>2026-04-04T15:13:30Z</time>
   </trkpt>
   <trkpt lat="47.6051560" lon="7.5811820">
    <ele>242.9</ele>
    <time>2026-04-04T15:13:31Z</time>
   </trkpt>
   <trkpt lat="47.6051380" lon="7.5812280">
    <ele>242.9</ele>
    <time>2026-04-04T15:13:32Z</time>
   </trkpt>
   <trkpt lat="47.6051180" lon="7.5812760">
    <ele>242.9</ele>
    <time>2026-04-04T15:13:33Z</time>
   </trkpt>
   <trkpt lat="47.6050960" lon="7.5813250">
    <ele>242.9</ele>
    <time>2026-04-04T15:13:34Z</time>
   </trkpt>
   <trkpt lat="47.6050710" lon="7.5813710">
    <ele>242.9</ele>
    <time>2026-04-04T15:13:35Z</time>
   </trkpt>
   <trkpt lat="47.6050490" lon="7.5814130">
    <ele>242.9</ele>
    <time>2026-04-04T15:13:36Z</time>
   </trkpt>
   <trkpt lat="47.6050290" lon="7.5814470">
    <ele>242.9</ele>
    <time>2026-04-04T15:13:37Z</time>
   </trkpt>
   <trkpt lat="47.6050110" lon="7.5814810">
    <ele>242.9</ele>
    <time>2026-04-04T15:13:38Z</time>
   </trkpt>
   <trkpt lat="47.6049890" lon="7.5815180">
    <ele>242.9</ele>
    <time>2026-04-04T15:13:39Z</time>
   </trkpt>
   <trkpt lat="47.6049680" lon="7.5815570">
    <ele>242.9</ele>
    <time>2026-04-04T15:13:40Z</time>
   </trkpt>
   <trkpt lat="47.6049440" lon="7.5815980">
    <ele>242.9</ele>
    <time>2026-04-04T15:13:41Z</time>
   </trkpt>
   <trkpt lat="47.6049230" lon="7.5816340">
    <ele>242.9</ele>
    <time>2026-04-04T15:13:42Z</time>
   </trkpt>
   <trkpt lat="47.6049030" lon="7.5816660">
    <ele>242.9</ele>
    <time>2026-04-04T15:13:43Z</time>
   </trkpt>
   <trkpt lat="47.6048740" lon="7.5817070">
    <ele>242.9</ele>
    <time>2026-04-04T15:13:44Z</time>
   </trkpt>
   <trkpt lat="47.6048460" lon="7.5817500">
    <ele>242.9</ele>
    <time>2026-04-04T15:13:45Z</time>
   </trkpt>
   <trkpt lat="47.6048210" lon="7.5817920">
    <ele>242.9</ele>
    <time>2026-04-04T15:13:46Z</time>
   </trkpt>
   <trkpt lat="47.6047950" lon="7.5818320">
    <ele>242.9</ele>
    <time>2026-04-04T15:13:47Z</time>
   </trkpt>
   <trkpt lat="47.6047660" lon="7.5818730">
    <ele>242.9</ele>
    <time>2026-04-04T15:13:48Z</time>
   </trkpt>
   <trkpt lat="47.6047410" lon="7.5819130">
    <ele>242.9</ele>
    <time>2026-04-04T15:13:49Z</time>
   </trkpt>
   <trkpt lat="47.6047120" lon="7.5819540">
    <ele>242.9</ele>
    <time>2026-04-04T15:13:50Z</time>
   </trkpt>
   <trkpt lat="47.6046840" lon="7.5819940">
    <ele>242.9</ele>
    <time>2026-04-04T15:13:51Z</time>
   </trkpt>
   <trkpt lat="47.6046570" lon="7.5820300">
    <ele>242.9</ele>
    <time>2026-04-04T15:13:52Z</time>
   </trkpt>
   <trkpt lat="47.6046280" lon="7.5820650">
    <ele>243.0</ele>
    <time>2026-04-04T15:13:53Z</time>
   </trkpt>
   <trkpt lat="47.6046020" lon="7.5820990">
    <ele>243.0</ele>
    <time>2026-04-04T15:13:54Z</time>
   </trkpt>
   <trkpt lat="47.6045750" lon="7.5821340">
    <ele>243.0</ele>
    <time>2026-04-04T15:13:55Z</time>
   </trkpt>
   <trkpt lat="47.6045490" lon="7.5821680">
    <ele>243.0</ele>
    <time>2026-04-04T15:13:56Z</time>
   </trkpt>
   <trkpt lat="47.6045230" lon="7.5822030">
    <ele>243.0</ele>
    <time>2026-04-04T15:13:57Z</time>
   </trkpt>
   <trkpt lat="47.6044950" lon="7.5822360">
    <ele>243.0</ele>
    <time>2026-04-04T15:13:58Z</time>
   </trkpt>
   <trkpt lat="47.6044700" lon="7.5822700">
    <ele>243.0</ele>
    <time>2026-04-04T15:13:59Z</time>
   </trkpt>
   <trkpt lat="47.6044430" lon="7.5823030">
    <ele>243.0</ele>
    <time>2026-04-04T15:14:00Z</time>
   </trkpt>
   <trkpt lat="47.6044160" lon="7.5823360">
    <ele>243.0</ele>
    <time>2026-04-04T15:14:01Z</time>
   </trkpt>
   <trkpt lat="47.6043880" lon="7.5823670">
    <ele>243.0</ele>
    <time>2026-04-04T15:14:02Z</time>
   </trkpt>
   <trkpt lat="47.6043610" lon="7.5823950">
    <ele>243.0</ele>
    <time>2026-04-04T15:14:03Z</time>
   </trkpt>
   <trkpt lat="47.6043310" lon="7.5824270">
    <ele>243.0</ele>
    <time>2026-04-04T15:14:04Z</time>
   </trkpt>
   <trkpt lat="47.6043050" lon="7.5824570">
    <ele>243.0</ele>
    <time>2026-04-04T15:14:05Z</time>
   </trkpt>
   <trkpt lat="47.6042770" lon="7.5824890">
    <ele>243.0</ele>
    <time>2026-04-04T15:14:06Z</time>
   </trkpt>
   <trkpt lat="47.6042520" lon="7.5825170">
    <ele>243.0</ele>
    <time>2026-04-04T15:14:07Z</time>
   </trkpt>
   <trkpt lat="47.6042270" lon="7.5825440">
    <ele>243.0</ele>
    <time>2026-04-04T15:14:08Z</time>
   </trkpt>
   <trkpt lat="47.6042020" lon="7.5825690">
    <ele>243.0</ele>
    <time>2026-04-04T15:14:09Z</time>
   </trkpt>
   <trkpt lat="47.6041760" lon="7.5825960">
    <ele>243.0</ele>
    <time>2026-04-04T15:14:10Z</time>
   </trkpt>
   <trkpt lat="47.6041470" lon="7.5826230">
    <ele>243.0</ele>
    <time>2026-04-04T15:14:11Z</time>
   </trkpt>
   <trkpt lat="47.6041180" lon="7.5826490">
    <ele>243.0</ele>
    <time>2026-04-04T15:14:12Z</time>
   </trkpt>
   <trkpt lat="47.6040890" lon="7.5826780">
    <ele>243.0</ele>
    <time>2026-04-04T15:14:13Z</time>
   </trkpt>
   <trkpt lat="47.6040590" lon="7.5827090">
    <ele>243.1</ele>
    <time>2026-04-04T15:14:14Z</time>
   </trkpt>
   <trkpt lat="47.6040310" lon="7.5827360">
    <ele>243.1</ele>
    <time>2026-04-04T15:14:15Z</time>
   </trkpt>
   <trkpt lat="47.6040010" lon="7.5827670">
    <ele>243.1</ele>
    <time>2026-04-04T15:14:16Z</time>
   </trkpt>
   <trkpt lat="47.6039690" lon="7.5827980">
    <ele>243.1</ele>
    <time>2026-04-04T15:14:17Z</time>
   </trkpt>
   <trkpt lat="47.6039390" lon="7.5828300">
    <ele>243.1</ele>
    <time>2026-04-04T15:14:18Z</time>
   </trkpt>
   <trkpt lat="47.6039070" lon="7.5828610">
    <ele>243.1</ele>
    <time>2026-04-04T15:14:19Z</time>
   </trkpt>
   <trkpt lat="47.6038760" lon="7.5828910">
    <ele>243.1</ele>
    <time>2026-04-04T15:14:20Z</time>
   </trkpt>
   <trkpt lat="47.6038450" lon="7.5829200">
    <ele>243.1</ele>
    <time>2026-04-04T15:14:21Z</time>
   </trkpt>
   <trkpt lat="47.6038140" lon="7.5829450">
    <ele>243.1</ele>
    <time>2026-04-04T15:14:22Z</time>
   </trkpt>
   <trkpt lat="47.6037840" lon="7.5829690">
    <ele>243.1</ele>
    <time>2026-04-04T15:14:23Z</time>
   </trkpt>
   <trkpt lat="47.6037540" lon="7.5829900">
    <ele>243.1</ele>
    <time>2026-04-04T15:14:24Z</time>
   </trkpt>
   <trkpt lat="47.6037230" lon="7.5830120">
    <ele>243.1</ele>
    <time>2026-04-04T15:14:25Z</time>
   </trkpt>
   <trkpt lat="47.6036910" lon="7.5830320">
    <ele>243.1</ele>
    <time>2026-04-04T15:14:26Z</time>
   </trkpt>
   <trkpt lat="47.6036600" lon="7.5830530">
    <ele>243.1</ele>
    <time>2026-04-04T15:14:27Z</time>
   </trkpt>
   <trkpt lat="47.6036310" lon="7.5830750">
    <ele>243.2</ele>
    <time>2026-04-04T15:14:28Z</time>
   </trkpt>
   <trkpt lat="47.6036000" lon="7.5830960">
    <ele>243.2</ele>
    <time>2026-04-04T15:14:29Z</time>
   </trkpt>
   <trkpt lat="47.6035690" lon="7.5831170">
    <ele>243.2</ele>
    <time>2026-04-04T15:14:30Z</time>
   </trkpt>
   <trkpt lat="47.6035370" lon="7.5831420">
    <ele>243.2</ele>
    <time>2026-04-04T15:14:31Z</time>
   </trkpt>
   <trkpt lat="47.6035070" lon="7.5831650">
    <ele>243.1</ele>
    <time>2026-04-04T15:14:32Z</time>
   </trkpt>
   <trkpt lat="47.6034750" lon="7.5831870">
    <ele>243.1</ele>
    <time>2026-04-04T15:14:33Z</time>
   </trkpt>
   <trkpt lat="47.6034420" lon="7.5832080">
    <ele>243.1</ele>
    <time>2026-04-04T15:14:34Z</time>
   </trkpt>
   <trkpt lat="47.6034100" lon="7.5832300">
    <ele>243.1</ele>
    <time>2026-04-04T15:14:35Z</time>
   </trkpt>
   <trkpt lat="47.6033800" lon="7.5832500">
    <ele>243.2</ele>
    <time>2026-04-04T15:14:36Z</time>
   </trkpt>
   <trkpt lat="47.6033500" lon="7.5832690">
    <ele>243.2</ele>
    <time>2026-04-04T15:14:37Z</time>
   </trkpt>
   <trkpt lat="47.6033190" lon="7.5832880">
    <ele>243.2</ele>
    <time>2026-04-04T15:14:38Z</time>
   </trkpt>
   <trkpt lat="47.6032870" lon="7.5833060">
    <ele>243.2</ele>
    <time>2026-04-04T15:14:39Z</time>
   </trkpt>
   <trkpt lat="47.6032540" lon="7.5833250">
    <ele>243.2</ele>
    <time>2026-04-04T15:14:40Z</time>
   </trkpt>
   <trkpt lat="47.6032190" lon="7.5833450">
    <ele>243.2</ele>
    <time>2026-04-04T15:14:41Z</time>
   </trkpt>
   <trkpt lat="47.6031840" lon="7.5833650">
    <ele>243.2</ele>
    <time>2026-04-04T15:14:42Z</time>
   </trkpt>
   <trkpt lat="47.6031510" lon="7.5833850">
    <ele>243.2</ele>
    <time>2026-04-04T15:14:43Z</time>
   </trkpt>
   <trkpt lat="47.6031180" lon="7.5834050">
    <ele>243.2</ele>
    <time>2026-04-04T15:14:44Z</time>
   </trkpt>
   <trkpt lat="47.6030860" lon="7.5834260">
    <ele>243.2</ele>
    <time>2026-04-04T15:14:45Z</time>
   </trkpt>
   <trkpt lat="47.6030520" lon="7.5834490">
    <ele>243.2</ele>
    <time>2026-04-04T15:14:46Z</time>
   </trkpt>
   <trkpt lat="47.6030160" lon="7.5834670">
    <ele>243.2</ele>
    <time>2026-04-04T15:14:47Z</time>
   </trkpt>
   <trkpt lat="47.6029820" lon="7.5834850">
    <ele>243.2</ele>
    <time>2026-04-04T15:14:48Z</time>
   </trkpt>
   <trkpt lat="47.6029470" lon="7.5835070">
    <ele>243.2</ele>
    <time>2026-04-04T15:14:49Z</time>
   </trkpt>
   <trkpt lat="47.6029120" lon="7.5835290">
    <ele>243.2</ele>
    <time>2026-04-04T15:14:50Z</time>
   </trkpt>
   <trkpt lat="47.6028810" lon="7.5835460">
    <ele>243.2</ele>
    <time>2026-04-04T15:14:51Z</time>
   </trkpt>
   <trkpt lat="47.6028480" lon="7.5835590">
    <ele>243.2</ele>
    <time>2026-04-04T15:14:52Z</time>
   </trkpt>
   <trkpt lat="47.6028120" lon="7.5835740">
    <ele>243.2</ele>
    <time>2026-04-04T15:14:53Z</time>
   </trkpt>
   <trkpt lat="47.6027780" lon="7.5835900">
    <ele>243.2</ele>
    <time>2026-04-04T15:14:54Z</time>
   </trkpt>
   <trkpt lat="47.6027420" lon="7.5836050">
    <ele>243.3</ele>
    <time>2026-04-04T15:14:55Z</time>
   </trkpt>
   <trkpt lat="47.6027090" lon="7.5836160">
    <ele>243.3</ele>
    <time>2026-04-04T15:14:56Z</time>
   </trkpt>
   <trkpt lat="47.6026760" lon="7.5836270">
    <ele>243.3</ele>
    <time>2026-04-04T15:14:57Z</time>
   </trkpt>
   <trkpt lat="47.6026410" lon="7.5836370">
    <ele>243.3</ele>
    <time>2026-04-04T15:14:58Z</time>
   </trkpt>
   <trkpt lat="47.6026070" lon="7.5836480">
    <ele>243.3</ele>
    <time>2026-04-04T15:14:59Z</time>
   </trkpt>
   <trkpt lat="47.6025760" lon="7.5836610">
    <ele>243.4</ele>
    <time>2026-04-04T15:15:00Z</time>
   </trkpt>
   <trkpt lat="47.6025430" lon="7.5836720">
    <ele>243.4</ele>
    <time>2026-04-04T15:15:01Z</time>
   </trkpt>
   <trkpt lat="47.6025090" lon="7.5836860">
    <ele>243.4</ele>
    <time>2026-04-04T15:15:02Z</time>
   </trkpt>
   <trkpt lat="47.6024750" lon="7.5837000">
    <ele>243.4</ele>
    <time>2026-04-04T15:15:03Z</time>
   </trkpt>
   <trkpt lat="47.6024410" lon="7.5837140">
    <ele>243.4</ele>
    <time>2026-04-04T15:15:04Z</time>
   </trkpt>
   <trkpt lat="47.6024060" lon="7.5837270">
    <ele>243.4</ele>
    <time>2026-04-04T15:15:05Z</time>
   </trkpt>
   <trkpt lat="47.6023690" lon="7.5837390">
    <ele>243.4</ele>
    <time>2026-04-04T15:15:06Z</time>
   </trkpt>
   <trkpt lat="47.6023330" lon="7.5837490">
    <ele>243.4</ele>
    <time>2026-04-04T15:15:07Z</time>
   </trkpt>
   <trkpt lat="47.6022960" lon="7.5837600">
    <ele>243.4</ele>
    <time>2026-04-04T15:15:08Z</time>
   </trkpt>
   <trkpt lat="47.6022620" lon="7.5837730">
    <ele>243.4</ele>
    <time>2026-04-04T15:15:09Z</time>
   </trkpt>
   <trkpt lat="47.6022270" lon="7.5837840">
    <ele>243.4</ele>
    <time>2026-04-04T15:15:10Z</time>
   </trkpt>
   <trkpt lat="47.6021920" lon="7.5837970">
    <ele>243.4</ele>
    <time>2026-04-04T15:15:11Z</time>
   </trkpt>
   <trkpt lat="47.6021580" lon="7.5838100">
    <ele>243.4</ele>
    <time>2026-04-04T15:15:12Z</time>
   </trkpt>
   <trkpt lat="47.6021230" lon="7.5838190">
    <ele>243.4</ele>
    <time>2026-04-04T15:15:13Z</time>
   </trkpt>
   <trkpt lat="47.6020880" lon="7.5838260">
    <ele>243.4</ele>
    <time>2026-04-04T15:15:14Z</time>
   </trkpt>
   <trkpt lat="47.6020550" lon="7.5838300">
    <ele>243.4</ele>
    <time>2026-04-04T15:15:15Z</time>
   </trkpt>
   <trkpt lat="47.6020210" lon="7.5838360">
    <ele>243.4</ele>
    <time>2026-04-04T15:15:16Z</time>
   </trkpt>
   <trkpt lat="47.6019870" lon="7.5838390">
    <ele>243.4</ele>
    <time>2026-04-04T15:15:17Z</time>
   </trkpt>
   <trkpt lat="47.6019550" lon="7.5838430">
    <ele>243.4</ele>
    <time>2026-04-04T15:15:18Z</time>
   </trkpt>
   <trkpt lat="47.6019220" lon="7.5838480">
    <ele>243.4</ele>
    <time>2026-04-04T15:15:19Z</time>
   </trkpt>
   <trkpt lat="47.6018910" lon="7.5838540">
    <ele>243.4</ele>
    <time>2026-04-04T15:15:20Z</time>
   </trkpt>
   <trkpt lat="47.6018600" lon="7.5838570">
    <ele>243.4</ele>
    <time>2026-04-04T15:15:21Z</time>
   </trkpt>
   <trkpt lat="47.6018280" lon="7.5838600">
    <ele>243.5</ele>
    <time>2026-04-04T15:15:22Z</time>
   </trkpt>
   <trkpt lat="47.6017960" lon="7.5838640">
    <ele>243.5</ele>
    <time>2026-04-04T15:15:23Z</time>
   </trkpt>
   <trkpt lat="47.6017640" lon="7.5838700">
    <ele>243.5</ele>
    <time>2026-04-04T15:15:24Z</time>
   </trkpt>
   <trkpt lat="47.6017300" lon="7.5838740">
    <ele>243.5</ele>
    <time>2026-04-04T15:15:25Z</time>
   </trkpt>
   <trkpt lat="47.6016980" lon="7.5838760">
    <ele>243.5</ele>
    <time>2026-04-04T15:15:26Z</time>
   </trkpt>
   <trkpt lat="47.6016650" lon="7.5838790">
    <ele>243.6</ele>
    <time>2026-04-04T15:15:27Z</time>
   </trkpt>
   <trkpt lat="47.6016330" lon="7.5838820">
    <ele>243.6</ele>
    <time>2026-04-04T15:15:28Z</time>
   </trkpt>
   <trkpt lat="47.6016030" lon="7.5838870">
    <ele>243.6</ele>
    <time>2026-04-04T15:15:29Z</time>
   </trkpt>
   <trkpt lat="47.6015730" lon="7.5838900">
    <ele>243.6</ele>
    <time>2026-04-04T15:15:30Z</time>
   </trkpt>
   <trkpt lat="47.6015410" lon="7.5838940">
    <ele>243.7</ele>
    <time>2026-04-04T15:15:31Z</time>
   </trkpt>
   <trkpt lat="47.6015080" lon="7.5838950">
    <ele>243.7</ele>
    <time>2026-04-04T15:15:32Z</time>
   </trkpt>
   <trkpt lat="47.6014760" lon="7.5838990">
    <ele>243.7</ele>
    <time>2026-04-04T15:15:33Z</time>
   </trkpt>
   <trkpt lat="47.6014440" lon="7.5839020">
    <ele>243.8</ele>
    <time>2026-04-04T15:15:34Z</time>
   </trkpt>
   <trkpt lat="47.6014130" lon="7.5838980">
    <ele>243.8</ele>
    <time>2026-04-04T15:15:35Z</time>
   </trkpt>
   <trkpt lat="47.6013840" lon="7.5838960">
    <ele>243.8</ele>
    <time>2026-04-04T15:15:36Z</time>
   </trkpt>
   <trkpt lat="47.6013530" lon="7.5838850">
    <ele>243.9</ele>
    <time>2026-04-04T15:15:37Z</time>
   </trkpt>
   <trkpt lat="47.6013270" lon="7.5838740">
    <ele>243.9</ele>
    <time>2026-04-04T15:15:38Z</time>
   </trkpt>
   <trkpt lat="47.6012860" lon="7.5838740">
    <ele>244.0</ele>
    <time>2026-04-04T15:15:39Z</time>
   </trkpt>
   <trkpt lat="47.6012710" lon="7.5838740">
    <ele>244.0</ele>
    <time>2026-04-04T15:15:40Z</time>
   </trkpt>
   <trkpt lat="47.6012410" lon="7.5838730">
    <ele>244.0</ele>
    <time>2026-04-04T15:15:41Z</time>
   </trkpt>
   <trkpt lat="47.6012110" lon="7.5838700">
    <ele>244.0</ele>
    <time>2026-04-04T15:15:42Z</time>
   </trkpt>
   <trkpt lat="47.6011770" lon="7.5838730">
    <ele>244.1</ele>
    <time>2026-04-04T15:15:43Z</time>
   </trkpt>
   <trkpt lat="47.6011430" lon="7.5838730">
    <ele>244.1</ele>
    <time>2026-04-04T15:15:44Z</time>
   </trkpt>
   <trkpt lat="47.6011080" lon="7.5838700">
    <ele>244.1</ele>
    <time>2026-04-04T15:15:45Z</time>
   </trkpt>
   <trkpt lat="47.6010770" lon="7.5838640">
    <ele>244.1</ele>
    <time>2026-04-04T15:15:46Z</time>
   </trkpt>
   <trkpt lat="47.6010450" lon="7.5838560">
    <ele>244.1</ele>
    <time>2026-04-04T15:15:47Z</time>
   </trkpt>
   <trkpt lat="47.6010150" lon="7.5838450">
    <ele>244.1</ele>
    <time>2026-04-04T15:15:48Z</time>
   </trkpt>
   <trkpt lat="47.6009830" lon="7.5838320">
    <ele>244.1</ele>
    <time>2026-04-04T15:15:49Z</time>
   </trkpt>
   <trkpt lat="47.6009560" lon="7.5838080">
    <ele>244.1</ele>
    <time>2026-04-04T15:15:50Z</time>
   </trkpt>
   <trkpt lat="47.6009340" lon="7.5837730">
    <ele>244.1</ele>
    <time>2026-04-04T15:15:51Z</time>
   </trkpt>
   <trkpt lat="47.6009140" lon="7.5837320">
    <ele>244.1</ele>
    <time>2026-04-04T15:15:52Z</time>
   </trkpt>
   <trkpt lat="47.6008960" lon="7.5836900">
    <ele>244.0</ele>
    <time>2026-04-04T15:15:53Z</time>
   </trkpt>
   <trkpt lat="47.6008750" lon="7.5836490">
    <ele>244.0</ele>
    <time>2026-04-04T15:15:54Z</time>
   </trkpt>
   <trkpt lat="47.6008490" lon="7.5836130">
    <ele>244.0</ele>
    <time>2026-04-04T15:15:55Z</time>
   </trkpt>
   <trkpt lat="47.6008210" lon="7.5835880">
    <ele>244.1</ele>
    <time>2026-04-04T15:15:56Z</time>
   </trkpt>
   <trkpt lat="47.6007930" lon="7.5835680">
    <ele>244.1</ele>
    <time>2026-04-04T15:15:57Z</time>
   </trkpt>
   <trkpt lat="47.6007660" lon="7.5835470">
    <ele>244.1</ele>
    <time>2026-04-04T15:15:58Z</time>
   </trkpt>
   <trkpt lat="47.6007410" lon="7.5835220">
    <ele>244.1</ele>
    <time>2026-04-04T15:15:59Z</time>
   </trkpt>
   <trkpt lat="47.6007210" lon="7.5834910">
    <ele>244.1</ele>
    <time>2026-04-04T15:16:00Z</time>
   </trkpt>
   <trkpt lat="47.6007050" lon="7.5834560">
    <ele>244.1</ele>
    <time>2026-04-04T15:16:01Z</time>
   </trkpt>
   <trkpt lat="47.6006930" lon="7.5834360">
    <ele>244.1</ele>
    <time>2026-04-04T15:16:02Z</time>
   </trkpt>
   <trkpt lat="47.6006840" lon="7.5834260">
    <ele>244.1</ele>
    <time>2026-04-04T15:16:03Z</time>
   </trkpt>
   <trkpt lat="47.6006890" lon="7.5834360">
    <ele>244.1</ele>
    <time>2026-04-04T15:16:04Z</time>
   </trkpt>
   <trkpt lat="47.6006880" lon="7.5834350">
    <ele>244.1</ele>
    <time>2026-04-04T15:16:05Z</time>
   </trkpt>
   <trkpt lat="47.6006830" lon="7.5834300">
    <ele>244.1</ele>
    <time>2026-04-04T15:16:06Z</time>
   </trkpt>
   <trkpt lat="47.6006710" lon="7.5834230">
    <ele>244.1</ele>
    <time>2026-04-04T15:16:07Z</time>
   </trkpt>
   <trkpt lat="47.6006540" lon="7.5834220">
    <ele>244.1</ele>
    <time>2026-04-04T15:16:08Z</time>
   </trkpt>
   <trkpt lat="47.6006180" lon="7.5834380">
    <ele>244.2</ele>
    <time>2026-04-04T15:16:09Z</time>
   </trkpt>
   <trkpt lat="47.6006040" lon="7.5834430">
    <ele>244.2</ele>
    <time>2026-04-04T15:16:10Z</time>
   </trkpt>
   <trkpt lat="47.6005730" lon="7.5834480">
    <ele>244.2</ele>
    <time>2026-04-04T15:16:11Z</time>
   </trkpt>
   <trkpt lat="47.6005440" lon="7.5834600">
    <ele>244.3</ele>
    <time>2026-04-04T15:16:12Z</time>
   </trkpt>
   <trkpt lat="47.6005230" lon="7.5834920">
    <ele>244.3</ele>
    <time>2026-04-04T15:16:13Z</time>
   </trkpt>
   <trkpt lat="47.6005170" lon="7.5835360">
    <ele>244.3</ele>
    <time>2026-04-04T15:16:14Z</time>
   </trkpt>
   <trkpt lat="47.6005180" lon="7.5835840">
    <ele>244.3</ele>
    <time>2026-04-04T15:16:15Z</time>
   </trkpt>
   <trkpt lat="47.6005070" lon="7.5836310">
    <ele>244.3</ele>
    <time>2026-04-04T15:16:16Z</time>
   </trkpt>
   <trkpt lat="47.6004860" lon="7.5836720">
    <ele>244.4</ele>
    <time>2026-04-04T15:16:17Z</time>
   </trkpt>
   <trkpt lat="47.6004650" lon="7.5837140">
    <ele>244.4</ele>
    <time>2026-04-04T15:16:18Z</time>
   </trkpt>
   <trkpt lat="47.6004410" lon="7.5837550">
    <ele>244.4</ele>
    <time>2026-04-04T15:16:19Z</time>
   </trkpt>
   <trkpt lat="47.6004140" lon="7.5837870">
    <ele>244.4</ele>
    <time>2026-04-04T15:16:20Z</time>
   </trkpt>
   <trkpt lat="47.6003850" lon="7.5838130">
    <ele>244.4</ele>
    <time>2026-04-04T15:16:21Z</time>
   </trkpt>
   <trkpt lat="47.6003560" lon="7.5838280">
    <ele>244.5</ele>
    <time>2026-04-04T15:16:22Z</time>
   </trkpt>
   <trkpt lat="47.6003270" lon="7.5838410">
    <ele>244.5</ele>
    <time>2026-04-04T15:16:23Z</time>
   </trkpt>
   <trkpt lat="47.6002990" lon="7.5838460">
    <ele>244.5</ele>
    <time>2026-04-04T15:16:24Z</time>
   </trkpt>
   <trkpt lat="47.6002700" lon="7.5838470">
    <ele>244.6</ele>
    <time>2026-04-04T15:16:25Z</time>
   </trkpt>
   <trkpt lat="47.6002410" lon="7.5838520">
    <ele>244.6</ele>
    <time>2026-04-04T15:16:26Z</time>
   </trkpt>
   <trkpt lat="47.6002110" lon="7.5838570">
    <ele>244.7</ele>
    <time>2026-04-04T15:16:27Z</time>
   </trkpt>
   <trkpt lat="47.6001810" lon="7.5838620">
    <ele>244.7</ele>
    <time>2026-04-04T15:16:28Z</time>
   </trkpt>
   <trkpt lat="47.6001500" lon="7.5838700">
    <ele>244.7</ele>
    <time>2026-04-04T15:16:29Z</time>
   </trkpt>
   <trkpt lat="47.6001180" lon="7.5838740">
    <ele>244.8</ele>
    <time>2026-04-04T15:16:30Z</time>
   </trkpt>
   <trkpt lat="47.6000840" lon="7.5838790">
    <ele>244.8</ele>
    <time>2026-04-04T15:16:31Z</time>
   </trkpt>
   <trkpt lat="47.6000510" lon="7.5838810">
    <ele>244.9</ele>
    <time>2026-04-04T15:16:32Z</time>
   </trkpt>
   <trkpt lat="47.6000190" lon="7.5838880">
    <ele>244.9</ele>
    <time>2026-04-04T15:16:33Z</time>
   </trkpt>
   <trkpt lat="47.5999880" lon="7.5839010">
    <ele>245.0</ele>
    <time>2026-04-04T15:16:34Z</time>
   </trkpt>
   <trkpt lat="47.5999570" lon="7.5839090">
    <ele>245.0</ele>
    <time>2026-04-04T15:16:35Z</time>
   </trkpt>
   <trkpt lat="47.5999250" lon="7.5839110">
    <ele>245.1</ele>
    <time>2026-04-04T15:16:36Z</time>
   </trkpt>
   <trkpt lat="47.5998930" lon="7.5839160">
    <ele>245.1</ele>
    <time>2026-04-04T15:16:37Z</time>
   </trkpt>
   <trkpt lat="47.5998600" lon="7.5839200">
    <ele>245.2</ele>
    <time>2026-04-04T15:16:38Z</time>
   </trkpt>
   <trkpt lat="47.5998260" lon="7.5839260">
    <ele>245.2</ele>
    <time>2026-04-04T15:16:39Z</time>
   </trkpt>
   <trkpt lat="47.5997920" lon="7.5839310">
    <ele>245.2</ele>
    <time>2026-04-04T15:16:40Z</time>
   </trkpt>
   <trkpt lat="47.5997590" lon="7.5839390">
    <ele>245.2</ele>
    <time>2026-04-04T15:16:41Z</time>
   </trkpt>
   <trkpt lat="47.5997240" lon="7.5839450">
    <ele>245.3</ele>
    <time>2026-04-04T15:16:42Z</time>
   </trkpt>
   <trkpt lat="47.5996920" lon="7.5839490">
    <ele>245.3</ele>
    <time>2026-04-04T15:16:43Z</time>
   </trkpt>
   <trkpt lat="47.5996610" lon="7.5839540">
    <ele>245.3</ele>
    <time>2026-04-04T15:16:44Z</time>
   </trkpt>
   <trkpt lat="47.5996290" lon="7.5839610">
    <ele>245.3</ele>
    <time>2026-04-04T15:16:45Z</time>
   </trkpt>
   <trkpt lat="47.5995950" lon="7.5839690">
    <ele>245.3</ele>
    <time>2026-04-04T15:16:46Z</time>
   </trkpt>
   <trkpt lat="47.5995600" lon="7.5839780">
    <ele>245.4</ele>
    <time>2026-04-04T15:16:47Z</time>
   </trkpt>
   <trkpt lat="47.5995230" lon="7.5839890">
    <ele>245.4</ele>
    <time>2026-04-04T15:16:48Z</time>
   </trkpt>
   <trkpt lat="47.5994870" lon="7.5839990">
    <ele>245.4</ele>
    <time>2026-04-04T15:16:49Z</time>
   </trkpt>
   <trkpt lat="47.5994520" lon="7.5840080">
    <ele>245.5</ele>
    <time>2026-04-04T15:16:50Z</time>
   </trkpt>
   <trkpt lat="47.5994170" lon="7.5840190">
    <ele>245.5</ele>
    <time>2026-04-04T15:16:51Z</time>
   </trkpt>
   <trkpt lat="47.5993830" lon="7.5840300">
    <ele>245.5</ele>
    <time>2026-04-04T15:16:52Z</time>
   </trkpt>
   <trkpt lat="47.5993480" lon="7.5840400">
    <ele>245.6</ele>
    <time>2026-04-04T15:16:53Z</time>
   </trkpt>
   <trkpt lat="47.5993150" lon="7.5840490">
    <ele>245.6</ele>
    <time>2026-04-04T15:16:54Z</time>
   </trkpt>
   <trkpt lat="47.5992810" lon="7.5840590">
    <ele>245.6</ele>
    <time>2026-04-04T15:16:55Z</time>
   </trkpt>
   <trkpt lat="47.5992480" lon="7.5840680">
    <ele>245.7</ele>
    <time>2026-04-04T15:16:56Z</time>
   </trkpt>
   <trkpt lat="47.5992170" lon="7.5840760">
    <ele>245.7</ele>
    <time>2026-04-04T15:16:57Z</time>
   </trkpt>
   <trkpt lat="47.5991830" lon="7.5840840">
    <ele>245.8</ele>
    <time>2026-04-04T15:16:58Z</time>
   </trkpt>
   <trkpt lat="47.5991500" lon="7.5840940">
    <ele>245.8</ele>
    <time>2026-04-04T15:16:59Z</time>
   </trkpt>
   <trkpt lat="47.5991140" lon="7.5841050">
    <ele>245.8</ele>
    <time>2026-04-04T15:17:00Z</time>
   </trkpt>
   <trkpt lat="47.5990800" lon="7.5841150">
    <ele>245.9</ele>
    <time>2026-04-04T15:17:01Z</time>
   </trkpt>
   <trkpt lat="47.5990440" lon="7.5841280">
    <ele>245.9</ele>
    <time>2026-04-04T15:17:02Z</time>
   </trkpt>
   <trkpt lat="47.5990110" lon="7.5841390">
    <ele>245.9</ele>
    <time>2026-04-04T15:17:03Z</time>
   </trkpt>
   <trkpt lat="47.5989770" lon="7.5841480">
    <ele>245.9</ele>
    <time>2026-04-04T15:17:04Z</time>
   </trkpt>
   <trkpt lat="47.5989450" lon="7.5841570">
    <ele>246.0</ele>
    <time>2026-04-04T15:17:05Z</time>
   </trkpt>
   <trkpt lat="47.5989120" lon="7.5841660">
    <ele>246.0</ele>
    <time>2026-04-04T15:17:06Z</time>
   </trkpt>
   <trkpt lat="47.5988790" lon="7.5841750">
    <ele>246.0</ele>
    <time>2026-04-04T15:17:07Z</time>
   </trkpt>
   <trkpt lat="47.5988460" lon="7.5841820">
    <ele>246.0</ele>
    <time>2026-04-04T15:17:08Z</time>
   </trkpt>
   <trkpt lat="47.5988130" lon="7.5841880">
    <ele>246.0</ele>
    <time>2026-04-04T15:17:09Z</time>
   </trkpt>
   <trkpt lat="47.5987810" lon="7.5841970">
    <ele>246.1</ele>
    <time>2026-04-04T15:17:10Z</time>
   </trkpt>
   <trkpt lat="47.5987440" lon="7.5841970">
    <ele>246.1</ele>
    <time>2026-04-04T15:17:11Z</time>
   </trkpt>
   <trkpt lat="47.5987050" lon="7.5842020">
    <ele>246.1</ele>
    <time>2026-04-04T15:17:12Z</time>
   </trkpt>
   <trkpt lat="47.5986680" lon="7.5842070">
    <ele>246.1</ele>
    <time>2026-04-04T15:17:13Z</time>
   </trkpt>
   <trkpt lat="47.5986310" lon="7.5842110">
    <ele>246.1</ele>
    <time>2026-04-04T15:17:14Z</time>
   </trkpt>
   <trkpt lat="47.5985920" lon="7.5842140">
    <ele>246.2</ele>
    <time>2026-04-04T15:17:15Z</time>
   </trkpt>
   <trkpt lat="47.5985550" lon="7.5842170">
    <ele>246.2</ele>
    <time>2026-04-04T15:17:16Z</time>
   </trkpt>
   <trkpt lat="47.5985160" lon="7.5842200">
    <ele>246.2</ele>
    <time>2026-04-04T15:17:17Z</time>
   </trkpt>
   <trkpt lat="47.5984760" lon="7.5842210">
    <ele>246.2</ele>
    <time>2026-04-04T15:17:18Z</time>
   </trkpt>
   <trkpt lat="47.5984380" lon="7.5842230">
    <ele>246.2</ele>
    <time>2026-04-04T15:17:19Z</time>
   </trkpt>
   <trkpt lat="47.5984000" lon="7.5842200">
    <ele>246.2</ele>
    <time>2026-04-04T15:17:20Z</time>
   </trkpt>
   <trkpt lat="47.5983630" lon="7.5842180">
    <ele>246.2</ele>
    <time>2026-04-04T15:17:21Z</time>
   </trkpt>
   <trkpt lat="47.5983260" lon="7.5842160">
    <ele>246.2</ele>
    <time>2026-04-04T15:17:22Z</time>
   </trkpt>
   <trkpt lat="47.5982910" lon="7.5842070">
    <ele>246.2</ele>
    <time>2026-04-04T15:17:23Z</time>
   </trkpt>
   <trkpt lat="47.5982570" lon="7.5841970">
    <ele>246.2</ele>
    <time>2026-04-04T15:17:24Z</time>
   </trkpt>
   <trkpt lat="47.5982230" lon="7.5841970">
    <ele>246.2</ele>
    <time>2026-04-04T15:17:25Z</time>
   </trkpt>
   <trkpt lat="47.5981870" lon="7.5842010">
    <ele>246.2</ele>
    <time>2026-04-04T15:17:26Z</time>
   </trkpt>
   <trkpt lat="47.5981530" lon="7.5841950">
    <ele>246.2</ele>
    <time>2026-04-04T15:17:27Z</time>
   </trkpt>
   <trkpt lat="47.5981180" lon="7.5841870">
    <ele>246.1</ele>
    <time>2026-04-04T15:17:28Z</time>
   </trkpt>
   <trkpt lat="47.5980850" lon="7.5841800">
    <ele>246.1</ele>
    <time>2026-04-04T15:17:29Z</time>
   </trkpt>
   <trkpt lat="47.5980550" lon="7.5841670">
    <ele>246.1</ele>
    <time>2026-04-04T15:17:30Z</time>
   </trkpt>
   <trkpt lat="47.5980250" lon="7.5841570">
    <ele>246.1</ele>
    <time>2026-04-04T15:17:31Z</time>
   </trkpt>
   <trkpt lat="47.5979970" lon="7.5841500">
    <ele>246.1</ele>
    <time>2026-04-04T15:17:32Z</time>
   </trkpt>
   <trkpt lat="47.5979690" lon="7.5841420">
    <ele>246.1</ele>
    <time>2026-04-04T15:17:33Z</time>
   </trkpt>
   <trkpt lat="47.5979410" lon="7.5841370">
    <ele>246.1</ele>
    <time>2026-04-04T15:17:34Z</time>
   </trkpt>
   <trkpt lat="47.5979030" lon="7.5841290">
    <ele>246.1</ele>
    <time>2026-04-04T15:17:35Z</time>
   </trkpt>
   <trkpt lat="47.5978900" lon="7.5841270">
    <ele>246.2</ele>
    <time>2026-04-04T15:17:36Z</time>
   </trkpt>
   <trkpt lat="47.5978620" lon="7.5841230">
    <ele>246.2</ele>
    <time>2026-04-04T15:17:37Z</time>
   </trkpt>
   <trkpt lat="47.5978310" lon="7.5841260">
    <ele>246.2</ele>
    <time>2026-04-04T15:17:38Z</time>
   </trkpt>
   <trkpt lat="47.5977930" lon="7.5841310">
    <ele>246.2</ele>
    <time>2026-04-04T15:17:39Z</time>
   </trkpt>
   <trkpt lat="47.5977810" lon="7.5841310">
    <ele>246.2</ele>
    <time>2026-04-04T15:17:40Z</time>
   </trkpt>
   <trkpt lat="47.5977520" lon="7.5841610">
    <ele>246.3</ele>
    <time>2026-04-04T15:17:41Z</time>
   </trkpt>
   <trkpt lat="47.5977430" lon="7.5841760">
    <ele>246.3</ele>
    <time>2026-04-04T15:17:42Z</time>
   </trkpt>
   <trkpt lat="47.5977280" lon="7.5842120">
    <ele>246.3</ele>
    <time>2026-04-04T15:17:43Z</time>
   </trkpt>
   <trkpt lat="47.5977110" lon="7.5842450">
    <ele>246.4</ele>
    <time>2026-04-04T15:17:44Z</time>
   </trkpt>
   <trkpt lat="47.5976910" lon="7.5842770">
    <ele>246.4</ele>
    <time>2026-04-04T15:17:45Z</time>
   </trkpt>
   <trkpt lat="47.5976690" lon="7.5843080">
    <ele>246.5</ele>
    <time>2026-04-04T15:17:46Z</time>
   </trkpt>
   <trkpt lat="47.5976460" lon="7.5843370">
    <ele>246.5</ele>
    <time>2026-04-04T15:17:47Z</time>
   </trkpt>
   <trkpt lat="47.5976130" lon="7.5843330">
    <ele>246.6</ele>
    <time>2026-04-04T15:17:48Z</time>
   </trkpt>
   <trkpt lat="47.5976040" lon="7.5843240">
    <ele>246.6</ele>
    <time>2026-04-04T15:17:49Z</time>
   </trkpt>
   <trkpt lat="47.5975820" lon="7.5842970">
    <ele>246.6</ele>
    <time>2026-04-04T15:17:50Z</time>
   </trkpt>
   <trkpt lat="47.5975580" lon="7.5842700">
    <ele>246.6</ele>
    <time>2026-04-04T15:17:51Z</time>
   </trkpt>
   <trkpt lat="47.5975350" lon="7.5842440">
    <ele>246.6</ele>
    <time>2026-04-04T15:17:52Z</time>
   </trkpt>
   <trkpt lat="47.5975140" lon="7.5842190">
    <ele>246.6</ele>
    <time>2026-04-04T15:17:53Z</time>
   </trkpt>
   <trkpt lat="47.5974840" lon="7.5841870">
    <ele>246.6</ele>
    <time>2026-04-04T15:17:54Z</time>
   </trkpt>
   <trkpt lat="47.5974750" lon="7.5841760">
    <ele>246.6</ele>
    <time>2026-04-04T15:17:55Z</time>
   </trkpt>
   <trkpt lat="47.5974520" lon="7.5841420">
    <ele>246.6</ele>
    <time>2026-04-04T15:17:56Z</time>
   </trkpt>
   <trkpt lat="47.5974440" lon="7.5841300">
    <ele>246.6</ele>
    <time>2026-04-04T15:17:57Z</time>
   </trkpt>
   <trkpt lat="47.5974130" lon="7.5840930">
    <ele>246.6</ele>
    <time>2026-04-04T15:17:58Z</time>
   </trkpt>
   <trkpt lat="47.5974000" lon="7.5840780">
    <ele>246.6</ele>
    <time>2026-04-04T15:17:59Z</time>
   </trkpt>
   <trkpt lat="47.5973740" lon="7.5840490">
    <ele>246.6</ele>
    <time>2026-04-04T15:18:00Z</time>
   </trkpt>
   <trkpt lat="47.5973460" lon="7.5840240">
    <ele>246.6</ele>
    <time>2026-04-04T15:18:01Z</time>
   </trkpt>
   <trkpt lat="47.5973180" lon="7.5840010">
    <ele>246.6</ele>
    <time>2026-04-04T15:18:02Z</time>
   </trkpt>
   <trkpt lat="47.5972880" lon="7.5839780">
    <ele>246.6</ele>
    <time>2026-04-04T15:18:03Z</time>
   </trkpt>
   <trkpt lat="47.5972570" lon="7.5839550">
    <ele>246.6</ele>
    <time>2026-04-04T15:18:04Z</time>
   </trkpt>
   <trkpt lat="47.5972260" lon="7.5839330">
    <ele>246.6</ele>
    <time>2026-04-04T15:18:05Z</time>
   </trkpt>
   <trkpt lat="47.5971930" lon="7.5839100">
    <ele>246.6</ele>
    <time>2026-04-04T15:18:06Z</time>
   </trkpt>
   <trkpt lat="47.5971590" lon="7.5838870">
    <ele>246.6</ele>
    <time>2026-04-04T15:18:07Z</time>
   </trkpt>
   <trkpt lat="47.5971260" lon="7.5838600">
    <ele>246.6</ele>
    <time>2026-04-04T15:18:08Z</time>
   </trkpt>
   <trkpt lat="47.5970910" lon="7.5838350">
    <ele>246.6</ele>
    <time>2026-04-04T15:18:09Z</time>
   </trkpt>
   <trkpt lat="47.5970560" lon="7.5838070">
    <ele>246.6</ele>
    <time>2026-04-04T15:18:10Z</time>
   </trkpt>
   <trkpt lat="47.5970210" lon="7.5837800">
    <ele>246.6</ele>
    <time>2026-04-04T15:18:11Z</time>
   </trkpt>
   <trkpt lat="47.5969860" lon="7.5837540">
    <ele>246.6</ele>
    <time>2026-04-04T15:18:12Z</time>
   </trkpt>
   <trkpt lat="47.5969520" lon="7.5837290">
    <ele>246.6</ele>
    <time>2026-04-04T15:18:13Z</time>
   </trkpt>
   <trkpt lat="47.5969190" lon="7.5837040">
    <ele>246.6</ele>
    <time>2026-04-04T15:18:14Z</time>
   </trkpt>
   <trkpt lat="47.5968850" lon="7.5836770">
    <ele>246.6</ele>
    <time>2026-04-04T15:18:15Z</time>
   </trkpt>
   <trkpt lat="47.5968520" lon="7.5836530">
    <ele>246.6</ele>
    <time>2026-04-04T15:18:16Z</time>
   </trkpt>
   <trkpt lat="47.5968230" lon="7.5836290">
    <ele>246.5</ele>
    <time>2026-04-04T15:18:17Z</time>
   </trkpt>
   <trkpt lat="47.5967920" lon="7.5836070">
    <ele>246.5</ele>
    <time>2026-04-04T15:18:18Z</time>
   </trkpt>
   <trkpt lat="47.5967600" lon="7.5835840">
    <ele>246.5</ele>
    <time>2026-04-04T15:18:19Z</time>
   </trkpt>
   <trkpt lat="47.5967290" lon="7.5835580">
    <ele>246.5</ele>
    <time>2026-04-04T15:18:20Z</time>
   </trkpt>
   <trkpt lat="47.5966980" lon="7.5835340">
    <ele>246.5</ele>
    <time>2026-04-04T15:18:21Z</time>
   </trkpt>
   <trkpt lat="47.5966650" lon="7.5835070">
    <ele>246.5</ele>
    <time>2026-04-04T15:18:22Z</time>
   </trkpt>
   <trkpt lat="47.5966300" lon="7.5834810">
    <ele>246.5</ele>
    <time>2026-04-04T15:18:23Z</time>
   </trkpt>
   <trkpt lat="47.5965930" lon="7.5834530">
    <ele>246.4</ele>
    <time>2026-04-04T15:18:24Z</time>
   </trkpt>
   <trkpt lat="47.5965540" lon="7.5834230">
    <ele>246.4</ele>
    <time>2026-04-04T15:18:25Z</time>
   </trkpt>
   <trkpt lat="47.5965150" lon="7.5833920">
    <ele>246.4</ele>
    <time>2026-04-04T15:18:26Z</time>
   </trkpt>
   <trkpt lat="47.5964760" lon="7.5833640">
    <ele>246.3</ele>
    <time>2026-04-04T15:18:27Z</time>
   </trkpt>
   <trkpt lat="47.5964390" lon="7.5833360">
    <ele>246.3</ele>
    <time>2026-04-04T15:18:28Z</time>
   </trkpt>
   <trkpt lat="47.5964040" lon="7.5833070">
    <ele>246.3</ele>
    <time>2026-04-04T15:18:29Z</time>
   </trkpt>
   <trkpt lat="47.5963680" lon="7.5832810">
    <ele>246.3</ele>
    <time>2026-04-04T15:18:30Z</time>
   </trkpt>
   <trkpt lat="47.5963320" lon="7.5832510">
    <ele>246.2</ele>
    <time>2026-04-04T15:18:31Z</time>
   </trkpt>
   <trkpt lat="47.5962980" lon="7.5832220">
    <ele>246.2</ele>
    <time>2026-04-04T15:18:32Z</time>
   </trkpt>
   <trkpt lat="47.5962630" lon="7.5831930">
    <ele>246.2</ele>
    <time>2026-04-04T15:18:33Z</time>
   </trkpt>
   <trkpt lat="47.5962290" lon="7.5831650">
    <ele>246.2</ele>
    <time>2026-04-04T15:18:34Z</time>
   </trkpt>
   <trkpt lat="47.5961980" lon="7.5831370">
    <ele>246.2</ele>
    <time>2026-04-04T15:18:35Z</time>
   </trkpt>
   <trkpt lat="47.5961650" lon="7.5831110">
    <ele>246.2</ele>
    <time>2026-04-04T15:18:36Z</time>
   </trkpt>
   <trkpt lat="47.5961300" lon="7.5830830">
    <ele>246.2</ele>
    <time>2026-04-04T15:18:37Z</time>
   </trkpt>
   <trkpt lat="47.5960930" lon="7.5830570">
    <ele>246.2</ele>
    <time>2026-04-04T15:18:38Z</time>
   </trkpt>
   <trkpt lat="47.5960550" lon="7.5830300">
    <ele>246.2</ele>
    <time>2026-04-04T15:18:39Z</time>
   </trkpt>
   <trkpt lat="47.5960190" lon="7.5830030">
    <ele>246.2</ele>
    <time>2026-04-04T15:18:40Z</time>
   </trkpt>
   <trkpt lat="47.5959820" lon="7.5829770">
    <ele>246.2</ele>
    <time>2026-04-04T15:18:41Z</time>
   </trkpt>
   <trkpt lat="47.5959480" lon="7.5829520">
    <ele>246.2</ele>
    <time>2026-04-04T15:18:42Z</time>
   </trkpt>
   <trkpt lat="47.5959150" lon="7.5829240">
    <ele>246.2</ele>
    <time>2026-04-04T15:18:43Z</time>
   </trkpt>
   <trkpt lat="47.5958820" lon="7.5828950">
    <ele>246.2</ele>
    <time>2026-04-04T15:18:44Z</time>
   </trkpt>
   <trkpt lat="47.5958480" lon="7.5828700">
    <ele>246.2</ele>
    <time>2026-04-04T15:18:45Z</time>
   </trkpt>
   <trkpt lat="47.5958110" lon="7.5828440">
    <ele>246.2</ele>
    <time>2026-04-04T15:18:46Z</time>
   </trkpt>
   <trkpt lat="47.5957760" lon="7.5828150">
    <ele>246.2</ele>
    <time>2026-04-04T15:18:47Z</time>
   </trkpt>
   <trkpt lat="47.5957400" lon="7.5827840">
    <ele>246.1</ele>
    <time>2026-04-04T15:18:48Z</time>
   </trkpt>
   <trkpt lat="47.5957040" lon="7.5827560">
    <ele>246.1</ele>
    <time>2026-04-04T15:18:49Z</time>
   </trkpt>
   <trkpt lat="47.5956700" lon="7.5827280">
    <ele>246.1</ele>
    <time>2026-04-04T15:18:50Z</time>
   </trkpt>
   <trkpt lat="47.5956350" lon="7.5826970">
    <ele>246.1</ele>
    <time>2026-04-04T15:18:51Z</time>
   </trkpt>
   <trkpt lat="47.5955990" lon="7.5826660">
    <ele>246.1</ele>
    <time>2026-04-04T15:18:52Z</time>
   </trkpt>
   <trkpt lat="47.5955640" lon="7.5826340">
    <ele>246.1</ele>
    <time>2026-04-04T15:18:53Z</time>
   </trkpt>
   <trkpt lat="47.5955270" lon="7.5826020">
    <ele>246.1</ele>
    <time>2026-04-04T15:18:54Z</time>
   </trkpt>
   <trkpt lat="47.5954920" lon="7.5825730">
    <ele>246.1</ele>
    <time>2026-04-04T15:18:55Z</time>
   </trkpt>
   <trkpt lat="47.5954570" lon="7.5825440">
    <ele>246.0</ele>
    <time>2026-04-04T15:18:56Z</time>
   </trkpt>
   <trkpt lat="47.5954230" lon="7.5825160">
    <ele>246.0</ele>
    <time>2026-04-04T15:18:57Z</time>
   </trkpt>
   <trkpt lat="47.5953900" lon="7.5824890">
    <ele>246.0</ele>
    <time>2026-04-04T15:18:58Z</time>
   </trkpt>
   <trkpt lat="47.5953540" lon="7.5824580">
    <ele>246.0</ele>
    <time>2026-04-04T15:18:59Z</time>
   </trkpt>
   <trkpt lat="47.5953170" lon="7.5824300">
    <ele>246.0</ele>
    <time>2026-04-04T15:19:00Z</time>
   </trkpt>
   <trkpt lat="47.5952820" lon="7.5824010">
    <ele>246.0</ele>
    <time>2026-04-04T15:19:01Z</time>
   </trkpt>
   <trkpt lat="47.5952440" lon="7.5823690">
    <ele>246.0</ele>
    <time>2026-04-04T15:19:02Z</time>
   </trkpt>
   <trkpt lat="47.5952080" lon="7.5823370">
    <ele>246.0</ele>
    <time>2026-04-04T15:19:03Z</time>
   </trkpt>
   <trkpt lat="47.5951720" lon="7.5823060">
    <ele>246.0</ele>
    <time>2026-04-04T15:19:04Z</time>
   </trkpt>
   <trkpt lat="47.5951330" lon="7.5822740">
    <ele>246.0</ele>
    <time>2026-04-04T15:19:05Z</time>
   </trkpt>
   <trkpt lat="47.5950970" lon="7.5822430">
    <ele>246.0</ele>
    <time>2026-04-04T15:19:06Z</time>
   </trkpt>
   <trkpt lat="47.5950590" lon="7.5822140">
    <ele>246.1</ele>
    <time>2026-04-04T15:19:07Z</time>
   </trkpt>
   <trkpt lat="47.5950220" lon="7.5821850">
    <ele>246.1</ele>
    <time>2026-04-04T15:19:08Z</time>
   </trkpt>
   <trkpt lat="47.5949870" lon="7.5821570">
    <ele>246.1</ele>
    <time>2026-04-04T15:19:09Z</time>
   </trkpt>
   <trkpt lat="47.5949510" lon="7.5821300">
    <ele>246.1</ele>
    <time>2026-04-04T15:19:10Z</time>
   </trkpt>
   <trkpt lat="47.5949130" lon="7.5821020">
    <ele>246.1</ele>
    <time>2026-04-04T15:19:11Z</time>
   </trkpt>
   <trkpt lat="47.5948770" lon="7.5820770">
    <ele>246.1</ele>
    <time>2026-04-04T15:19:12Z</time>
   </trkpt>
   <trkpt lat="47.5948420" lon="7.5820530">
    <ele>246.2</ele>
    <time>2026-04-04T15:19:13Z</time>
   </trkpt>
   <trkpt lat="47.5948080" lon="7.5820260">
    <ele>246.2</ele>
    <time>2026-04-04T15:19:14Z</time>
   </trkpt>
   <trkpt lat="47.5947750" lon="7.5820030">
    <ele>246.2</ele>
    <time>2026-04-04T15:19:15Z</time>
   </trkpt>
   <trkpt lat="47.5947400" lon="7.5819790">
    <ele>246.2</ele>
    <time>2026-04-04T15:19:16Z</time>
   </trkpt>
   <trkpt lat="47.5947040" lon="7.5819510">
    <ele>246.2</ele>
    <time>2026-04-04T15:19:17Z</time>
   </trkpt>
   <trkpt lat="47.5946680" lon="7.5819220">
    <ele>246.2</ele>
    <time>2026-04-04T15:19:18Z</time>
   </trkpt>
   <trkpt lat="47.5946340" lon="7.5818920">
    <ele>246.3</ele>
    <time>2026-04-04T15:19:19Z</time>
   </trkpt>
   <trkpt lat="47.5946000" lon="7.5818620">
    <ele>246.3</ele>
    <time>2026-04-04T15:19:20Z</time>
   </trkpt>
   <trkpt lat="47.5945650" lon="7.5818330">
    <ele>246.3</ele>
    <time>2026-04-04T15:19:21Z</time>
   </trkpt>
   <trkpt lat="47.5945270" lon="7.5818010">
    <ele>246.4</ele>
    <time>2026-04-04T15:19:22Z</time>
   </trkpt>
   <trkpt lat="47.5944910" lon="7.5817740">
    <ele>246.4</ele>
    <time>2026-04-04T15:19:23Z</time>
   </trkpt>
   <trkpt lat="47.5944560" lon="7.5817480">
    <ele>246.4</ele>
    <time>2026-04-04T15:19:24Z</time>
   </trkpt>
   <trkpt lat="47.5944200" lon="7.5817240">
    <ele>246.5</ele>
    <time>2026-04-04T15:19:25Z</time>
   </trkpt>
   <trkpt lat="47.5943830" lon="7.5816980">
    <ele>246.5</ele>
    <time>2026-04-04T15:19:26Z</time>
   </trkpt>
   <trkpt lat="47.5943480" lon="7.5816680">
    <ele>246.6</ele>
    <time>2026-04-04T15:19:27Z</time>
   </trkpt>
   <trkpt lat="47.5943160" lon="7.5816410">
    <ele>246.6</ele>
    <time>2026-04-04T15:19:28Z</time>
   </trkpt>
   <trkpt lat="47.5942850" lon="7.5816130">
    <ele>246.6</ele>
    <time>2026-04-04T15:19:29Z</time>
   </trkpt>
   <trkpt lat="47.5942530" lon="7.5815860">
    <ele>246.7</ele>
    <time>2026-04-04T15:19:30Z</time>
   </trkpt>
   <trkpt lat="47.5942220" lon="7.5815590">
    <ele>246.7</ele>
    <time>2026-04-04T15:19:31Z</time>
   </trkpt>
   <trkpt lat="47.5941920" lon="7.5815340">
    <ele>246.7</ele>
    <time>2026-04-04T15:19:32Z</time>
   </trkpt>
   <trkpt lat="47.5941600" lon="7.5815100">
    <ele>246.7</ele>
    <time>2026-04-04T15:19:33Z</time>
   </trkpt>
   <trkpt lat="47.5941300" lon="7.5814860">
    <ele>246.8</ele>
    <time>2026-04-04T15:19:34Z</time>
   </trkpt>
   <trkpt lat="47.5941030" lon="7.5814650">
    <ele>246.8</ele>
    <time>2026-04-04T15:19:35Z</time>
   </trkpt>
   <trkpt lat="47.5940800" lon="7.5814470">
    <ele>246.8</ele>
    <time>2026-04-04T15:19:36Z</time>
   </trkpt>
   <trkpt lat="47.5940690" lon="7.5814370">
    <ele>246.8</ele>
    <time>2026-04-04T15:19:37Z</time>
   </trkpt>
   <trkpt lat="47.5940580" lon="7.5814270">
    <ele>246.8</ele>
    <time>2026-04-04T15:19:38Z</time>
   </trkpt>
   <trkpt lat="47.5940300" lon="7.5814040">
    <ele>246.8</ele>
    <time>2026-04-04T15:19:39Z</time>
   </trkpt>
   <trkpt lat="47.5939980" lon="7.5813800">
    <ele>246.8</ele>
    <time>2026-04-04T15:19:40Z</time>
   </trkpt>
   <trkpt lat="47.5939660" lon="7.5813540">
    <ele>246.8</ele>
    <time>2026-04-04T15:19:41Z</time>
   </trkpt>
   <trkpt lat="47.5939320" lon="7.5813250">
    <ele>246.8</ele>
    <time>2026-04-04T15:19:42Z</time>
   </trkpt>
   <trkpt lat="47.5939000" lon="7.5812970">
    <ele>246.8</ele>
    <time>2026-04-04T15:19:43Z</time>
   </trkpt>
   <trkpt lat="47.5938680" lon="7.5812710">
    <ele>246.8</ele>
    <time>2026-04-04T15:19:44Z</time>
   </trkpt>
   <trkpt lat="47.5938360" lon="7.5812460">
    <ele>246.8</ele>
    <time>2026-04-04T15:19:45Z</time>
   </trkpt>
   <trkpt lat="47.5938060" lon="7.5812200">
    <ele>246.8</ele>
    <time>2026-04-04T15:19:46Z</time>
   </trkpt>
   <trkpt lat="47.5937730" lon="7.5811950">
    <ele>246.9</ele>
    <time>2026-04-04T15:19:47Z</time>
   </trkpt>
   <trkpt lat="47.5937390" lon="7.5811910">
    <ele>246.9</ele>
    <time>2026-04-04T15:19:48Z</time>
   </trkpt>
   <trkpt lat="47.5937120" lon="7.5812100">
    <ele>246.9</ele>
    <time>2026-04-04T15:19:49Z</time>
   </trkpt>
   <trkpt lat="47.5936960" lon="7.5812530">
    <ele>246.9</ele>
    <time>2026-04-04T15:19:50Z</time>
   </trkpt>
   <trkpt lat="47.5936870" lon="7.5813100">
    <ele>246.9</ele>
    <time>2026-04-04T15:19:51Z</time>
   </trkpt>
   <trkpt lat="47.5936820" lon="7.5813700">
    <ele>246.8</ele>
    <time>2026-04-04T15:19:52Z</time>
   </trkpt>
   <trkpt lat="47.5936830" lon="7.5814520">
    <ele>246.8</ele>
    <time>2026-04-04T15:19:53Z</time>
   </trkpt>
   <trkpt lat="47.5936830" lon="7.5815290">
    <ele>246.8</ele>
    <time>2026-04-04T15:19:54Z</time>
   </trkpt>
   <trkpt lat="47.5936830" lon="7.5816000">
    <ele>246.8</ele>
    <time>2026-04-04T15:19:55Z</time>
   </trkpt>
   <trkpt lat="47.5936730" lon="7.5816670">
    <ele>246.7</ele>
    <time>2026-04-04T15:19:56Z</time>
   </trkpt>
   <trkpt lat="47.5936680" lon="7.5817370">
    <ele>246.7</ele>
    <time>2026-04-04T15:19:57Z</time>
   </trkpt>
   <trkpt lat="47.5936640" lon="7.5818130">
    <ele>246.7</ele>
    <time>2026-04-04T15:19:58Z</time>
   </trkpt>
   <trkpt lat="47.5936660" lon="7.5818760">
    <ele>246.7</ele>
    <time>2026-04-04T15:19:59Z</time>
   </trkpt>
   <trkpt lat="47.5936610" lon="7.5819500">
    <ele>246.8</ele>
    <time>2026-04-04T15:20:00Z</time>
   </trkpt>
   <trkpt lat="47.5936600" lon="7.5820090">
    <ele>246.8</ele>
    <time>2026-04-04T15:20:01Z</time>
   </trkpt>
   <trkpt lat="47.5936570" lon="7.5820630">
    <ele>246.8</ele>
    <time>2026-04-04T15:20:02Z</time>
   </trkpt>
   <trkpt lat="47.5936490" lon="7.5821370">
    <ele>246.8</ele>
    <time>2026-04-04T15:20:03Z</time>
   </trkpt>
   <trkpt lat="47.5936370" lon="7.5822080">
    <ele>246.8</ele>
    <time>2026-04-04T15:20:04Z</time>
   </trkpt>
   <trkpt lat="47.5936240" lon="7.5822720">
    <ele>246.8</ele>
    <time>2026-04-04T15:20:05Z</time>
   </trkpt>
   <trkpt lat="47.5936070" lon="7.5823360">
    <ele>246.8</ele>
    <time>2026-04-04T15:20:06Z</time>
   </trkpt>
   <trkpt lat="47.5935880" lon="7.5823990">
    <ele>246.8</ele>
    <time>2026-04-04T15:20:07Z</time>
   </trkpt>
   <trkpt lat="47.5935660" lon="7.5824540">
    <ele>246.8</ele>
    <time>2026-04-04T15:20:08Z</time>
   </trkpt>
   <trkpt lat="47.5935410" lon="7.5825060">
    <ele>246.8</ele>
    <time>2026-04-04T15:20:09Z</time>
   </trkpt>
   <trkpt lat="47.5935160" lon="7.5825600">
    <ele>246.8</ele>
    <time>2026-04-04T15:20:10Z</time>
   </trkpt>
   <trkpt lat="47.5934960" lon="7.5826090">
    <ele>246.8</ele>
    <time>2026-04-04T15:20:11Z</time>
   </trkpt>
   <trkpt lat="47.5934720" lon="7.5826580">
    <ele>246.8</ele>
    <time>2026-04-04T15:20:12Z</time>
   </trkpt>
   <trkpt lat="47.5934490" lon="7.5827010">
    <ele>246.8</ele>
    <time>2026-04-04T15:20:13Z</time>
   </trkpt>
   <trkpt lat="47.5934220" lon="7.5827470">
    <ele>246.8</ele>
    <time>2026-04-04T15:20:14Z</time>
   </trkpt>
   <trkpt lat="47.5933950" lon="7.5827950">
    <ele>246.8</ele>
    <time>2026-04-04T15:20:15Z</time>
   </trkpt>
   <trkpt lat="47.5933620" lon="7.5828540">
    <ele>246.8</ele>
    <time>2026-04-04T15:20:16Z</time>
   </trkpt>
   <trkpt lat="47.5933370" lon="7.5828990">
    <ele>246.8</ele>
    <time>2026-04-04T15:20:17Z</time>
   </trkpt>
   <trkpt lat="47.5933130" lon="7.5829500">
    <ele>246.8</ele>
    <time>2026-04-04T15:20:18Z</time>
   </trkpt>
   <trkpt lat="47.5932820" lon="7.5829930">
    <ele>246.8</ele>
    <time>2026-04-04T15:20:19Z</time>
   </trkpt>
   <trkpt lat="47.5932530" lon="7.5830290">
    <ele>246.8</ele>
    <time>2026-04-04T15:20:20Z</time>
   </trkpt>
   <trkpt lat="47.5932300" lon="7.5830750">
    <ele>246.8</ele>
    <time>2026-04-04T15:20:21Z</time>
   </trkpt>
   <trkpt lat="47.5931910" lon="7.5831220">
    <ele>246.8</ele>
    <time>2026-04-04T15:20:22Z</time>
   </trkpt>
   <trkpt lat="47.5931600" lon="7.5831750">
    <ele>246.8</ele>
    <time>2026-04-04T15:20:23Z</time>
   </trkpt>
   <trkpt lat="47.5931290" lon="7.5832270">
    <ele>246.8</ele>
    <time>2026-04-04T15:20:24Z</time>
   </trkpt>
   <trkpt lat="47.5930980" lon="7.5832770">
    <ele>246.8</ele>
    <time>2026-04-04T15:20:25Z</time>
   </trkpt>
   <trkpt lat="47.5930650" lon="7.5833210">
    <ele>246.7</ele>
    <time>2026-04-04T15:20:26Z</time>
   </trkpt>
   <trkpt lat="47.5930340" lon="7.5833650">
    <ele>246.7</ele>
    <time>2026-04-04T15:20:27Z</time>
   </trkpt>
   <trkpt lat="47.5930050" lon="7.5834080">
    <ele>246.7</ele>
    <time>2026-04-04T15:20:28Z</time>
   </trkpt>
   <trkpt lat="47.5929730" lon="7.5834550">
    <ele>246.7</ele>
    <time>2026-04-04T15:20:29Z</time>
   </trkpt>
   <trkpt lat="47.5929440" lon="7.5835030">
    <ele>246.7</ele>
    <time>2026-04-04T15:20:30Z</time>
   </trkpt>
   <trkpt lat="47.5929200" lon="7.5835390">
    <ele>246.6</ele>
    <time>2026-04-04T15:20:31Z</time>
   </trkpt>
   <trkpt lat="47.5928960" lon="7.5835760">
    <ele>246.6</ele>
    <time>2026-04-04T15:20:32Z</time>
   </trkpt>
   <trkpt lat="47.5928740" lon="7.5836120">
    <ele>246.6</ele>
    <time>2026-04-04T15:20:33Z</time>
   </trkpt>
   <trkpt lat="47.5928460" lon="7.5836550">
    <ele>246.6</ele>
    <time>2026-04-04T15:20:34Z</time>
   </trkpt>
   <trkpt lat="47.5928190" lon="7.5837030">
    <ele>246.6</ele>
    <time>2026-04-04T15:20:35Z</time>
   </trkpt>
   <trkpt lat="47.5927940" lon="7.5837530">
    <ele>246.5</ele>
    <time>2026-04-04T15:20:36Z</time>
   </trkpt>
   <trkpt lat="47.5927670" lon="7.5837990">
    <ele>246.5</ele>
    <time>2026-04-04T15:20:37Z</time>
   </trkpt>
   <trkpt lat="47.5927420" lon="7.5838420">
    <ele>246.5</ele>
    <time>2026-04-04T15:20:38Z</time>
   </trkpt>
   <trkpt lat="47.5927140" lon="7.5838870">
    <ele>246.5</ele>
    <time>2026-04-04T15:20:39Z</time>
   </trkpt>
   <trkpt lat="47.5926890" lon="7.5839290">
    <ele>246.5</ele>
    <time>2026-04-04T15:20:40Z</time>
   </trkpt>
   <trkpt lat="47.5926640" lon="7.5839570">
    <ele>246.5</ele>
    <time>2026-04-04T15:20:41Z</time>
   </trkpt>
   <trkpt lat="47.5926390" lon="7.5839860">
    <ele>246.5</ele>
    <time>2026-04-04T15:20:42Z</time>
   </trkpt>
   <trkpt lat="47.5926210" lon="7.5840340">
    <ele>246.5</ele>
    <time>2026-04-04T15:20:43Z</time>
   </trkpt>
   <trkpt lat="47.5926080" lon="7.5840920">
    <ele>246.5</ele>
    <time>2026-04-04T15:20:44Z</time>
   </trkpt>
   <trkpt lat="47.5926030" lon="7.5841610">
    <ele>246.5</ele>
    <time>2026-04-04T15:20:45Z</time>
   </trkpt>
   <trkpt lat="47.5925960" lon="7.5842270">
    <ele>246.5</ele>
    <time>2026-04-04T15:20:46Z</time>
   </trkpt>
   <trkpt lat="47.5925810" lon="7.5843000">
    <ele>246.5</ele>
    <time>2026-04-04T15:20:47Z</time>
   </trkpt>
   <trkpt lat="47.5925720" lon="7.5843640">
    <ele>246.5</ele>
    <time>2026-04-04T15:20:48Z</time>
   </trkpt>
   <trkpt lat="47.5925650" lon="7.5844260">
    <ele>246.5</ele>
    <time>2026-04-04T15:20:49Z</time>
   </trkpt>
   <trkpt lat="47.5925590" lon="7.5844990">
    <ele>246.5</ele>
    <time>2026-04-04T15:20:50Z</time>
   </trkpt>
   <trkpt lat="47.5925520" lon="7.5845660">
    <ele>246.5</ele>
    <time>2026-04-04T15:20:51Z</time>
   </trkpt>
   <trkpt lat="47.5925440" lon="7.5846400">
    <ele>246.5</ele>
    <time>2026-04-04T15:20:52Z</time>
   </trkpt>
   <trkpt lat="47.5925340" lon="7.5847090">
    <ele>246.5</ele>
    <time>2026-04-04T15:20:53Z</time>
   </trkpt>
   <trkpt lat="47.5925290" lon="7.5847740">
    <ele>246.5</ele>
    <time>2026-04-04T15:20:54Z</time>
   </trkpt>
   <trkpt lat="47.5925250" lon="7.5848390">
    <ele>246.4</ele>
    <time>2026-04-04T15:20:55Z</time>
   </trkpt>
   <trkpt lat="47.5925170" lon="7.5849060">
    <ele>246.4</ele>
    <time>2026-04-04T15:20:56Z</time>
   </trkpt>
   <trkpt lat="47.5925040" lon="7.5849460">
    <ele>246.4</ele>
    <time>2026-04-04T15:20:57Z</time>
   </trkpt>
   <trkpt lat="47.5924980" lon="7.5850020">
    <ele>246.5</ele>
    <time>2026-04-04T15:20:58Z</time>
   </trkpt>
   <trkpt lat="47.5924890" lon="7.5850580">
    <ele>246.5</ele>
    <time>2026-04-04T15:20:59Z</time>
   </trkpt>
   <trkpt lat="47.5924800" lon="7.5851150">
    <ele>246.5</ele>
    <time>2026-04-04T15:21:00Z</time>
   </trkpt>
   <trkpt lat="47.5924740" lon="7.5851710">
    <ele>246.5</ele>
    <time>2026-04-04T15:21:01Z</time>
   </trkpt>
   <trkpt lat="47.5924650" lon="7.5852240">
    <ele>246.5</ele>
    <time>2026-04-04T15:21:02Z</time>
   </trkpt>
   <trkpt lat="47.5924590" lon="7.5852770">
    <ele>246.5</ele>
    <time>2026-04-04T15:21:03Z</time>
   </trkpt>
   <trkpt lat="47.5924530" lon="7.5853340">
    <ele>246.5</ele>
    <time>2026-04-04T15:21:04Z</time>
   </trkpt>
   <trkpt lat="47.5924480" lon="7.5853910">
    <ele>246.4</ele>
    <time>2026-04-04T15:21:05Z</time>
   </trkpt>
   <trkpt lat="47.5924430" lon="7.5854520">
    <ele>246.4</ele>
    <time>2026-04-04T15:21:06Z</time>
   </trkpt>
   <trkpt lat="47.5924370" lon="7.5855100">
    <ele>246.4</ele>
    <time>2026-04-04T15:21:07Z</time>
   </trkpt>
   <trkpt lat="47.5924310" lon="7.5855610">
    <ele>246.4</ele>
    <time>2026-04-04T15:21:08Z</time>
   </trkpt>
   <trkpt lat="47.5924240" lon="7.5856170">
    <ele>246.5</ele>
    <time>2026-04-04T15:21:09Z</time>
   </trkpt>
   <trkpt lat="47.5924200" lon="7.5856720">
    <ele>246.5</ele>
    <time>2026-04-04T15:21:10Z</time>
   </trkpt>
   <trkpt lat="47.5924160" lon="7.5857260">
    <ele>246.5</ele>
    <time>2026-04-04T15:21:11Z</time>
   </trkpt>
   <trkpt lat="47.5924150" lon="7.5857760">
    <ele>246.5</ele>
    <time>2026-04-04T15:21:12Z</time>
   </trkpt>
   <trkpt lat="47.5924120" lon="7.5858250">
    <ele>246.5</ele>
    <time>2026-04-04T15:21:13Z</time>
   </trkpt>
   <trkpt lat="47.5924080" lon="7.5858750">
    <ele>246.6</ele>
    <time>2026-04-04T15:21:14Z</time>
   </trkpt>
   <trkpt lat="47.5924030" lon="7.5859240">
    <ele>246.6</ele>
    <time>2026-04-04T15:21:15Z</time>
   </trkpt>
   <trkpt lat="47.5923940" lon="7.5859680">
    <ele>246.6</ele>
    <time>2026-04-04T15:21:16Z</time>
   </trkpt>
   <trkpt lat="47.5923780" lon="7.5860020">
    <ele>246.7</ele>
    <time>2026-04-04T15:21:17Z</time>
   </trkpt>
   <trkpt lat="47.5923440" lon="7.5860240">
    <ele>246.7</ele>
    <time>2026-04-04T15:21:18Z</time>
   </trkpt>
   <trkpt lat="47.5923310" lon="7.5860250">
    <ele>246.7</ele>
    <time>2026-04-04T15:21:19Z</time>
   </trkpt>
   <trkpt lat="47.5922980" lon="7.5860210">
    <ele>246.7</ele>
    <time>2026-04-04T15:21:20Z</time>
   </trkpt>
   <trkpt lat="47.5922880" lon="7.5860190">
    <ele>246.8</ele>
    <time>2026-04-04T15:21:21Z</time>
   </trkpt>
   <trkpt lat="47.5922590" lon="7.5860150">
    <ele>246.8</ele>
    <time>2026-04-04T15:21:22Z</time>
   </trkpt>
   <trkpt lat="47.5922500" lon="7.5860150">
    <ele>246.8</ele>
    <time>2026-04-04T15:21:23Z</time>
   </trkpt>
   <trkpt lat="47.5922330" lon="7.5860130">
    <ele>246.8</ele>
    <time>2026-04-04T15:21:24Z</time>
   </trkpt>
   <trkpt lat="47.5922160" lon="7.5860140">
    <ele>246.8</ele>
    <time>2026-04-04T15:21:25Z</time>
   </trkpt>
   <trkpt lat="47.5922020" lon="7.5860150">
    <ele>246.9</ele>
    <time>2026-04-04T15:21:26Z</time>
   </trkpt>
   <trkpt lat="47.5921860" lon="7.5860130">
    <ele>246.9</ele>
    <time>2026-04-04T15:21:27Z</time>
   </trkpt>
   <trkpt lat="47.5921570" lon="7.5860060">
    <ele>246.9</ele>
    <time>2026-04-04T15:21:28Z</time>
   </trkpt>
   <trkpt lat="47.5921440" lon="7.5860040">
    <ele>247.0</ele>
    <time>2026-04-04T15:21:29Z</time>
   </trkpt>
   <trkpt lat="47.5921070" lon="7.5859980">
    <ele>247.0</ele>
    <time>2026-04-04T15:21:30Z</time>
   </trkpt>
   <trkpt lat="47.5920940" lon="7.5859950">
    <ele>247.1</ele>
    <time>2026-04-04T15:21:31Z</time>
   </trkpt>
   <trkpt lat="47.5920540" lon="7.5859930">
    <ele>247.2</ele>
    <time>2026-04-04T15:21:32Z</time>
   </trkpt>
   <trkpt lat="47.5920410" lon="7.5859940">
    <ele>247.2</ele>
    <time>2026-04-04T15:21:33Z</time>
   </trkpt>
   <trkpt lat="47.5920170" lon="7.5860190">
    <ele>247.2</ele>
    <time>2026-04-04T15:21:34Z</time>
   </trkpt>
   <trkpt lat="47.5920110" lon="7.5860300">
    <ele>247.2</ele>
    <time>2026-04-04T15:21:35Z</time>
   </trkpt>
   <trkpt lat="47.5919910" lon="7.5860700">
    <ele>247.2</ele>
    <time>2026-04-04T15:21:36Z</time>
   </trkpt>
   <trkpt lat="47.5919850" lon="7.5860850">
    <ele>247.2</ele>
    <time>2026-04-04T15:21:37Z</time>
   </trkpt>
   <trkpt lat="47.5919640" lon="7.5861300">
    <ele>247.2</ele>
    <time>2026-04-04T15:21:38Z</time>
   </trkpt>
   <trkpt lat="47.5919560" lon="7.5861420">
    <ele>247.2</ele>
    <time>2026-04-04T15:21:39Z</time>
   </trkpt>
   <trkpt lat="47.5919410" lon="7.5861790">
    <ele>247.3</ele>
    <time>2026-04-04T15:21:40Z</time>
   </trkpt>
   <trkpt lat="47.5919310" lon="7.5862240">
    <ele>247.3</ele>
    <time>2026-04-04T15:21:41Z</time>
   </trkpt>
   <trkpt lat="47.5919290" lon="7.5862420">
    <ele>247.3</ele>
    <time>2026-04-04T15:21:42Z</time>
   </trkpt>
   <trkpt lat="47.5919260" lon="7.5862840">
    <ele>247.3</ele>
    <time>2026-04-04T15:21:43Z</time>
   </trkpt>
   <trkpt lat="47.5919190" lon="7.5863290">
    <ele>247.3</ele>
    <time>2026-04-04T15:21:44Z</time>
   </trkpt>
   <trkpt lat="47.5919120" lon="7.5863760">
    <ele>247.3</ele>
    <time>2026-04-04T15:21:45Z</time>
   </trkpt>
   <trkpt lat="47.5919040" lon="7.5864230">
    <ele>247.3</ele>
    <time>2026-04-04T15:21:46Z</time>
   </trkpt>
   <trkpt lat="47.5918980" lon="7.5864770">
    <ele>247.3</ele>
    <time>2026-04-04T15:21:47Z</time>
   </trkpt>
   <trkpt lat="47.5918930" lon="7.5865300">
    <ele>247.3</ele>
    <time>2026-04-04T15:21:48Z</time>
   </trkpt>
   <trkpt lat="47.5918880" lon="7.5865830">
    <ele>247.3</ele>
    <time>2026-04-04T15:21:49Z</time>
   </trkpt>
   <trkpt lat="47.5918830" lon="7.5866350">
    <ele>247.4</ele>
    <time>2026-04-04T15:21:50Z</time>
   </trkpt>
   <trkpt lat="47.5918780" lon="7.5866820">
    <ele>247.4</ele>
    <time>2026-04-04T15:21:51Z</time>
   </trkpt>
   <trkpt lat="47.5918720" lon="7.5867270">
    <ele>247.4</ele>
    <time>2026-04-04T15:21:52Z</time>
   </trkpt>
   <trkpt lat="47.5918700" lon="7.5867670">
    <ele>247.4</ele>
    <time>2026-04-04T15:21:53Z</time>
   </trkpt>
   <trkpt lat="47.5918710" lon="7.5868220">
    <ele>247.4</ele>
    <time>2026-04-04T15:21:54Z</time>
   </trkpt>
   <trkpt lat="47.5918690" lon="7.5868390">
    <ele>247.4</ele>
    <time>2026-04-04T15:21:55Z</time>
   </trkpt>
   <trkpt lat="47.5918680" lon="7.5868840">
    <ele>247.4</ele>
    <time>2026-04-04T15:21:56Z</time>
   </trkpt>
   <trkpt lat="47.5918680" lon="7.5869020">
    <ele>247.4</ele>
    <time>2026-04-04T15:21:57Z</time>
   </trkpt>
   <trkpt lat="47.5918710" lon="7.5869420">
    <ele>247.4</ele>
    <time>2026-04-04T15:21:58Z</time>
   </trkpt>
   <trkpt lat="47.5918710" lon="7.5869860">
    <ele>247.4</ele>
    <time>2026-04-04T15:21:59Z</time>
   </trkpt>
   <trkpt lat="47.5918670" lon="7.5870420">
    <ele>247.4</ele>
    <time>2026-04-04T15:22:00Z</time>
   </trkpt>
   <trkpt lat="47.5918590" lon="7.5871020">
    <ele>247.4</ele>
    <time>2026-04-04T15:22:01Z</time>
   </trkpt>
   <trkpt lat="47.5918550" lon="7.5871660">
    <ele>247.4</ele>
    <time>2026-04-04T15:22:02Z</time>
   </trkpt>
   <trkpt lat="47.5918510" lon="7.5872300">
    <ele>247.4</ele>
    <time>2026-04-04T15:22:03Z</time>
   </trkpt>
   <trkpt lat="47.5918490" lon="7.5872930">
    <ele>247.4</ele>
    <time>2026-04-04T15:22:04Z</time>
   </trkpt>
   <trkpt lat="47.5918470" lon="7.5873540">
    <ele>247.4</ele>
    <time>2026-04-04T15:22:05Z</time>
   </trkpt>
   <trkpt lat="47.5918450" lon="7.5874150">
    <ele>247.4</ele>
    <time>2026-04-04T15:22:06Z</time>
   </trkpt>
   <trkpt lat="47.5918450" lon="7.5874750">
    <ele>247.4</ele>
    <time>2026-04-04T15:22:07Z</time>
   </trkpt>
   <trkpt lat="47.5918450" lon="7.5875310">
    <ele>247.4</ele>
    <time>2026-04-04T15:22:08Z</time>
   </trkpt>
   <trkpt lat="47.5918420" lon="7.5875860">
    <ele>247.4</ele>
    <time>2026-04-04T15:22:09Z</time>
   </trkpt>
   <trkpt lat="47.5918380" lon="7.5876420">
    <ele>247.4</ele>
    <time>2026-04-04T15:22:10Z</time>
   </trkpt>
   <trkpt lat="47.5918310" lon="7.5876960">
    <ele>247.4</ele>
    <time>2026-04-04T15:22:11Z</time>
   </trkpt>
   <trkpt lat="47.5918170" lon="7.5877410">
    <ele>247.4</ele>
    <time>2026-04-04T15:22:12Z</time>
   </trkpt>
   <trkpt lat="47.5917940" lon="7.5877790">
    <ele>247.5</ele>
    <time>2026-04-04T15:22:13Z</time>
   </trkpt>
   <trkpt lat="47.5917610" lon="7.5878030">
    <ele>247.4</ele>
    <time>2026-04-04T15:22:14Z</time>
   </trkpt>
   <trkpt lat="47.5917240" lon="7.5878170">
    <ele>247.4</ele>
    <time>2026-04-04T15:22:15Z</time>
   </trkpt>
   <trkpt lat="47.5916850" lon="7.5878180">
    <ele>247.4</ele>
    <time>2026-04-04T15:22:16Z</time>
   </trkpt>
   <trkpt lat="47.5916450" lon="7.5878070">
    <ele>247.4</ele>
    <time>2026-04-04T15:22:17Z</time>
   </trkpt>
   <trkpt lat="47.5916070" lon="7.5877950">
    <ele>247.4</ele>
    <time>2026-04-04T15:22:18Z</time>
   </trkpt>
   <trkpt lat="47.5915680" lon="7.5877850">
    <ele>247.5</ele>
    <time>2026-04-04T15:22:19Z</time>
   </trkpt>
   <trkpt lat="47.5915310" lon="7.5877760">
    <ele>247.5</ele>
    <time>2026-04-04T15:22:20Z</time>
   </trkpt>
   <trkpt lat="47.5914940" lon="7.5877670">
    <ele>247.5</ele>
    <time>2026-04-04T15:22:21Z</time>
   </trkpt>
   <trkpt lat="47.5914580" lon="7.5877550">
    <ele>247.5</ele>
    <time>2026-04-04T15:22:22Z</time>
   </trkpt>
   <trkpt lat="47.5914220" lon="7.5877450">
    <ele>247.6</ele>
    <time>2026-04-04T15:22:23Z</time>
   </trkpt>
   <trkpt lat="47.5913860" lon="7.5877380">
    <ele>247.6</ele>
    <time>2026-04-04T15:22:24Z</time>
   </trkpt>
   <trkpt lat="47.5913480" lon="7.5877300">
    <ele>247.6</ele>
    <time>2026-04-04T15:22:25Z</time>
   </trkpt>
   <trkpt lat="47.5913130" lon="7.5877180">
    <ele>247.6</ele>
    <time>2026-04-04T15:22:26Z</time>
   </trkpt>
   <trkpt lat="47.5912780" lon="7.5877110">
    <ele>247.6</ele>
    <time>2026-04-04T15:22:27Z</time>
   </trkpt>
   <trkpt lat="47.5912420" lon="7.5877070">
    <ele>247.6</ele>
    <time>2026-04-04T15:22:28Z</time>
   </trkpt>
   <trkpt lat="47.5912080" lon="7.5877020">
    <ele>247.6</ele>
    <time>2026-04-04T15:22:29Z</time>
   </trkpt>
   <trkpt lat="47.5911710" lon="7.5877000">
    <ele>247.6</ele>
    <time>2026-04-04T15:22:30Z</time>
   </trkpt>
   <trkpt lat="47.5911340" lon="7.5876950">
    <ele>247.6</ele>
    <time>2026-04-04T15:22:31Z</time>
   </trkpt>
   <trkpt lat="47.5910970" lon="7.5876870">
    <ele>247.6</ele>
    <time>2026-04-04T15:22:32Z</time>
   </trkpt>
   <trkpt lat="47.5910600" lon="7.5876760">
    <ele>247.6</ele>
    <time>2026-04-04T15:22:33Z</time>
   </trkpt>
   <trkpt lat="47.5910250" lon="7.5876620">
    <ele>247.6</ele>
    <time>2026-04-04T15:22:34Z</time>
   </trkpt>
   <trkpt lat="47.5909900" lon="7.5876430">
    <ele>247.6</ele>
    <time>2026-04-04T15:22:35Z</time>
   </trkpt>
   <trkpt lat="47.5909550" lon="7.5876260">
    <ele>247.6</ele>
    <time>2026-04-04T15:22:36Z</time>
   </trkpt>
   <trkpt lat="47.5909180" lon="7.5875970">
    <ele>247.5</ele>
    <time>2026-04-04T15:22:37Z</time>
   </trkpt>
   <trkpt lat="47.5908820" lon="7.5875680">
    <ele>247.5</ele>
    <time>2026-04-04T15:22:38Z</time>
   </trkpt>
   <trkpt lat="47.5908440" lon="7.5875490">
    <ele>247.5</ele>
    <time>2026-04-04T15:22:39Z</time>
   </trkpt>
   <trkpt lat="47.5908040" lon="7.5875330">
    <ele>247.5</ele>
    <time>2026-04-04T15:22:40Z</time>
   </trkpt>
   <trkpt lat="47.5907640" lon="7.5875190">
    <ele>247.5</ele>
    <time>2026-04-04T15:22:41Z</time>
   </trkpt>
   <trkpt lat="47.5907230" lon="7.5875060">
    <ele>247.5</ele>
    <time>2026-04-04T15:22:42Z</time>
   </trkpt>
   <trkpt lat="47.5906830" lon="7.5874950">
    <ele>247.5</ele>
    <time>2026-04-04T15:22:43Z</time>
   </trkpt>
   <trkpt lat="47.5906430" lon="7.5874840">
    <ele>247.5</ele>
    <time>2026-04-04T15:22:44Z</time>
   </trkpt>
   <trkpt lat="47.5906010" lon="7.5874750">
    <ele>247.5</ele>
    <time>2026-04-04T15:22:45Z</time>
   </trkpt>
   <trkpt lat="47.5905580" lon="7.5874660">
    <ele>247.5</ele>
    <time>2026-04-04T15:22:46Z</time>
   </trkpt>
   <trkpt lat="47.5905150" lon="7.5874570">
    <ele>247.5</ele>
    <time>2026-04-04T15:22:47Z</time>
   </trkpt>
   <trkpt lat="47.5904730" lon="7.5874470">
    <ele>247.5</ele>
    <time>2026-04-04T15:22:48Z</time>
   </trkpt>
   <trkpt lat="47.5904320" lon="7.5874390">
    <ele>247.5</ele>
    <time>2026-04-04T15:22:49Z</time>
   </trkpt>
   <trkpt lat="47.5903910" lon="7.5874290">
    <ele>247.5</ele>
    <time>2026-04-04T15:22:50Z</time>
   </trkpt>
   <trkpt lat="47.5903500" lon="7.5874180">
    <ele>247.6</ele>
    <time>2026-04-04T15:22:51Z</time>
   </trkpt>
   <trkpt lat="47.5903090" lon="7.5874080">
    <ele>247.6</ele>
    <time>2026-04-04T15:22:52Z</time>
   </trkpt>
   <trkpt lat="47.5902660" lon="7.5873990">
    <ele>247.6</ele>
    <time>2026-04-04T15:22:53Z</time>
   </trkpt>
   <trkpt lat="47.5902230" lon="7.5873900">
    <ele>247.6</ele>
    <time>2026-04-04T15:22:54Z</time>
   </trkpt>
   <trkpt lat="47.5901820" lon="7.5873800">
    <ele>247.6</ele>
    <time>2026-04-04T15:22:55Z</time>
   </trkpt>
   <trkpt lat="47.5901410" lon="7.5873720">
    <ele>247.6</ele>
    <time>2026-04-04T15:22:56Z</time>
   </trkpt>
   <trkpt lat="47.5900990" lon="7.5873630">
    <ele>247.7</ele>
    <time>2026-04-04T15:22:57Z</time>
   </trkpt>
   <trkpt lat="47.5900580" lon="7.5873570">
    <ele>247.7</ele>
    <time>2026-04-04T15:22:58Z</time>
   </trkpt>
   <trkpt lat="47.5900180" lon="7.5873480">
    <ele>247.7</ele>
    <time>2026-04-04T15:22:59Z</time>
   </trkpt>
   <trkpt lat="47.5899780" lon="7.5873410">
    <ele>247.8</ele>
    <time>2026-04-04T15:23:00Z</time>
   </trkpt>
   <trkpt lat="47.5899410" lon="7.5873350">
    <ele>247.8</ele>
    <time>2026-04-04T15:23:01Z</time>
   </trkpt>
   <trkpt lat="47.5899030" lon="7.5873270">
    <ele>247.8</ele>
    <time>2026-04-04T15:23:02Z</time>
   </trkpt>
   <trkpt lat="47.5898650" lon="7.5873170">
    <ele>247.8</ele>
    <time>2026-04-04T15:23:03Z</time>
   </trkpt>
   <trkpt lat="47.5898260" lon="7.5873100">
    <ele>247.9</ele>
    <time>2026-04-04T15:23:04Z</time>
   </trkpt>
   <trkpt lat="47.5897870" lon="7.5873020">
    <ele>247.9</ele>
    <time>2026-04-04T15:23:05Z</time>
   </trkpt>
   <trkpt lat="47.5897500" lon="7.5872910">
    <ele>247.9</ele>
    <time>2026-04-04T15:23:06Z</time>
   </trkpt>
   <trkpt lat="47.5897140" lon="7.5872760">
    <ele>247.9</ele>
    <time>2026-04-04T15:23:07Z</time>
   </trkpt>
   <trkpt lat="47.5896800" lon="7.5872570">
    <ele>247.9</ele>
    <time>2026-04-04T15:23:08Z</time>
   </trkpt>
   <trkpt lat="47.5896460" lon="7.5872370">
    <ele>247.9</ele>
    <time>2026-04-04T15:23:09Z</time>
   </trkpt>
   <trkpt lat="47.5896110" lon="7.5872180">
    <ele>247.9</ele>
    <time>2026-04-04T15:23:10Z</time>
   </trkpt>
   <trkpt lat="47.5895740" lon="7.5872020">
    <ele>247.9</ele>
    <time>2026-04-04T15:23:11Z</time>
   </trkpt>
   <trkpt lat="47.5895370" lon="7.5871860">
    <ele>247.9</ele>
    <time>2026-04-04T15:23:12Z</time>
   </trkpt>
   <trkpt lat="47.5895000" lon="7.5871720">
    <ele>248.0</ele>
    <time>2026-04-04T15:23:13Z</time>
   </trkpt>
   <trkpt lat="47.5894630" lon="7.5871550">
    <ele>248.0</ele>
    <time>2026-04-04T15:23:14Z</time>
   </trkpt>
   <trkpt lat="47.5894260" lon="7.5871380">
    <ele>248.0</ele>
    <time>2026-04-04T15:23:15Z</time>
   </trkpt>
   <trkpt lat="47.5893880" lon="7.5871190">
    <ele>248.0</ele>
    <time>2026-04-04T15:23:16Z</time>
   </trkpt>
   <trkpt lat="47.5893500" lon="7.5871040">
    <ele>248.0</ele>
    <time>2026-04-04T15:23:17Z</time>
   </trkpt>
   <trkpt lat="47.5893110" lon="7.5870910">
    <ele>248.0</ele>
    <time>2026-04-04T15:23:18Z</time>
   </trkpt>
   <trkpt lat="47.5892720" lon="7.5870770">
    <ele>248.0</ele>
    <time>2026-04-04T15:23:19Z</time>
   </trkpt>
   <trkpt lat="47.5892340" lon="7.5870610">
    <ele>248.0</ele>
    <time>2026-04-04T15:23:20Z</time>
   </trkpt>
   <trkpt lat="47.5891960" lon="7.5870430">
    <ele>248.1</ele>
    <time>2026-04-04T15:23:21Z</time>
   </trkpt>
   <trkpt lat="47.5891590" lon="7.5870270">
    <ele>248.1</ele>
    <time>2026-04-04T15:23:22Z</time>
   </trkpt>
   <trkpt lat="47.5891240" lon="7.5870080">
    <ele>248.1</ele>
    <time>2026-04-04T15:23:23Z</time>
   </trkpt>
   <trkpt lat="47.5890860" lon="7.5869850">
    <ele>248.1</ele>
    <time>2026-04-04T15:23:24Z</time>
   </trkpt>
   <trkpt lat="47.5890480" lon="7.5869620">
    <ele>248.1</ele>
    <time>2026-04-04T15:23:25Z</time>
   </trkpt>
   <trkpt lat="47.5890110" lon="7.5869390">
    <ele>248.1</ele>
    <time>2026-04-04T15:23:26Z</time>
   </trkpt>
   <trkpt lat="47.5889730" lon="7.5869160">
    <ele>248.1</ele>
    <time>2026-04-04T15:23:27Z</time>
   </trkpt>
   <trkpt lat="47.5889370" lon="7.5868920">
    <ele>248.1</ele>
    <time>2026-04-04T15:23:28Z</time>
   </trkpt>
   <trkpt lat="47.5889010" lon="7.5868700">
    <ele>248.2</ele>
    <time>2026-04-04T15:23:29Z</time>
   </trkpt>
   <trkpt lat="47.5888660" lon="7.5868490">
    <ele>248.2</ele>
    <time>2026-04-04T15:23:30Z</time>
   </trkpt>
   <trkpt lat="47.5888320" lon="7.5868290">
    <ele>248.2</ele>
    <time>2026-04-04T15:23:31Z</time>
   </trkpt>
   <trkpt lat="47.5887990" lon="7.5868060">
    <ele>248.2</ele>
    <time>2026-04-04T15:23:32Z</time>
   </trkpt>
   <trkpt lat="47.5887650" lon="7.5867790">
    <ele>248.3</ele>
    <time>2026-04-04T15:23:33Z</time>
   </trkpt>
   <trkpt lat="47.5887300" lon="7.5867560">
    <ele>248.3</ele>
    <time>2026-04-04T15:23:34Z</time>
   </trkpt>
   <trkpt lat="47.5886970" lon="7.5867370">
    <ele>248.3</ele>
    <time>2026-04-04T15:23:35Z</time>
   </trkpt>
   <trkpt lat="47.5886630" lon="7.5867160">
    <ele>248.3</ele>
    <time>2026-04-04T15:23:36Z</time>
   </trkpt>
   <trkpt lat="47.5886270" lon="7.5866990">
    <ele>248.4</ele>
    <time>2026-04-04T15:23:37Z</time>
   </trkpt>
   <trkpt lat="47.5885940" lon="7.5866810">
    <ele>248.4</ele>
    <time>2026-04-04T15:23:38Z</time>
   </trkpt>
   <trkpt lat="47.5885590" lon="7.5866650">
    <ele>248.4</ele>
    <time>2026-04-04T15:23:39Z</time>
   </trkpt>
   <trkpt lat="47.5885230" lon="7.5866420">
    <ele>248.5</ele>
    <time>2026-04-04T15:23:40Z</time>
   </trkpt>
   <trkpt lat="47.5884850" lon="7.5866200">
    <ele>248.5</ele>
    <time>2026-04-04T15:23:41Z</time>
   </trkpt>
   <trkpt lat="47.5884510" lon="7.5865990">
    <ele>248.5</ele>
    <time>2026-04-04T15:23:42Z</time>
   </trkpt>
   <trkpt lat="47.5884150" lon="7.5865800">
    <ele>248.5</ele>
    <time>2026-04-04T15:23:43Z</time>
   </trkpt>
   <trkpt lat="47.5883780" lon="7.5865600">
    <ele>248.5</ele>
    <time>2026-04-04T15:23:44Z</time>
   </trkpt>
   <trkpt lat="47.5883400" lon="7.5865360">
    <ele>248.5</ele>
    <time>2026-04-04T15:23:45Z</time>
   </trkpt>
   <trkpt lat="47.5883020" lon="7.5865110">
    <ele>248.5</ele>
    <time>2026-04-04T15:23:46Z</time>
   </trkpt>
   <trkpt lat="47.5882640" lon="7.5864830">
    <ele>248.6</ele>
    <time>2026-04-04T15:23:47Z</time>
   </trkpt>
   <trkpt lat="47.5882280" lon="7.5864570">
    <ele>248.6</ele>
    <time>2026-04-04T15:23:48Z</time>
   </trkpt>
   <trkpt lat="47.5881940" lon="7.5864280">
    <ele>248.6</ele>
    <time>2026-04-04T15:23:49Z</time>
   </trkpt>
   <trkpt lat="47.5881570" lon="7.5864020">
    <ele>248.7</ele>
    <time>2026-04-04T15:23:50Z</time>
   </trkpt>
   <trkpt lat="47.5881230" lon="7.5863790">
    <ele>248.7</ele>
    <time>2026-04-04T15:23:51Z</time>
   </trkpt>
   <trkpt lat="47.5880880" lon="7.5863570">
    <ele>248.7</ele>
    <time>2026-04-04T15:23:52Z</time>
   </trkpt>
   <trkpt lat="47.5880520" lon="7.5863350">
    <ele>248.8</ele>
    <time>2026-04-04T15:23:53Z</time>
   </trkpt>
   <trkpt lat="47.5880180" lon="7.5863130">
    <ele>248.8</ele>
    <time>2026-04-04T15:23:54Z</time>
   </trkpt>
   <trkpt lat="47.5879820" lon="7.5862890">
    <ele>248.8</ele>
    <time>2026-04-04T15:23:55Z</time>
   </trkpt>
   <trkpt lat="47.5879460" lon="7.5862690">
    <ele>248.9</ele>
    <time>2026-04-04T15:23:56Z</time>
   </trkpt>
   <trkpt lat="47.5879110" lon="7.5862460">
    <ele>248.9</ele>
    <time>2026-04-04T15:23:57Z</time>
   </trkpt>
   <trkpt lat="47.5878840" lon="7.5862160">
    <ele>249.0</ele>
    <time>2026-04-04T15:23:58Z</time>
   </trkpt>
   <trkpt lat="47.5878730" lon="7.5861770">
    <ele>249.0</ele>
    <time>2026-04-04T15:23:59Z</time>
   </trkpt>
   <trkpt lat="47.5878710" lon="7.5861330">
    <ele>249.0</ele>
    <time>2026-04-04T15:24:00Z</time>
   </trkpt>
   <trkpt lat="47.5878750" lon="7.5860830">
    <ele>249.0</ele>
    <time>2026-04-04T15:24:01Z</time>
   </trkpt>
   <trkpt lat="47.5878850" lon="7.5860380">
    <ele>249.0</ele>
    <time>2026-04-04T15:24:02Z</time>
   </trkpt>
   <trkpt lat="47.5878960" lon="7.5859950">
    <ele>249.0</ele>
    <time>2026-04-04T15:24:03Z</time>
   </trkpt>
   <trkpt lat="47.5879120" lon="7.5859510">
    <ele>249.0</ele>
    <time>2026-04-04T15:24:04Z</time>
   </trkpt>
   <trkpt lat="47.5879270" lon="7.5859000">
    <ele>248.9</ele>
    <time>2026-04-04T15:24:05Z</time>
   </trkpt>
   <trkpt lat="47.5879490" lon="7.5858470">
    <ele>248.9</ele>
    <time>2026-04-04T15:24:06Z</time>
   </trkpt>
   <trkpt lat="47.5879680" lon="7.5858030">
    <ele>248.9</ele>
    <time>2026-04-04T15:24:07Z</time>
   </trkpt>
   <trkpt lat="47.5879920" lon="7.5857580">
    <ele>248.9</ele>
    <time>2026-04-04T15:24:08Z</time>
   </trkpt>
   <trkpt lat="47.5880180" lon="7.5857120">
    <ele>248.9</ele>
    <time>2026-04-04T15:24:09Z</time>
   </trkpt>
   <trkpt lat="47.5880460" lon="7.5856590">
    <ele>248.9</ele>
    <time>2026-04-04T15:24:10Z</time>
   </trkpt>
   <trkpt lat="47.5880720" lon="7.5856100">
    <ele>248.9</ele>
    <time>2026-04-04T15:24:11Z</time>
   </trkpt>
   <trkpt lat="47.5880980" lon="7.5855590">
    <ele>248.9</ele>
    <time>2026-04-04T15:24:12Z</time>
   </trkpt>
   <trkpt lat="47.5881220" lon="7.5855070">
    <ele>248.9</ele>
    <time>2026-04-04T15:24:13Z</time>
   </trkpt>
   <trkpt lat="47.5881470" lon="7.5854600">
    <ele>248.9</ele>
    <time>2026-04-04T15:24:14Z</time>
   </trkpt>
   <trkpt lat="47.5881700" lon="7.5854190">
    <ele>248.9</ele>
    <time>2026-04-04T15:24:15Z</time>
   </trkpt>
   <trkpt lat="47.5881860" lon="7.5853760">
    <ele>248.9</ele>
    <time>2026-04-04T15:24:16Z</time>
   </trkpt>
   <trkpt lat="47.5881990" lon="7.5853330">
    <ele>248.9</ele>
    <time>2026-04-04T15:24:17Z</time>
   </trkpt>
   <trkpt lat="47.5882120" lon="7.5852970">
    <ele>248.9</ele>
    <time>2026-04-04T15:24:18Z</time>
   </trkpt>
   <trkpt lat="47.5882180" lon="7.5852460">
    <ele>248.9</ele>
    <time>2026-04-04T15:24:19Z</time>
   </trkpt>
   <trkpt lat="47.5882180" lon="7.5852300">
    <ele>248.9</ele>
    <time>2026-04-04T15:24:20Z</time>
   </trkpt>
   <trkpt lat="47.5882060" lon="7.5851960">
    <ele>248.9</ele>
    <time>2026-04-04T15:24:21Z</time>
   </trkpt>
   <trkpt lat="47.5881980" lon="7.5851850">
    <ele>248.9</ele>
    <time>2026-04-04T15:24:22Z</time>
   </trkpt>
   <trkpt lat="47.5881770" lon="7.5851540">
    <ele>248.9</ele>
    <time>2026-04-04T15:24:23Z</time>
   </trkpt>
   <trkpt lat="47.5881550" lon="7.5851250">
    <ele>248.9</ele>
    <time>2026-04-04T15:24:24Z</time>
   </trkpt>
   <trkpt lat="47.5881300" lon="7.5850980">
    <ele>248.9</ele>
    <time>2026-04-04T15:24:25Z</time>
   </trkpt>
   <trkpt lat="47.5881000" lon="7.5850720">
    <ele>248.9</ele>
    <time>2026-04-04T15:24:26Z</time>
   </trkpt>
   <trkpt lat="47.5880700" lon="7.5850470">
    <ele>248.9</ele>
    <time>2026-04-04T15:24:27Z</time>
   </trkpt>
   <trkpt lat="47.5880440" lon="7.5850190">
    <ele>248.9</ele>
    <time>2026-04-04T15:24:28Z</time>
   </trkpt>
   <trkpt lat="47.5880180" lon="7.5849860">
    <ele>248.9</ele>
    <time>2026-04-04T15:24:29Z</time>
   </trkpt>
   <trkpt lat="47.5879950" lon="7.5849510">
    <ele>248.9</ele>
    <time>2026-04-04T15:24:30Z</time>
   </trkpt>
   <trkpt lat="47.5879720" lon="7.5849200">
    <ele>248.9</ele>
    <time>2026-04-04T15:24:31Z</time>
   </trkpt>
   <trkpt lat="47.5879470" lon="7.5848870">
    <ele>248.8</ele>
    <time>2026-04-04T15:24:32Z</time>
   </trkpt>
   <trkpt lat="47.5879260" lon="7.5848550">
    <ele>248.8</ele>
    <time>2026-04-04T15:24:33Z</time>
   </trkpt>
   <trkpt lat="47.5879060" lon="7.5848180">
    <ele>248.8</ele>
    <time>2026-04-04T15:24:34Z</time>
   </trkpt>
   <trkpt lat="47.5878860" lon="7.5847770">
    <ele>248.7</ele>
    <time>2026-04-04T15:24:35Z</time>
   </trkpt>
   <trkpt lat="47.5878630" lon="7.5847400">
    <ele>248.6</ele>
    <time>2026-04-04T15:24:36Z</time>
   </trkpt>
   <trkpt lat="47.5878340" lon="7.5847160">
    <ele>248.6</ele>
    <time>2026-04-04T15:24:37Z</time>
   </trkpt>
   <trkpt lat="47.5878060" lon="7.5847080">
    <ele>248.6</ele>
    <time>2026-04-04T15:24:38Z</time>
   </trkpt>
   <trkpt lat="47.5877720" lon="7.5847180">
    <ele>248.5</ele>
    <time>2026-04-04T15:24:39Z</time>
   </trkpt>
   <trkpt lat="47.5877360" lon="7.5847370">
    <ele>248.5</ele>
    <time>2026-04-04T15:24:40Z</time>
   </trkpt>
   <trkpt lat="47.5877020" lon="7.5847710">
    <ele>248.5</ele>
    <time>2026-04-04T15:24:41Z</time>
   </trkpt>
   <trkpt lat="47.5876700" lon="7.5848100">
    <ele>248.4</ele>
    <time>2026-04-04T15:24:42Z</time>
   </trkpt>
   <trkpt lat="47.5876400" lon="7.5848510">
    <ele>248.4</ele>
    <time>2026-04-04T15:24:43Z</time>
   </trkpt>
   <trkpt lat="47.5876090" lon="7.5848940">
    <ele>248.4</ele>
    <time>2026-04-04T15:24:44Z</time>
   </trkpt>
   <trkpt lat="47.5875800" lon="7.5849350">
    <ele>248.5</ele>
    <time>2026-04-04T15:24:45Z</time>
   </trkpt>
   <trkpt lat="47.5875500" lon="7.5849770">
    <ele>248.4</ele>
    <time>2026-04-04T15:24:46Z</time>
   </trkpt>
   <trkpt lat="47.5875190" lon="7.5850210">
    <ele>248.4</ele>
    <time>2026-04-04T15:24:47Z</time>
   </trkpt>
   <trkpt lat="47.5874920" lon="7.5850600">
    <ele>248.4</ele>
    <time>2026-04-04T15:24:48Z</time>
   </trkpt>
   <trkpt lat="47.5874650" lon="7.5850980">
    <ele>248.4</ele>
    <time>2026-04-04T15:24:49Z</time>
   </trkpt>
   <trkpt lat="47.5874370" lon="7.5851370">
    <ele>248.3</ele>
    <time>2026-04-04T15:24:50Z</time>
   </trkpt>
   <trkpt lat="47.5874090" lon="7.5851760">
    <ele>248.3</ele>
    <time>2026-04-04T15:24:51Z</time>
   </trkpt>
   <trkpt lat="47.5873790" lon="7.5852130">
    <ele>248.3</ele>
    <time>2026-04-04T15:24:52Z</time>
   </trkpt>
   <trkpt lat="47.5873510" lon="7.5852440">
    <ele>248.3</ele>
    <time>2026-04-04T15:24:53Z</time>
   </trkpt>
   <trkpt lat="47.5873260" lon="7.5852770">
    <ele>248.3</ele>
    <time>2026-04-04T15:24:54Z</time>
   </trkpt>
   <trkpt lat="47.5873020" lon="7.5853090">
    <ele>248.3</ele>
    <time>2026-04-04T15:24:55Z</time>
   </trkpt>
   <trkpt lat="47.5872810" lon="7.5853430">
    <ele>248.3</ele>
    <time>2026-04-04T15:24:56Z</time>
   </trkpt>
   <trkpt lat="47.5872560" lon="7.5853830">
    <ele>248.2</ele>
    <time>2026-04-04T15:24:57Z</time>
   </trkpt>
   <trkpt lat="47.5872310" lon="7.5854260">
    <ele>248.2</ele>
    <time>2026-04-04T15:24:58Z</time>
   </trkpt>
   <trkpt lat="47.5872040" lon="7.5854670">
    <ele>248.2</ele>
    <time>2026-04-04T15:24:59Z</time>
   </trkpt>
   <trkpt lat="47.5871760" lon="7.5855080">
    <ele>248.2</ele>
    <time>2026-04-04T15:25:00Z</time>
   </trkpt>
   <trkpt lat="47.5871460" lon="7.5855480">
    <ele>248.2</ele>
    <time>2026-04-04T15:25:01Z</time>
   </trkpt>
   <trkpt lat="47.5871160" lon="7.5855840">
    <ele>248.2</ele>
    <time>2026-04-04T15:25:02Z</time>
   </trkpt>
   <trkpt lat="47.5870810" lon="7.5856100">
    <ele>248.1</ele>
    <time>2026-04-04T15:25:03Z</time>
   </trkpt>
   <trkpt lat="47.5870410" lon="7.5856110">
    <ele>248.1</ele>
    <time>2026-04-04T15:25:04Z</time>
   </trkpt>
   <trkpt lat="47.5869990" lon="7.5856040">
    <ele>248.1</ele>
    <time>2026-04-04T15:25:05Z</time>
   </trkpt>
   <trkpt lat="47.5869580" lon="7.5855860">
    <ele>248.1</ele>
    <time>2026-04-04T15:25:06Z</time>
   </trkpt>
   <trkpt lat="47.5869160" lon="7.5855670">
    <ele>248.0</ele>
    <time>2026-04-04T15:25:07Z</time>
   </trkpt>
   <trkpt lat="47.5868730" lon="7.5855480">
    <ele>248.0</ele>
    <time>2026-04-04T15:25:08Z</time>
   </trkpt>
   <trkpt lat="47.5868300" lon="7.5855230">
    <ele>248.0</ele>
    <time>2026-04-04T15:25:09Z</time>
   </trkpt>
   <trkpt lat="47.5867890" lon="7.5854970">
    <ele>247.9</ele>
    <time>2026-04-04T15:25:10Z</time>
   </trkpt>
   <trkpt lat="47.5867470" lon="7.5854760">
    <ele>247.9</ele>
    <time>2026-04-04T15:25:11Z</time>
   </trkpt>
   <trkpt lat="47.5867070" lon="7.5854580">
    <ele>247.9</ele>
    <time>2026-04-04T15:25:12Z</time>
   </trkpt>
   <trkpt lat="47.5866680" lon="7.5854390">
    <ele>247.9</ele>
    <time>2026-04-04T15:25:13Z</time>
   </trkpt>
   <trkpt lat="47.5866290" lon="7.5854220">
    <ele>247.9</ele>
    <time>2026-04-04T15:25:14Z</time>
   </trkpt>
   <trkpt lat="47.5865910" lon="7.5854050">
    <ele>247.9</ele>
    <time>2026-04-04T15:25:15Z</time>
   </trkpt>
   <trkpt lat="47.5865550" lon="7.5853890">
    <ele>247.8</ele>
    <time>2026-04-04T15:25:16Z</time>
   </trkpt>
   <trkpt lat="47.5865160" lon="7.5853740">
    <ele>247.8</ele>
    <time>2026-04-04T15:25:17Z</time>
   </trkpt>
   <trkpt lat="47.5864760" lon="7.5853560">
    <ele>247.8</ele>
    <time>2026-04-04T15:25:18Z</time>
   </trkpt>
   <trkpt lat="47.5864360" lon="7.5853350">
    <ele>247.8</ele>
    <time>2026-04-04T15:25:19Z</time>
   </trkpt>
   <trkpt lat="47.5863970" lon="7.5853140">
    <ele>247.8</ele>
    <time>2026-04-04T15:25:20Z</time>
   </trkpt>
   <trkpt lat="47.5863570" lon="7.5852950">
    <ele>247.8</ele>
    <time>2026-04-04T15:25:21Z</time>
   </trkpt>
   <trkpt lat="47.5863170" lon="7.5852780">
    <ele>247.7</ele>
    <time>2026-04-04T15:25:22Z</time>
   </trkpt>
   <trkpt lat="47.5862770" lon="7.5852600">
    <ele>247.7</ele>
    <time>2026-04-04T15:25:23Z</time>
   </trkpt>
   <trkpt lat="47.5862350" lon="7.5852410">
    <ele>247.7</ele>
    <time>2026-04-04T15:25:24Z</time>
   </trkpt>
   <trkpt lat="47.5861930" lon="7.5852210">
    <ele>247.7</ele>
    <time>2026-04-04T15:25:25Z</time>
   </trkpt>
   <trkpt lat="47.5861500" lon="7.5852020">
    <ele>247.7</ele>
    <time>2026-04-04T15:25:26Z</time>
   </trkpt>
   <trkpt lat="47.5861060" lon="7.5851850">
    <ele>247.7</ele>
    <time>2026-04-04T15:25:27Z</time>
   </trkpt>
   <trkpt lat="47.5860640" lon="7.5851660">
    <ele>247.7</ele>
    <time>2026-04-04T15:25:28Z</time>
   </trkpt>
   <trkpt lat="47.5860220" lon="7.5851450">
    <ele>247.7</ele>
    <time>2026-04-04T15:25:29Z</time>
   </trkpt>
   <trkpt lat="47.5859800" lon="7.5851260">
    <ele>247.7</ele>
    <time>2026-04-04T15:25:30Z</time>
   </trkpt>
   <trkpt lat="47.5859390" lon="7.5851070">
    <ele>247.7</ele>
    <time>2026-04-04T15:25:31Z</time>
   </trkpt>
   <trkpt lat="47.5859000" lon="7.5850880">
    <ele>247.7</ele>
    <time>2026-04-04T15:25:32Z</time>
   </trkpt>
   <trkpt lat="47.5858570" lon="7.5850680">
    <ele>247.7</ele>
    <time>2026-04-04T15:25:33Z</time>
   </trkpt>
   <trkpt lat="47.5858150" lon="7.5850470">
    <ele>247.7</ele>
    <time>2026-04-04T15:25:34Z</time>
   </trkpt>
   <trkpt lat="47.5857750" lon="7.5850260">
    <ele>247.6</ele>
    <time>2026-04-04T15:25:35Z</time>
   </trkpt>
   <trkpt lat="47.5857360" lon="7.5850040">
    <ele>247.6</ele>
    <time>2026-04-04T15:25:36Z</time>
   </trkpt>
   <trkpt lat="47.5856960" lon="7.5849840">
    <ele>247.6</ele>
    <time>2026-04-04T15:25:37Z</time>
   </trkpt>
   <trkpt lat="47.5856560" lon="7.5849620">
    <ele>247.6</ele>
    <time>2026-04-04T15:25:38Z</time>
   </trkpt>
   <trkpt lat="47.5856140" lon="7.5849410">
    <ele>247.6</ele>
    <time>2026-04-04T15:25:39Z</time>
   </trkpt>
   <trkpt lat="47.5855710" lon="7.5849220">
    <ele>247.6</ele>
    <time>2026-04-04T15:25:40Z</time>
   </trkpt>
   <trkpt lat="47.5855300" lon="7.5849020">
    <ele>247.6</ele>
    <time>2026-04-04T15:25:41Z</time>
   </trkpt>
   <trkpt lat="47.5854880" lon="7.5848800">
    <ele>247.6</ele>
    <time>2026-04-04T15:25:42Z</time>
   </trkpt>
   <trkpt lat="47.5854470" lon="7.5848600">
    <ele>247.6</ele>
    <time>2026-04-04T15:25:43Z</time>
   </trkpt>
   <trkpt lat="47.5854090" lon="7.5848400">
    <ele>247.6</ele>
    <time>2026-04-04T15:25:44Z</time>
   </trkpt>
   <trkpt lat="47.5853690" lon="7.5848240">
    <ele>247.6</ele>
    <time>2026-04-04T15:25:45Z</time>
   </trkpt>
   <trkpt lat="47.5853290" lon="7.5848060">
    <ele>247.6</ele>
    <time>2026-04-04T15:25:46Z</time>
   </trkpt>
   <trkpt lat="47.5852890" lon="7.5847870">
    <ele>247.6</ele>
    <time>2026-04-04T15:25:47Z</time>
   </trkpt>
   <trkpt lat="47.5852480" lon="7.5847680">
    <ele>247.6</ele>
    <time>2026-04-04T15:25:48Z</time>
   </trkpt>
   <trkpt lat="47.5852070" lon="7.5847480">
    <ele>247.6</ele>
    <time>2026-04-04T15:25:49Z</time>
   </trkpt>
   <trkpt lat="47.5851650" lon="7.5847280">
    <ele>247.6</ele>
    <time>2026-04-04T15:25:50Z</time>
   </trkpt>
   <trkpt lat="47.5851230" lon="7.5847140">
    <ele>247.6</ele>
    <time>2026-04-04T15:25:51Z</time>
   </trkpt>
   <trkpt lat="47.5850810" lon="7.5846980">
    <ele>247.6</ele>
    <time>2026-04-04T15:25:52Z</time>
   </trkpt>
   <trkpt lat="47.5850380" lon="7.5846790">
    <ele>247.5</ele>
    <time>2026-04-04T15:25:53Z</time>
   </trkpt>
   <trkpt lat="47.5849950" lon="7.5846600">
    <ele>247.5</ele>
    <time>2026-04-04T15:25:54Z</time>
   </trkpt>
   <trkpt lat="47.5849510" lon="7.5846420">
    <ele>247.5</ele>
    <time>2026-04-04T15:25:55Z</time>
   </trkpt>
   <trkpt lat="47.5849080" lon="7.5846270">
    <ele>247.5</ele>
    <time>2026-04-04T15:25:56Z</time>
   </trkpt>
   <trkpt lat="47.5848660" lon="7.5846090">
    <ele>247.5</ele>
    <time>2026-04-04T15:25:57Z</time>
   </trkpt>
   <trkpt lat="47.5848240" lon="7.5845890">
    <ele>247.5</ele>
    <time>2026-04-04T15:25:58Z</time>
   </trkpt>
   <trkpt lat="47.5847830" lon="7.5845710">
    <ele>247.5</ele>
    <time>2026-04-04T15:25:59Z</time>
   </trkpt>
   <trkpt lat="47.5847420" lon="7.5845540">
    <ele>247.5</ele>
    <time>2026-04-04T15:26:00Z</time>
   </trkpt>
   <trkpt lat="47.5847010" lon="7.5845390">
    <ele>247.5</ele>
    <time>2026-04-04T15:26:01Z</time>
   </trkpt>
   <trkpt lat="47.5846620" lon="7.5845230">
    <ele>247.5</ele>
    <time>2026-04-04T15:26:02Z</time>
   </trkpt>
   <trkpt lat="47.5846230" lon="7.5845070">
    <ele>247.5</ele>
    <time>2026-04-04T15:26:03Z</time>
   </trkpt>
   <trkpt lat="47.5845830" lon="7.5844960">
    <ele>247.6</ele>
    <time>2026-04-04T15:26:04Z</time>
   </trkpt>
   <trkpt lat="47.5845420" lon="7.5844840">
    <ele>247.6</ele>
    <time>2026-04-04T15:26:05Z</time>
   </trkpt>
   <trkpt lat="47.5845020" lon="7.5844700">
    <ele>247.6</ele>
    <time>2026-04-04T15:26:06Z</time>
   </trkpt>
   <trkpt lat="47.5844620" lon="7.5844540">
    <ele>247.6</ele>
    <time>2026-04-04T15:26:07Z</time>
   </trkpt>
   <trkpt lat="47.5844240" lon="7.5844370">
    <ele>247.6</ele>
    <time>2026-04-04T15:26:08Z</time>
   </trkpt>
   <trkpt lat="47.5843880" lon="7.5844210">
    <ele>247.6</ele>
    <time>2026-04-04T15:26:09Z</time>
   </trkpt>
   <trkpt lat="47.5843520" lon="7.5844050">
    <ele>247.7</ele>
    <time>2026-04-04T15:26:10Z</time>
   </trkpt>
   <trkpt lat="47.5843160" lon="7.5843890">
    <ele>247.7</ele>
    <time>2026-04-04T15:26:11Z</time>
   </trkpt>
   <trkpt lat="47.5842810" lon="7.5843720">
    <ele>247.7</ele>
    <time>2026-04-04T15:26:12Z</time>
   </trkpt>
   <trkpt lat="47.5842490" lon="7.5843580">
    <ele>247.7</ele>
    <time>2026-04-04T15:26:13Z</time>
   </trkpt>
   <trkpt lat="47.5842190" lon="7.5843460">
    <ele>247.7</ele>
    <time>2026-04-04T15:26:14Z</time>
   </trkpt>
   <trkpt lat="47.5841870" lon="7.5843360">
    <ele>247.8</ele>
    <time>2026-04-04T15:26:15Z</time>
   </trkpt>
   <trkpt lat="47.5841550" lon="7.5843270">
    <ele>247.8</ele>
    <time>2026-04-04T15:26:16Z</time>
   </trkpt>
   <trkpt lat="47.5841240" lon="7.5843130">
    <ele>247.8</ele>
    <time>2026-04-04T15:26:17Z</time>
   </trkpt>
   <trkpt lat="47.5840940" lon="7.5843020">
    <ele>247.8</ele>
    <time>2026-04-04T15:26:18Z</time>
   </trkpt>
   <trkpt lat="47.5840620" lon="7.5842980">
    <ele>247.8</ele>
    <time>2026-04-04T15:26:19Z</time>
   </trkpt>
   <trkpt lat="47.5840270" lon="7.5842830">
    <ele>247.8</ele>
    <time>2026-04-04T15:26:20Z</time>
   </trkpt>
   <trkpt lat="47.5840180" lon="7.5842740">
    <ele>247.8</ele>
    <time>2026-04-04T15:26:21Z</time>
   </trkpt>
   <trkpt lat="47.5839790" lon="7.5842490">
    <ele>247.8</ele>
    <time>2026-04-04T15:26:22Z</time>
   </trkpt>
   <trkpt lat="47.5839620" lon="7.5842430">
    <ele>247.8</ele>
    <time>2026-04-04T15:26:23Z</time>
   </trkpt>
   <trkpt lat="47.5839270" lon="7.5842280">
    <ele>247.8</ele>
    <time>2026-04-04T15:26:24Z</time>
   </trkpt>
   <trkpt lat="47.5838940" lon="7.5842120">
    <ele>247.8</ele>
    <time>2026-04-04T15:26:25Z</time>
   </trkpt>
   <trkpt lat="47.5838570" lon="7.5841940">
    <ele>247.8</ele>
    <time>2026-04-04T15:26:26Z</time>
   </trkpt>
   <trkpt lat="47.5838180" lon="7.5841750">
    <ele>247.8</ele>
    <time>2026-04-04T15:26:27Z</time>
   </trkpt>
   <trkpt lat="47.5837810" lon="7.5841540">
    <ele>247.8</ele>
    <time>2026-04-04T15:26:28Z</time>
   </trkpt>
   <trkpt lat="47.5837480" lon="7.5841300">
    <ele>247.8</ele>
    <time>2026-04-04T15:26:29Z</time>
   </trkpt>
   <trkpt lat="47.5837100" lon="7.5841110">
    <ele>247.8</ele>
    <time>2026-04-04T15:26:30Z</time>
   </trkpt>
   <trkpt lat="47.5836740" lon="7.5840910">
    <ele>247.8</ele>
    <time>2026-04-04T15:26:31Z</time>
   </trkpt>
   <trkpt lat="47.5836360" lon="7.5840750">
    <ele>247.8</ele>
    <time>2026-04-04T15:26:32Z</time>
   </trkpt>
   <trkpt lat="47.5835970" lon="7.5840590">
    <ele>247.8</ele>
    <time>2026-04-04T15:26:33Z</time>
   </trkpt>
   <trkpt lat="47.5835600" lon="7.5840390">
    <ele>247.8</ele>
    <time>2026-04-04T15:26:34Z</time>
   </trkpt>
   <trkpt lat="47.5835240" lon="7.5840220">
    <ele>247.8</ele>
    <time>2026-04-04T15:26:35Z</time>
   </trkpt>
   <trkpt lat="47.5834880" lon="7.5840060">
    <ele>247.8</ele>
    <time>2026-04-04T15:26:36Z</time>
   </trkpt>
   <trkpt lat="47.5834540" lon="7.5839860">
    <ele>247.8</ele>
    <time>2026-04-04T15:26:37Z</time>
   </trkpt>
   <trkpt lat="47.5834230" lon="7.5839680">
    <ele>247.8</ele>
    <time>2026-04-04T15:26:38Z</time>
   </trkpt>
   <trkpt lat="47.5833940" lon="7.5839520">
    <ele>247.8</ele>
    <time>2026-04-04T15:26:39Z</time>
   </trkpt>
   <trkpt lat="47.5833680" lon="7.5839350">
    <ele>247.8</ele>
    <time>2026-04-04T15:26:40Z</time>
   </trkpt>
   <trkpt lat="47.5833340" lon="7.5839160">
    <ele>247.8</ele>
    <time>2026-04-04T15:26:41Z</time>
   </trkpt>
   <trkpt lat="47.5832990" lon="7.5838960">
    <ele>247.8</ele>
    <time>2026-04-04T15:26:42Z</time>
   </trkpt>
   <trkpt lat="47.5832650" lon="7.5838770">
    <ele>247.8</ele>
    <time>2026-04-04T15:26:43Z</time>
   </trkpt>
   <trkpt lat="47.5832270" lon="7.5838640">
    <ele>247.9</ele>
    <time>2026-04-04T15:26:44Z</time>
   </trkpt>
   <trkpt lat="47.5831890" lon="7.5838500">
    <ele>247.9</ele>
    <time>2026-04-04T15:26:45Z</time>
   </trkpt>
   <trkpt lat="47.5831550" lon="7.5838350">
    <ele>247.9</ele>
    <time>2026-04-04T15:26:46Z</time>
   </trkpt>
   <trkpt lat="47.5831170" lon="7.5838250">
    <ele>247.9</ele>
    <time>2026-04-04T15:26:47Z</time>
   </trkpt>
   <trkpt lat="47.5830790" lon="7.5838160">
    <ele>247.9</ele>
    <time>2026-04-04T15:26:48Z</time>
   </trkpt>
   <trkpt lat="47.5830420" lon="7.5838060">
    <ele>247.9</ele>
    <time>2026-04-04T15:26:49Z</time>
   </trkpt>
   <trkpt lat="47.5830050" lon="7.5837950">
    <ele>247.9</ele>
    <time>2026-04-04T15:26:50Z</time>
   </trkpt>
   <trkpt lat="47.5829680" lon="7.5837830">
    <ele>247.9</ele>
    <time>2026-04-04T15:26:51Z</time>
   </trkpt>
   <trkpt lat="47.5829300" lon="7.5837700">
    <ele>248.0</ele>
    <time>2026-04-04T15:26:52Z</time>
   </trkpt>
   <trkpt lat="47.5828930" lon="7.5837610">
    <ele>248.0</ele>
    <time>2026-04-04T15:26:53Z</time>
   </trkpt>
   <trkpt lat="47.5828550" lon="7.5837540">
    <ele>248.0</ele>
    <time>2026-04-04T15:26:54Z</time>
   </trkpt>
   <trkpt lat="47.5828150" lon="7.5837440">
    <ele>248.0</ele>
    <time>2026-04-04T15:26:55Z</time>
   </trkpt>
   <trkpt lat="47.5827740" lon="7.5837370">
    <ele>248.0</ele>
    <time>2026-04-04T15:26:56Z</time>
   </trkpt>
   <trkpt lat="47.5827340" lon="7.5837300">
    <ele>248.0</ele>
    <time>2026-04-04T15:26:57Z</time>
   </trkpt>
   <trkpt lat="47.5826970" lon="7.5837220">
    <ele>248.0</ele>
    <time>2026-04-04T15:26:58Z</time>
   </trkpt>
   <trkpt lat="47.5826560" lon="7.5837140">
    <ele>248.0</ele>
    <time>2026-04-04T15:26:59Z</time>
   </trkpt>
   <trkpt lat="47.5826160" lon="7.5837070">
    <ele>248.0</ele>
    <time>2026-04-04T15:27:00Z</time>
   </trkpt>
   <trkpt lat="47.5825760" lon="7.5837030">
    <ele>248.0</ele>
    <time>2026-04-04T15:27:01Z</time>
   </trkpt>
   <trkpt lat="47.5825370" lon="7.5836970">
    <ele>248.1</ele>
    <time>2026-04-04T15:27:02Z</time>
   </trkpt>
   <trkpt lat="47.5824970" lon="7.5836880">
    <ele>248.1</ele>
    <time>2026-04-04T15:27:03Z</time>
   </trkpt>
   <trkpt lat="47.5824570" lon="7.5836820">
    <ele>248.1</ele>
    <time>2026-04-04T15:27:04Z</time>
   </trkpt>
   <trkpt lat="47.5824190" lon="7.5836740">
    <ele>248.1</ele>
    <time>2026-04-04T15:27:05Z</time>
   </trkpt>
   <trkpt lat="47.5823830" lon="7.5836660">
    <ele>248.1</ele>
    <time>2026-04-04T15:27:06Z</time>
   </trkpt>
   <trkpt lat="47.5823470" lon="7.5836530">
    <ele>248.1</ele>
    <time>2026-04-04T15:27:07Z</time>
   </trkpt>
   <trkpt lat="47.5823120" lon="7.5836390">
    <ele>248.2</ele>
    <time>2026-04-04T15:27:08Z</time>
   </trkpt>
   <trkpt lat="47.5822780" lon="7.5836260">
    <ele>248.2</ele>
    <time>2026-04-04T15:27:09Z</time>
   </trkpt>
   <trkpt lat="47.5822380" lon="7.5836200">
    <ele>248.2</ele>
    <time>2026-04-04T15:27:10Z</time>
   </trkpt>
   <trkpt lat="47.5821990" lon="7.5836100">
    <ele>248.2</ele>
    <time>2026-04-04T15:27:11Z</time>
   </trkpt>
   <trkpt lat="47.5821600" lon="7.5836020">
    <ele>248.2</ele>
    <time>2026-04-04T15:27:12Z</time>
   </trkpt>
   <trkpt lat="47.5821240" lon="7.5835950">
    <ele>248.3</ele>
    <time>2026-04-04T15:27:13Z</time>
   </trkpt>
   <trkpt lat="47.5820880" lon="7.5835870">
    <ele>248.3</ele>
    <time>2026-04-04T15:27:14Z</time>
   </trkpt>
   <trkpt lat="47.5820510" lon="7.5835790">
    <ele>248.3</ele>
    <time>2026-04-04T15:27:15Z</time>
   </trkpt>
   <trkpt lat="47.5820130" lon="7.5835740">
    <ele>248.4</ele>
    <time>2026-04-04T15:27:16Z</time>
   </trkpt>
   <trkpt lat="47.5819740" lon="7.5835680">
    <ele>248.4</ele>
    <time>2026-04-04T15:27:17Z</time>
   </trkpt>
   <trkpt lat="47.5819350" lon="7.5835620">
    <ele>248.5</ele>
    <time>2026-04-04T15:27:18Z</time>
   </trkpt>
   <trkpt lat="47.5818960" lon="7.5835540">
    <ele>248.5</ele>
    <time>2026-04-04T15:27:19Z</time>
   </trkpt>
   <trkpt lat="47.5818580" lon="7.5835430">
    <ele>248.6</ele>
    <time>2026-04-04T15:27:20Z</time>
   </trkpt>
   <trkpt lat="47.5818200" lon="7.5835320">
    <ele>248.6</ele>
    <time>2026-04-04T15:27:21Z</time>
   </trkpt>
   <trkpt lat="47.5817790" lon="7.5835210">
    <ele>248.7</ele>
    <time>2026-04-04T15:27:22Z</time>
   </trkpt>
   <trkpt lat="47.5817380" lon="7.5835130">
    <ele>248.7</ele>
    <time>2026-04-04T15:27:23Z</time>
   </trkpt>
   <trkpt lat="47.5816970" lon="7.5835040">
    <ele>248.8</ele>
    <time>2026-04-04T15:27:24Z</time>
   </trkpt>
   <trkpt lat="47.5816570" lon="7.5834970">
    <ele>248.8</ele>
    <time>2026-04-04T15:27:25Z</time>
   </trkpt>
   <trkpt lat="47.5816180" lon="7.5834890">
    <ele>248.9</ele>
    <time>2026-04-04T15:27:26Z</time>
   </trkpt>
   <trkpt lat="47.5815790" lon="7.5834820">
    <ele>248.9</ele>
    <time>2026-04-04T15:27:27Z</time>
   </trkpt>
   <trkpt lat="47.5815410" lon="7.5834760">
    <ele>249.0</ele>
    <time>2026-04-04T15:27:28Z</time>
   </trkpt>
   <trkpt lat="47.5815030" lon="7.5834690">
    <ele>249.0</ele>
    <time>2026-04-04T15:27:29Z</time>
   </trkpt>
   <trkpt lat="47.5814650" lon="7.5834610">
    <ele>249.1</ele>
    <time>2026-04-04T15:27:30Z</time>
   </trkpt>
   <trkpt lat="47.5814280" lon="7.5834520">
    <ele>249.1</ele>
    <time>2026-04-04T15:27:31Z</time>
   </trkpt>
   <trkpt lat="47.5813930" lon="7.5834380">
    <ele>249.1</ele>
    <time>2026-04-04T15:27:32Z</time>
   </trkpt>
   <trkpt lat="47.5813580" lon="7.5834230">
    <ele>249.1</ele>
    <time>2026-04-04T15:27:33Z</time>
   </trkpt>
   <trkpt lat="47.5813200" lon="7.5834130">
    <ele>249.1</ele>
    <time>2026-04-04T15:27:34Z</time>
   </trkpt>
   <trkpt lat="47.5812820" lon="7.5833990">
    <ele>249.1</ele>
    <time>2026-04-04T15:27:35Z</time>
   </trkpt>
   <trkpt lat="47.5812440" lon="7.5833870">
    <ele>249.1</ele>
    <time>2026-04-04T15:27:36Z</time>
   </trkpt>
   <trkpt lat="47.5812060" lon="7.5833760">
    <ele>249.1</ele>
    <time>2026-04-04T15:27:37Z</time>
   </trkpt>
   <trkpt lat="47.5811700" lon="7.5833680">
    <ele>249.1</ele>
    <time>2026-04-04T15:27:38Z</time>
   </trkpt>
   <trkpt lat="47.5811350" lon="7.5833550">
    <ele>249.1</ele>
    <time>2026-04-04T15:27:39Z</time>
   </trkpt>
   <trkpt lat="47.5810960" lon="7.5833460">
    <ele>249.2</ele>
    <time>2026-04-04T15:27:40Z</time>
   </trkpt>
   <trkpt lat="47.5810560" lon="7.5833370">
    <ele>249.2</ele>
    <time>2026-04-04T15:27:41Z</time>
   </trkpt>
   <trkpt lat="47.5810180" lon="7.5833250">
    <ele>249.2</ele>
    <time>2026-04-04T15:27:42Z</time>
   </trkpt>
   <trkpt lat="47.5809780" lon="7.5833120">
    <ele>249.2</ele>
    <time>2026-04-04T15:27:43Z</time>
   </trkpt>
   <trkpt lat="47.5809390" lon="7.5833020">
    <ele>249.2</ele>
    <time>2026-04-04T15:27:44Z</time>
   </trkpt>
   <trkpt lat="47.5809020" lon="7.5832920">
    <ele>249.2</ele>
    <time>2026-04-04T15:27:45Z</time>
   </trkpt>
   <trkpt lat="47.5808630" lon="7.5832820">
    <ele>249.2</ele>
    <time>2026-04-04T15:27:46Z</time>
   </trkpt>
   <trkpt lat="47.5808240" lon="7.5832730">
    <ele>249.3</ele>
    <time>2026-04-04T15:27:47Z</time>
   </trkpt>
   <trkpt lat="47.5807840" lon="7.5832660">
    <ele>249.3</ele>
    <time>2026-04-04T15:27:48Z</time>
   </trkpt>
   <trkpt lat="47.5807440" lon="7.5832590">
    <ele>249.3</ele>
    <time>2026-04-04T15:27:49Z</time>
   </trkpt>
   <trkpt lat="47.5807030" lon="7.5832560">
    <ele>249.3</ele>
    <time>2026-04-04T15:27:50Z</time>
   </trkpt>
   <trkpt lat="47.5806640" lon="7.5832510">
    <ele>249.3</ele>
    <time>2026-04-04T15:27:51Z</time>
   </trkpt>
   <trkpt lat="47.5806270" lon="7.5832470">
    <ele>249.3</ele>
    <time>2026-04-04T15:27:52Z</time>
   </trkpt>
   <trkpt lat="47.5805910" lon="7.5832410">
    <ele>249.3</ele>
    <time>2026-04-04T15:27:53Z</time>
   </trkpt>
   <trkpt lat="47.5805570" lon="7.5832340">
    <ele>249.3</ele>
    <time>2026-04-04T15:27:54Z</time>
   </trkpt>
   <trkpt lat="47.5805240" lon="7.5832240">
    <ele>249.3</ele>
    <time>2026-04-04T15:27:55Z</time>
   </trkpt>
   <trkpt lat="47.5804900" lon="7.5832140">
    <ele>249.3</ele>
    <time>2026-04-04T15:27:56Z</time>
   </trkpt>
   <trkpt lat="47.5804560" lon="7.5832040">
    <ele>249.3</ele>
    <time>2026-04-04T15:27:57Z</time>
   </trkpt>
   <trkpt lat="47.5804180" lon="7.5831960">
    <ele>249.4</ele>
    <time>2026-04-04T15:27:58Z</time>
   </trkpt>
   <trkpt lat="47.5803800" lon="7.5831880">
    <ele>249.4</ele>
    <time>2026-04-04T15:27:59Z</time>
   </trkpt>
   <trkpt lat="47.5803410" lon="7.5831810">
    <ele>249.4</ele>
    <time>2026-04-04T15:28:00Z</time>
   </trkpt>
   <trkpt lat="47.5803040" lon="7.5831730">
    <ele>249.4</ele>
    <time>2026-04-04T15:28:01Z</time>
   </trkpt>
   <trkpt lat="47.5802680" lon="7.5831650">
    <ele>249.4</ele>
    <time>2026-04-04T15:28:02Z</time>
   </trkpt>
   <trkpt lat="47.5802310" lon="7.5831620">
    <ele>249.4</ele>
    <time>2026-04-04T15:28:03Z</time>
   </trkpt>
   <trkpt lat="47.5801910" lon="7.5831640">
    <ele>249.4</ele>
    <time>2026-04-04T15:28:04Z</time>
   </trkpt>
   <trkpt lat="47.5801520" lon="7.5831600">
    <ele>249.4</ele>
    <time>2026-04-04T15:28:05Z</time>
   </trkpt>
   <trkpt lat="47.5801140" lon="7.5831560">
    <ele>249.5</ele>
    <time>2026-04-04T15:28:06Z</time>
   </trkpt>
   <trkpt lat="47.5800760" lon="7.5831510">
    <ele>249.5</ele>
    <time>2026-04-04T15:28:07Z</time>
   </trkpt>
   <trkpt lat="47.5800380" lon="7.5831470">
    <ele>249.5</ele>
    <time>2026-04-04T15:28:08Z</time>
   </trkpt>
   <trkpt lat="47.5800020" lon="7.5831400">
    <ele>249.5</ele>
    <time>2026-04-04T15:28:09Z</time>
   </trkpt>
   <trkpt lat="47.5799700" lon="7.5831350">
    <ele>249.5</ele>
    <time>2026-04-04T15:28:10Z</time>
   </trkpt>
   <trkpt lat="47.5799370" lon="7.5831320">
    <ele>249.5</ele>
    <time>2026-04-04T15:28:11Z</time>
   </trkpt>
   <trkpt lat="47.5799070" lon="7.5831270">
    <ele>249.5</ele>
    <time>2026-04-04T15:28:12Z</time>
   </trkpt>
   <trkpt lat="47.5798760" lon="7.5831210">
    <ele>249.5</ele>
    <time>2026-04-04T15:28:13Z</time>
   </trkpt>
   <trkpt lat="47.5798430" lon="7.5831210">
    <ele>249.5</ele>
    <time>2026-04-04T15:28:14Z</time>
   </trkpt>
   <trkpt lat="47.5798110" lon="7.5831160">
    <ele>249.5</ele>
    <time>2026-04-04T15:28:15Z</time>
   </trkpt>
   <trkpt lat="47.5797800" lon="7.5831120">
    <ele>249.5</ele>
    <time>2026-04-04T15:28:16Z</time>
   </trkpt>
   <trkpt lat="47.5797500" lon="7.5831040">
    <ele>249.5</ele>
    <time>2026-04-04T15:28:17Z</time>
   </trkpt>
   <trkpt lat="47.5797210" lon="7.5830930">
    <ele>249.5</ele>
    <time>2026-04-04T15:28:18Z</time>
   </trkpt>
   <trkpt lat="47.5796920" lon="7.5830870">
    <ele>249.5</ele>
    <time>2026-04-04T15:28:19Z</time>
   </trkpt>
   <trkpt lat="47.5796620" lon="7.5830770">
    <ele>249.5</ele>
    <time>2026-04-04T15:28:20Z</time>
   </trkpt>
   <trkpt lat="47.5796320" lon="7.5830640">
    <ele>249.5</ele>
    <time>2026-04-04T15:28:21Z</time>
   </trkpt>
   <trkpt lat="47.5796040" lon="7.5830480">
    <ele>249.5</ele>
    <time>2026-04-04T15:28:22Z</time>
   </trkpt>
   <trkpt lat="47.5795740" lon="7.5830340">
    <ele>249.4</ele>
    <time>2026-04-04T15:28:23Z</time>
   </trkpt>
   <trkpt lat="47.5795440" lon="7.5830190">
    <ele>249.4</ele>
    <time>2026-04-04T15:28:24Z</time>
   </trkpt>
   <trkpt lat="47.5795110" lon="7.5830070">
    <ele>249.4</ele>
    <time>2026-04-04T15:28:25Z</time>
   </trkpt>
   <trkpt lat="47.5794780" lon="7.5829970">
    <ele>249.4</ele>
    <time>2026-04-04T15:28:26Z</time>
   </trkpt>
   <trkpt lat="47.5794450" lon="7.5829920">
    <ele>249.4</ele>
    <time>2026-04-04T15:28:27Z</time>
   </trkpt>
   <trkpt lat="47.5794120" lon="7.5829870">
    <ele>249.4</ele>
    <time>2026-04-04T15:28:28Z</time>
   </trkpt>
   <trkpt lat="47.5793800" lon="7.5829810">
    <ele>249.4</ele>
    <time>2026-04-04T15:28:29Z</time>
   </trkpt>
   <trkpt lat="47.5793470" lon="7.5829760">
    <ele>249.4</ele>
    <time>2026-04-04T15:28:30Z</time>
   </trkpt>
   <trkpt lat="47.5793140" lon="7.5829720">
    <ele>249.4</ele>
    <time>2026-04-04T15:28:31Z</time>
   </trkpt>
   <trkpt lat="47.5792810" lon="7.5829680">
    <ele>249.4</ele>
    <time>2026-04-04T15:28:32Z</time>
   </trkpt>
   <trkpt lat="47.5792480" lon="7.5829620">
    <ele>249.4</ele>
    <time>2026-04-04T15:28:33Z</time>
   </trkpt>
   <trkpt lat="47.5792150" lon="7.5829560">
    <ele>249.4</ele>
    <time>2026-04-04T15:28:34Z</time>
   </trkpt>
   <trkpt lat="47.5791820" lon="7.5829490">
    <ele>249.4</ele>
    <time>2026-04-04T15:28:35Z</time>
   </trkpt>
   <trkpt lat="47.5791500" lon="7.5829460">
    <ele>249.4</ele>
    <time>2026-04-04T15:28:36Z</time>
   </trkpt>
   <trkpt lat="47.5791170" lon="7.5829420">
    <ele>249.5</ele>
    <time>2026-04-04T15:28:37Z</time>
   </trkpt>
   <trkpt lat="47.5790880" lon="7.5829380">
    <ele>249.5</ele>
    <time>2026-04-04T15:28:38Z</time>
   </trkpt>
   <trkpt lat="47.5790590" lon="7.5829330">
    <ele>249.5</ele>
    <time>2026-04-04T15:28:39Z</time>
   </trkpt>
   <trkpt lat="47.5790310" lon="7.5829300">
    <ele>249.5</ele>
    <time>2026-04-04T15:28:40Z</time>
   </trkpt>
   <trkpt lat="47.5790020" lon="7.5829260">
    <ele>249.5</ele>
    <time>2026-04-04T15:28:41Z</time>
   </trkpt>
   <trkpt lat="47.5789750" lon="7.5829220">
    <ele>249.5</ele>
    <time>2026-04-04T15:28:42Z</time>
   </trkpt>
   <trkpt lat="47.5789460" lon="7.5829190">
    <ele>249.5</ele>
    <time>2026-04-04T15:28:43Z</time>
   </trkpt>
   <trkpt lat="47.5789150" lon="7.5829170">
    <ele>249.6</ele>
    <time>2026-04-04T15:28:44Z</time>
   </trkpt>
   <trkpt lat="47.5788830" lon="7.5829150">
    <ele>249.6</ele>
    <time>2026-04-04T15:28:45Z</time>
   </trkpt>
   <trkpt lat="47.5788490" lon="7.5829130">
    <ele>249.6</ele>
    <time>2026-04-04T15:28:46Z</time>
   </trkpt>
   <trkpt lat="47.5788160" lon="7.5829120">
    <ele>249.6</ele>
    <time>2026-04-04T15:28:47Z</time>
   </trkpt>
   <trkpt lat="47.5787830" lon="7.5829080">
    <ele>249.6</ele>
    <time>2026-04-04T15:28:48Z</time>
   </trkpt>
   <trkpt lat="47.5787510" lon="7.5829010">
    <ele>249.6</ele>
    <time>2026-04-04T15:28:49Z</time>
   </trkpt>
   <trkpt lat="47.5787170" lon="7.5829010">
    <ele>249.7</ele>
    <time>2026-04-04T15:28:50Z</time>
   </trkpt>
   <trkpt lat="47.5786820" lon="7.5829000">
    <ele>249.7</ele>
    <time>2026-04-04T15:28:51Z</time>
   </trkpt>
   <trkpt lat="47.5786460" lon="7.5829000">
    <ele>249.7</ele>
    <time>2026-04-04T15:28:52Z</time>
   </trkpt>
   <trkpt lat="47.5786130" lon="7.5828990">
    <ele>249.7</ele>
    <time>2026-04-04T15:28:53Z</time>
   </trkpt>
   <trkpt lat="47.5785790" lon="7.5828980">
    <ele>249.7</ele>
    <time>2026-04-04T15:28:54Z</time>
   </trkpt>
   <trkpt lat="47.5785440" lon="7.5828940">
    <ele>249.8</ele>
    <time>2026-04-04T15:28:55Z</time>
   </trkpt>
   <trkpt lat="47.5785100" lon="7.5828930">
    <ele>249.8</ele>
    <time>2026-04-04T15:28:56Z</time>
   </trkpt>
   <trkpt lat="47.5784750" lon="7.5828940">
    <ele>249.8</ele>
    <time>2026-04-04T15:28:57Z</time>
   </trkpt>
   <trkpt lat="47.5784420" lon="7.5828920">
    <ele>249.8</ele>
    <time>2026-04-04T15:28:58Z</time>
   </trkpt>
   <trkpt lat="47.5784100" lon="7.5828880">
    <ele>249.9</ele>
    <time>2026-04-04T15:28:59Z</time>
   </trkpt>
   <trkpt lat="47.5783750" lon="7.5828880">
    <ele>249.9</ele>
    <time>2026-04-04T15:29:00Z</time>
   </trkpt>
   <trkpt lat="47.5783410" lon="7.5828900">
    <ele>249.9</ele>
    <time>2026-04-04T15:29:01Z</time>
   </trkpt>
   <trkpt lat="47.5783050" lon="7.5828900">
    <ele>249.9</ele>
    <time>2026-04-04T15:29:02Z</time>
   </trkpt>
   <trkpt lat="47.5782700" lon="7.5828850">
    <ele>249.9</ele>
    <time>2026-04-04T15:29:03Z</time>
   </trkpt>
   <trkpt lat="47.5782350" lon="7.5828790">
    <ele>249.9</ele>
    <time>2026-04-04T15:29:04Z</time>
   </trkpt>
   <trkpt lat="47.5782030" lon="7.5828750">
    <ele>249.9</ele>
    <time>2026-04-04T15:29:05Z</time>
   </trkpt>
   <trkpt lat="47.5781680" lon="7.5828700">
    <ele>249.9</ele>
    <time>2026-04-04T15:29:06Z</time>
   </trkpt>
   <trkpt lat="47.5781340" lon="7.5828690">
    <ele>249.9</ele>
    <time>2026-04-04T15:29:07Z</time>
   </trkpt>
   <trkpt lat="47.5780990" lon="7.5828710">
    <ele>249.9</ele>
    <time>2026-04-04T15:29:08Z</time>
   </trkpt>
   <trkpt lat="47.5780620" lon="7.5828720">
    <ele>249.9</ele>
    <time>2026-04-04T15:29:09Z</time>
   </trkpt>
   <trkpt lat="47.5780250" lon="7.5828700">
    <ele>250.0</ele>
    <time>2026-04-04T15:29:10Z</time>
   </trkpt>
   <trkpt lat="47.5779910" lon="7.5828690">
    <ele>250.0</ele>
    <time>2026-04-04T15:29:11Z</time>
   </trkpt>
   <trkpt lat="47.5779570" lon="7.5828660">
    <ele>250.0</ele>
    <time>2026-04-04T15:29:12Z</time>
   </trkpt>
   <trkpt lat="47.5779220" lon="7.5828680">
    <ele>250.0</ele>
    <time>2026-04-04T15:29:13Z</time>
   </trkpt>
   <trkpt lat="47.5778890" lon="7.5828720">
    <ele>250.0</ele>
    <time>2026-04-04T15:29:14Z</time>
   </trkpt>
   <trkpt lat="47.5778550" lon="7.5828700">
    <ele>250.0</ele>
    <time>2026-04-04T15:29:15Z</time>
   </trkpt>
   <trkpt lat="47.5778220" lon="7.5828700">
    <ele>250.0</ele>
    <time>2026-04-04T15:29:16Z</time>
   </trkpt>
   <trkpt lat="47.5777910" lon="7.5828720">
    <ele>250.0</ele>
    <time>2026-04-04T15:29:17Z</time>
   </trkpt>
   <trkpt lat="47.5777610" lon="7.5828750">
    <ele>250.0</ele>
    <time>2026-04-04T15:29:18Z</time>
   </trkpt>
   <trkpt lat="47.5777320" lon="7.5828760">
    <ele>250.0</ele>
    <time>2026-04-04T15:29:19Z</time>
   </trkpt>
   <trkpt lat="47.5777020" lon="7.5828790">
    <ele>250.0</ele>
    <time>2026-04-04T15:29:20Z</time>
   </trkpt>
   <trkpt lat="47.5776630" lon="7.5828850">
    <ele>250.0</ele>
    <time>2026-04-04T15:29:21Z</time>
   </trkpt>
   <trkpt lat="47.5776490" lon="7.5828870">
    <ele>250.0</ele>
    <time>2026-04-04T15:29:22Z</time>
   </trkpt>
   <trkpt lat="47.5776210" lon="7.5828910">
    <ele>250.0</ele>
    <time>2026-04-04T15:29:23Z</time>
   </trkpt>
   <trkpt lat="47.5775940" lon="7.5828970">
    <ele>250.0</ele>
    <time>2026-04-04T15:29:24Z</time>
   </trkpt>
   <trkpt lat="47.5775640" lon="7.5828980">
    <ele>250.0</ele>
    <time>2026-04-04T15:29:25Z</time>
   </trkpt>
   <trkpt lat="47.5775340" lon="7.5828990">
    <ele>250.0</ele>
    <time>2026-04-04T15:29:26Z</time>
   </trkpt>
   <trkpt lat="47.5775040" lon="7.5829040">
    <ele>250.0</ele>
    <time>2026-04-04T15:29:27Z</time>
   </trkpt>
   <trkpt lat="47.5774730" lon="7.5829080">
    <ele>250.0</ele>
    <time>2026-04-04T15:29:28Z</time>
   </trkpt>
   <trkpt lat="47.5774390" lon="7.5829140">
    <ele>250.0</ele>
    <time>2026-04-04T15:29:29Z</time>
   </trkpt>
   <trkpt lat="47.5774050" lon="7.5829160">
    <ele>250.0</ele>
    <time>2026-04-04T15:29:30Z</time>
   </trkpt>
   <trkpt lat="47.5773700" lon="7.5829130">
    <ele>250.0</ele>
    <time>2026-04-04T15:29:31Z</time>
   </trkpt>
   <trkpt lat="47.5773330" lon="7.5829120">
    <ele>250.0</ele>
    <time>2026-04-04T15:29:32Z</time>
   </trkpt>
   <trkpt lat="47.5772940" lon="7.5829110">
    <ele>250.0</ele>
    <time>2026-04-04T15:29:33Z</time>
   </trkpt>
   <trkpt lat="47.5772560" lon="7.5829110">
    <ele>249.9</ele>
    <time>2026-04-04T15:29:34Z</time>
   </trkpt>
   <trkpt lat="47.5772160" lon="7.5829140">
    <ele>249.9</ele>
    <time>2026-04-04T15:29:35Z</time>
   </trkpt>
   <trkpt lat="47.5771760" lon="7.5829170">
    <ele>249.9</ele>
    <time>2026-04-04T15:29:36Z</time>
   </trkpt>
   <trkpt lat="47.5771360" lon="7.5829210">
    <ele>249.9</ele>
    <time>2026-04-04T15:29:37Z</time>
   </trkpt>
   <trkpt lat="47.5770950" lon="7.5829240">
    <ele>249.9</ele>
    <time>2026-04-04T15:29:38Z</time>
   </trkpt>
   <trkpt lat="47.5770550" lon="7.5829290">
    <ele>249.9</ele>
    <time>2026-04-04T15:29:39Z</time>
   </trkpt>
   <trkpt lat="47.5770150" lon="7.5829300">
    <ele>249.9</ele>
    <time>2026-04-04T15:29:40Z</time>
   </trkpt>
   <trkpt lat="47.5769750" lon="7.5829320">
    <ele>249.9</ele>
    <time>2026-04-04T15:29:41Z</time>
   </trkpt>
   <trkpt lat="47.5769350" lon="7.5829350">
    <ele>249.9</ele>
    <time>2026-04-04T15:29:42Z</time>
   </trkpt>
   <trkpt lat="47.5768930" lon="7.5829380">
    <ele>249.9</ele>
    <time>2026-04-04T15:29:43Z</time>
   </trkpt>
   <trkpt lat="47.5768520" lon="7.5829410">
    <ele>249.9</ele>
    <time>2026-04-04T15:29:44Z</time>
   </trkpt>
   <trkpt lat="47.5768130" lon="7.5829450">
    <ele>249.9</ele>
    <time>2026-04-04T15:29:45Z</time>
   </trkpt>
   <trkpt lat="47.5767750" lon="7.5829480">
    <ele>249.9</ele>
    <time>2026-04-04T15:29:46Z</time>
   </trkpt>
   <trkpt lat="47.5767380" lon="7.5829490">
    <ele>249.9</ele>
    <time>2026-04-04T15:29:47Z</time>
   </trkpt>
   <trkpt lat="47.5766990" lon="7.5829540">
    <ele>249.9</ele>
    <time>2026-04-04T15:29:48Z</time>
   </trkpt>
   <trkpt lat="47.5766620" lon="7.5829560">
    <ele>249.9</ele>
    <time>2026-04-04T15:29:49Z</time>
   </trkpt>
   <trkpt lat="47.5766250" lon="7.5829570">
    <ele>249.9</ele>
    <time>2026-04-04T15:29:50Z</time>
   </trkpt>
   <trkpt lat="47.5765880" lon="7.5829580">
    <ele>249.9</ele>
    <time>2026-04-04T15:29:51Z</time>
   </trkpt>
   <trkpt lat="47.5765490" lon="7.5829580">
    <ele>249.9</ele>
    <time>2026-04-04T15:29:52Z</time>
   </trkpt>
   <trkpt lat="47.5765090" lon="7.5829630">
    <ele>249.9</ele>
    <time>2026-04-04T15:29:53Z</time>
   </trkpt>
   <trkpt lat="47.5764670" lon="7.5829660">
    <ele>249.9</ele>
    <time>2026-04-04T15:29:54Z</time>
   </trkpt>
   <trkpt lat="47.5764250" lon="7.5829690">
    <ele>249.9</ele>
    <time>2026-04-04T15:29:55Z</time>
   </trkpt>
   <trkpt lat="47.5763840" lon="7.5829720">
    <ele>249.9</ele>
    <time>2026-04-04T15:29:56Z</time>
   </trkpt>
   <trkpt lat="47.5763440" lon="7.5829730">
    <ele>249.9</ele>
    <time>2026-04-04T15:29:57Z</time>
   </trkpt>
   <trkpt lat="47.5763030" lon="7.5829760">
    <ele>249.9</ele>
    <time>2026-04-04T15:29:58Z</time>
   </trkpt>
   <trkpt lat="47.5762630" lon="7.5829780">
    <ele>249.9</ele>
    <time>2026-04-04T15:29:59Z</time>
   </trkpt>
   <trkpt lat="47.5762220" lon="7.5829780">
    <ele>249.8</ele>
    <time>2026-04-04T15:30:00Z</time>
   </trkpt>
   <trkpt lat="47.5761820" lon="7.5829760">
    <ele>249.8</ele>
    <time>2026-04-04T15:30:01Z</time>
   </trkpt>
   <trkpt lat="47.5761430" lon="7.5829740">
    <ele>249.8</ele>
    <time>2026-04-04T15:30:02Z</time>
   </trkpt>
   <trkpt lat="47.5761050" lon="7.5829720">
    <ele>249.8</ele>
    <time>2026-04-04T15:30:03Z</time>
   </trkpt>
   <trkpt lat="47.5760680" lon="7.5829690">
    <ele>249.8</ele>
    <time>2026-04-04T15:30:04Z</time>
   </trkpt>
   <trkpt lat="47.5760300" lon="7.5829700">
    <ele>249.8</ele>
    <time>2026-04-04T15:30:05Z</time>
   </trkpt>
   <trkpt lat="47.5759930" lon="7.5829710">
    <ele>249.7</ele>
    <time>2026-04-04T15:30:06Z</time>
   </trkpt>
   <trkpt lat="47.5759550" lon="7.5829680">
    <ele>249.7</ele>
    <time>2026-04-04T15:30:07Z</time>
   </trkpt>
   <trkpt lat="47.5759180" lon="7.5829700">
    <ele>249.7</ele>
    <time>2026-04-04T15:30:08Z</time>
   </trkpt>
   <trkpt lat="47.5758810" lon="7.5829760">
    <ele>249.7</ele>
    <time>2026-04-04T15:30:09Z</time>
   </trkpt>
   <trkpt lat="47.5758440" lon="7.5829880">
    <ele>249.6</ele>
    <time>2026-04-04T15:30:10Z</time>
   </trkpt>
   <trkpt lat="47.5758080" lon="7.5830070">
    <ele>249.6</ele>
    <time>2026-04-04T15:30:11Z</time>
   </trkpt>
   <trkpt lat="47.5757740" lon="7.5830250">
    <ele>249.6</ele>
    <time>2026-04-04T15:30:12Z</time>
   </trkpt>
   <trkpt lat="47.5757360" lon="7.5830400">
    <ele>249.6</ele>
    <time>2026-04-04T15:30:13Z</time>
   </trkpt>
   <trkpt lat="47.5756970" lon="7.5830550">
    <ele>249.5</ele>
    <time>2026-04-04T15:30:14Z</time>
   </trkpt>
   <trkpt lat="47.5756560" lon="7.5830720">
    <ele>249.5</ele>
    <time>2026-04-04T15:30:15Z</time>
   </trkpt>
   <trkpt lat="47.5756180" lon="7.5830810">
    <ele>249.5</ele>
    <time>2026-04-04T15:30:16Z</time>
   </trkpt>
   <trkpt lat="47.5755820" lon="7.5830840">
    <ele>249.5</ele>
    <time>2026-04-04T15:30:17Z</time>
   </trkpt>
   <trkpt lat="47.5755470" lon="7.5830840">
    <ele>249.5</ele>
    <time>2026-04-04T15:30:18Z</time>
   </trkpt>
   <trkpt lat="47.5755100" lon="7.5830860">
    <ele>249.4</ele>
    <time>2026-04-04T15:30:19Z</time>
   </trkpt>
   <trkpt lat="47.5754710" lon="7.5830860">
    <ele>249.4</ele>
    <time>2026-04-04T15:30:20Z</time>
   </trkpt>
   <trkpt lat="47.5754320" lon="7.5830870">
    <ele>249.4</ele>
    <time>2026-04-04T15:30:21Z</time>
   </trkpt>
   <trkpt lat="47.5753920" lon="7.5830960">
    <ele>249.3</ele>
    <time>2026-04-04T15:30:22Z</time>
   </trkpt>
   <trkpt lat="47.5753550" lon="7.5831080">
    <ele>249.3</ele>
    <time>2026-04-04T15:30:23Z</time>
   </trkpt>
   <trkpt lat="47.5753190" lon="7.5831150">
    <ele>249.3</ele>
    <time>2026-04-04T15:30:24Z</time>
   </trkpt>
   <trkpt lat="47.5752820" lon="7.5831220">
    <ele>249.3</ele>
    <time>2026-04-04T15:30:25Z</time>
   </trkpt>
   <trkpt lat="47.5752450" lon="7.5831310">
    <ele>249.3</ele>
    <time>2026-04-04T15:30:26Z</time>
   </trkpt>
   <trkpt lat="47.5752080" lon="7.5831410">
    <ele>249.2</ele>
    <time>2026-04-04T15:30:27Z</time>
   </trkpt>
   <trkpt lat="47.5751710" lon="7.5831540">
    <ele>249.2</ele>
    <time>2026-04-04T15:30:28Z</time>
   </trkpt>
   <trkpt lat="47.5751310" lon="7.5831670">
    <ele>249.2</ele>
    <time>2026-04-04T15:30:29Z</time>
   </trkpt>
   <trkpt lat="47.5750930" lon="7.5831780">
    <ele>249.2</ele>
    <time>2026-04-04T15:30:30Z</time>
   </trkpt>
   <trkpt lat="47.5750520" lon="7.5831900">
    <ele>249.2</ele>
    <time>2026-04-04T15:30:31Z</time>
   </trkpt>
   <trkpt lat="47.5750110" lon="7.5832000">
    <ele>249.2</ele>
    <time>2026-04-04T15:30:32Z</time>
   </trkpt>
   <trkpt lat="47.5749690" lon="7.5832060">
    <ele>249.1</ele>
    <time>2026-04-04T15:30:33Z</time>
   </trkpt>
   <trkpt lat="47.5749270" lon="7.5832090">
    <ele>249.1</ele>
    <time>2026-04-04T15:30:34Z</time>
   </trkpt>
   <trkpt lat="47.5748860" lon="7.5832130">
    <ele>249.1</ele>
    <time>2026-04-04T15:30:35Z</time>
   </trkpt>
   <trkpt lat="47.5748480" lon="7.5832190">
    <ele>249.1</ele>
    <time>2026-04-04T15:30:36Z</time>
   </trkpt>
   <trkpt lat="47.5748100" lon="7.5832280">
    <ele>249.1</ele>
    <time>2026-04-04T15:30:37Z</time>
   </trkpt>
   <trkpt lat="47.5747750" lon="7.5832380">
    <ele>249.1</ele>
    <time>2026-04-04T15:30:38Z</time>
   </trkpt>
   <trkpt lat="47.5747400" lon="7.5832530">
    <ele>249.1</ele>
    <time>2026-04-04T15:30:39Z</time>
   </trkpt>
   <trkpt lat="47.5747050" lon="7.5832640">
    <ele>249.1</ele>
    <time>2026-04-04T15:30:40Z</time>
   </trkpt>
   <trkpt lat="47.5746710" lon="7.5832710">
    <ele>249.1</ele>
    <time>2026-04-04T15:30:41Z</time>
   </trkpt>
   <trkpt lat="47.5746350" lon="7.5832790">
    <ele>249.1</ele>
    <time>2026-04-04T15:30:42Z</time>
   </trkpt>
   <trkpt lat="47.5745960" lon="7.5832840">
    <ele>249.1</ele>
    <time>2026-04-04T15:30:43Z</time>
   </trkpt>
   <trkpt lat="47.5745570" lon="7.5832910">
    <ele>249.1</ele>
    <time>2026-04-04T15:30:44Z</time>
   </trkpt>
   <trkpt lat="47.5745170" lon="7.5832990">
    <ele>249.1</ele>
    <time>2026-04-04T15:30:45Z</time>
   </trkpt>
   <trkpt lat="47.5744770" lon="7.5833060">
    <ele>249.1</ele>
    <time>2026-04-04T15:30:46Z</time>
   </trkpt>
   <trkpt lat="47.5744370" lon="7.5833150">
    <ele>249.1</ele>
    <time>2026-04-04T15:30:47Z</time>
   </trkpt>
   <trkpt lat="47.5743960" lon="7.5833240">
    <ele>249.1</ele>
    <time>2026-04-04T15:30:48Z</time>
   </trkpt>
   <trkpt lat="47.5743560" lon="7.5833380">
    <ele>249.1</ele>
    <time>2026-04-04T15:30:49Z</time>
   </trkpt>
   <trkpt lat="47.5743160" lon="7.5833530">
    <ele>249.1</ele>
    <time>2026-04-04T15:30:50Z</time>
   </trkpt>
   <trkpt lat="47.5742770" lon="7.5833700">
    <ele>249.1</ele>
    <time>2026-04-04T15:30:51Z</time>
   </trkpt>
   <trkpt lat="47.5742390" lon="7.5833840">
    <ele>249.1</ele>
    <time>2026-04-04T15:30:52Z</time>
   </trkpt>
   <trkpt lat="47.5742030" lon="7.5833970">
    <ele>249.1</ele>
    <time>2026-04-04T15:30:53Z</time>
   </trkpt>
   <trkpt lat="47.5741660" lon="7.5834080">
    <ele>249.1</ele>
    <time>2026-04-04T15:30:54Z</time>
   </trkpt>
   <trkpt lat="47.5741280" lon="7.5834150">
    <ele>249.1</ele>
    <time>2026-04-04T15:30:55Z</time>
   </trkpt>
   <trkpt lat="47.5740920" lon="7.5834170">
    <ele>249.1</ele>
    <time>2026-04-04T15:30:56Z</time>
   </trkpt>
   <trkpt lat="47.5740560" lon="7.5834130">
    <ele>249.1</ele>
    <time>2026-04-04T15:30:57Z</time>
   </trkpt>
   <trkpt lat="47.5740210" lon="7.5834080">
    <ele>249.1</ele>
    <time>2026-04-04T15:30:58Z</time>
   </trkpt>
   <trkpt lat="47.5739840" lon="7.5834060">
    <ele>249.1</ele>
    <time>2026-04-04T15:30:59Z</time>
   </trkpt>
   <trkpt lat="47.5739470" lon="7.5834100">
    <ele>249.1</ele>
    <time>2026-04-04T15:31:00Z</time>
   </trkpt>
   <trkpt lat="47.5739090" lon="7.5834200">
    <ele>249.1</ele>
    <time>2026-04-04T15:31:01Z</time>
   </trkpt>
   <trkpt lat="47.5738720" lon="7.5834350">
    <ele>249.1</ele>
    <time>2026-04-04T15:31:02Z</time>
   </trkpt>
   <trkpt lat="47.5738340" lon="7.5834510">
    <ele>249.1</ele>
    <time>2026-04-04T15:31:03Z</time>
   </trkpt>
   <trkpt lat="47.5737950" lon="7.5834700">
    <ele>249.1</ele>
    <time>2026-04-04T15:31:04Z</time>
   </trkpt>
   <trkpt lat="47.5737550" lon="7.5834930">
    <ele>249.1</ele>
    <time>2026-04-04T15:31:05Z</time>
   </trkpt>
   <trkpt lat="47.5737160" lon="7.5835120">
    <ele>249.1</ele>
    <time>2026-04-04T15:31:06Z</time>
   </trkpt>
   <trkpt lat="47.5736770" lon="7.5835260">
    <ele>249.1</ele>
    <time>2026-04-04T15:31:07Z</time>
   </trkpt>
   <trkpt lat="47.5736410" lon="7.5835350">
    <ele>249.1</ele>
    <time>2026-04-04T15:31:08Z</time>
   </trkpt>
   <trkpt lat="47.5736040" lon="7.5835390">
    <ele>249.1</ele>
    <time>2026-04-04T15:31:09Z</time>
   </trkpt>
   <trkpt lat="47.5735690" lon="7.5835370">
    <ele>249.1</ele>
    <time>2026-04-04T15:31:10Z</time>
   </trkpt>
   <trkpt lat="47.5735330" lon="7.5835360">
    <ele>249.1</ele>
    <time>2026-04-04T15:31:11Z</time>
   </trkpt>
   <trkpt lat="47.5734990" lon="7.5835370">
    <ele>249.1</ele>
    <time>2026-04-04T15:31:12Z</time>
   </trkpt>
   <trkpt lat="47.5734610" lon="7.5835440">
    <ele>249.1</ele>
    <time>2026-04-04T15:31:13Z</time>
   </trkpt>
   <trkpt lat="47.5734230" lon="7.5835540">
    <ele>249.2</ele>
    <time>2026-04-04T15:31:14Z</time>
   </trkpt>
   <trkpt lat="47.5733820" lon="7.5835630">
    <ele>249.2</ele>
    <time>2026-04-04T15:31:15Z</time>
   </trkpt>
   <trkpt lat="47.5733410" lon="7.5835700">
    <ele>249.2</ele>
    <time>2026-04-04T15:31:16Z</time>
   </trkpt>
   <trkpt lat="47.5733010" lon="7.5835720">
    <ele>249.2</ele>
    <time>2026-04-04T15:31:17Z</time>
   </trkpt>
   <trkpt lat="47.5732590" lon="7.5835640">
    <ele>249.2</ele>
    <time>2026-04-04T15:31:18Z</time>
   </trkpt>
   <trkpt lat="47.5732170" lon="7.5835550">
    <ele>249.2</ele>
    <time>2026-04-04T15:31:19Z</time>
   </trkpt>
   <trkpt lat="47.5731780" lon="7.5835540">
    <ele>249.2</ele>
    <time>2026-04-04T15:31:20Z</time>
   </trkpt>
   <trkpt lat="47.5731410" lon="7.5835510">
    <ele>249.2</ele>
    <time>2026-04-04T15:31:21Z</time>
   </trkpt>
   <trkpt lat="47.5731030" lon="7.5835470">
    <ele>249.1</ele>
    <time>2026-04-04T15:31:22Z</time>
   </trkpt>
   <trkpt lat="47.5730630" lon="7.5835460">
    <ele>249.1</ele>
    <time>2026-04-04T15:31:23Z</time>
   </trkpt>
   <trkpt lat="47.5730240" lon="7.5835480">
    <ele>249.1</ele>
    <time>2026-04-04T15:31:24Z</time>
   </trkpt>
   <trkpt lat="47.5729860" lon="7.5835520">
    <ele>249.1</ele>
    <time>2026-04-04T15:31:25Z</time>
   </trkpt>
   <trkpt lat="47.5729490" lon="7.5835590">
    <ele>249.1</ele>
    <time>2026-04-04T15:31:26Z</time>
   </trkpt>
   <trkpt lat="47.5729130" lon="7.5835660">
    <ele>249.1</ele>
    <time>2026-04-04T15:31:27Z</time>
   </trkpt>
   <trkpt lat="47.5728770" lon="7.5835740">
    <ele>249.2</ele>
    <time>2026-04-04T15:31:28Z</time>
   </trkpt>
   <trkpt lat="47.5728400" lon="7.5835830">
    <ele>249.2</ele>
    <time>2026-04-04T15:31:29Z</time>
   </trkpt>
   <trkpt lat="47.5728030" lon="7.5835920">
    <ele>249.2</ele>
    <time>2026-04-04T15:31:30Z</time>
   </trkpt>
   <trkpt lat="47.5727660" lon="7.5836030">
    <ele>249.1</ele>
    <time>2026-04-04T15:31:31Z</time>
   </trkpt>
   <trkpt lat="47.5727280" lon="7.5836130">
    <ele>249.1</ele>
    <time>2026-04-04T15:31:32Z</time>
   </trkpt>
   <trkpt lat="47.5726880" lon="7.5836230">
    <ele>249.1</ele>
    <time>2026-04-04T15:31:33Z</time>
   </trkpt>
   <trkpt lat="47.5726500" lon="7.5836290">
    <ele>249.1</ele>
    <time>2026-04-04T15:31:34Z</time>
   </trkpt>
   <trkpt lat="47.5726110" lon="7.5836300">
    <ele>249.1</ele>
    <time>2026-04-04T15:31:35Z</time>
   </trkpt>
   <trkpt lat="47.5725740" lon="7.5836260">
    <ele>249.1</ele>
    <time>2026-04-04T15:31:36Z</time>
   </trkpt>
   <trkpt lat="47.5725360" lon="7.5836200">
    <ele>249.1</ele>
    <time>2026-04-04T15:31:37Z</time>
   </trkpt>
   <trkpt lat="47.5725000" lon="7.5836150">
    <ele>249.1</ele>
    <time>2026-04-04T15:31:38Z</time>
   </trkpt>
   <trkpt lat="47.5724620" lon="7.5836090">
    <ele>249.1</ele>
    <time>2026-04-04T15:31:39Z</time>
   </trkpt>
   <trkpt lat="47.5724260" lon="7.5835990">
    <ele>249.1</ele>
    <time>2026-04-04T15:31:40Z</time>
   </trkpt>
   <trkpt lat="47.5723900" lon="7.5835820">
    <ele>249.1</ele>
    <time>2026-04-04T15:31:41Z</time>
   </trkpt>
   <trkpt lat="47.5723540" lon="7.5835620">
    <ele>249.1</ele>
    <time>2026-04-04T15:31:42Z</time>
   </trkpt>
   <trkpt lat="47.5723160" lon="7.5835470">
    <ele>249.2</ele>
    <time>2026-04-04T15:31:43Z</time>
   </trkpt>
   <trkpt lat="47.5722770" lon="7.5835320">
    <ele>249.2</ele>
    <time>2026-04-04T15:31:44Z</time>
   </trkpt>
   <trkpt lat="47.5722370" lon="7.5835180">
    <ele>249.3</ele>
    <time>2026-04-04T15:31:45Z</time>
   </trkpt>
   <trkpt lat="47.5721980" lon="7.5835100">
    <ele>249.4</ele>
    <time>2026-04-04T15:31:46Z</time>
   </trkpt>
   <trkpt lat="47.5721570" lon="7.5835050">
    <ele>249.5</ele>
    <time>2026-04-04T15:31:47Z</time>
   </trkpt>
   <trkpt lat="47.5721140" lon="7.5835020">
    <ele>249.7</ele>
    <time>2026-04-04T15:31:48Z</time>
   </trkpt>
   <trkpt lat="47.5720680" lon="7.5834990">
    <ele>249.9</ele>
    <time>2026-04-04T15:31:49Z</time>
   </trkpt>
   <trkpt lat="47.5720230" lon="7.5835040">
    <ele>250.1</ele>
    <time>2026-04-04T15:31:50Z</time>
   </trkpt>
   <trkpt lat="47.5719750" lon="7.5835060">
    <ele>250.4</ele>
    <time>2026-04-04T15:31:51Z</time>
   </trkpt>
   <trkpt lat="47.5719260" lon="7.5835100">
    <ele>250.7</ele>
    <time>2026-04-04T15:31:52Z</time>
   </trkpt>
   <trkpt lat="47.5718780" lon="7.5835140">
    <ele>251.0</ele>
    <time>2026-04-04T15:31:53Z</time>
   </trkpt>
   <trkpt lat="47.5718330" lon="7.5835170">
    <ele>251.2</ele>
    <time>2026-04-04T15:31:54Z</time>
   </trkpt>
   <trkpt lat="47.5717860" lon="7.5835170">
    <ele>251.5</ele>
    <time>2026-04-04T15:31:55Z</time>
   </trkpt>
   <trkpt lat="47.5717410" lon="7.5835220">
    <ele>251.7</ele>
    <time>2026-04-04T15:31:56Z</time>
   </trkpt>
   <trkpt lat="47.5716980" lon="7.5835190">
    <ele>252.0</ele>
    <time>2026-04-04T15:31:57Z</time>
   </trkpt>
   <trkpt lat="47.5716520" lon="7.5835240">
    <ele>252.2</ele>
    <time>2026-04-04T15:31:58Z</time>
   </trkpt>
   <trkpt lat="47.5716070" lon="7.5835220">
    <ele>252.5</ele>
    <time>2026-04-04T15:31:59Z</time>
   </trkpt>
   <trkpt lat="47.5715610" lon="7.5835130">
    <ele>252.7</ele>
    <time>2026-04-04T15:32:00Z</time>
   </trkpt>
   <trkpt lat="47.5715180" lon="7.5834890">
    <ele>253.0</ele>
    <time>2026-04-04T15:32:01Z</time>
   </trkpt>
   <trkpt lat="47.5714780" lon="7.5834610">
    <ele>253.2</ele>
    <time>2026-04-04T15:32:02Z</time>
   </trkpt>
   <trkpt lat="47.5714340" lon="7.5834390">
    <ele>253.4</ele>
    <time>2026-04-04T15:32:03Z</time>
   </trkpt>
   <trkpt lat="47.5713920" lon="7.5834160">
    <ele>253.7</ele>
    <time>2026-04-04T15:32:04Z</time>
   </trkpt>
   <trkpt lat="47.5713490" lon="7.5833960">
    <ele>253.9</ele>
    <time>2026-04-04T15:32:05Z</time>
   </trkpt>
   <trkpt lat="47.5713050" lon="7.5833760">
    <ele>254.1</ele>
    <time>2026-04-04T15:32:06Z</time>
   </trkpt>
   <trkpt lat="47.5712680" lon="7.5833540">
    <ele>254.3</ele>
    <time>2026-04-04T15:32:07Z</time>
   </trkpt>
   <trkpt lat="47.5712280" lon="7.5833370">
    <ele>254.5</ele>
    <time>2026-04-04T15:32:08Z</time>
   </trkpt>
   <trkpt lat="47.5711950" lon="7.5833100">
    <ele>254.7</ele>
    <time>2026-04-04T15:32:09Z</time>
   </trkpt>
   <trkpt lat="47.5711710" lon="7.5832740">
    <ele>254.9</ele>
    <time>2026-04-04T15:32:10Z</time>
   </trkpt>
   <trkpt lat="47.5711540" lon="7.5832340">
    <ele>255.0</ele>
    <time>2026-04-04T15:32:11Z</time>
   </trkpt>
   <trkpt lat="47.5711340" lon="7.5831980">
    <ele>255.1</ele>
    <time>2026-04-04T15:32:12Z</time>
   </trkpt>
   <trkpt lat="47.5711110" lon="7.5831550">
    <ele>255.3</ele>
    <time>2026-04-04T15:32:13Z</time>
   </trkpt>
   <trkpt lat="47.5710910" lon="7.5831050">
    <ele>255.4</ele>
    <time>2026-04-04T15:32:14Z</time>
   </trkpt>
   <trkpt lat="47.5710700" lon="7.5830510">
    <ele>255.4</ele>
    <time>2026-04-04T15:32:15Z</time>
   </trkpt>
   <trkpt lat="47.5710520" lon="7.5829990">
    <ele>255.4</ele>
    <time>2026-04-04T15:32:16Z</time>
   </trkpt>
   <trkpt lat="47.5710410" lon="7.5829480">
    <ele>255.7</ele>
    <time>2026-04-04T15:32:17Z</time>
   </trkpt>
   <trkpt lat="47.5710400" lon="7.5828990">
    <ele>255.8</ele>
    <time>2026-04-04T15:32:18Z</time>
   </trkpt>
   <trkpt lat="47.5710390" lon="7.5828530">
    <ele>255.8</ele>
    <time>2026-04-04T15:32:19Z</time>
   </trkpt>
   <trkpt lat="47.5710400" lon="7.5828070">
    <ele>255.9</ele>
    <time>2026-04-04T15:32:20Z</time>
   </trkpt>
   <trkpt lat="47.5710450" lon="7.5827570">
    <ele>255.8</ele>
    <time>2026-04-04T15:32:21Z</time>
   </trkpt>
   <trkpt lat="47.5710480" lon="7.5827060">
    <ele>255.8</ele>
    <time>2026-04-04T15:32:22Z</time>
   </trkpt>
   <trkpt lat="47.5710480" lon="7.5826570">
    <ele>255.9</ele>
    <time>2026-04-04T15:32:23Z</time>
   </trkpt>
   <trkpt lat="47.5710460" lon="7.5826070">
    <ele>255.9</ele>
    <time>2026-04-04T15:32:24Z</time>
   </trkpt>
   <trkpt lat="47.5710450" lon="7.5825560">
    <ele>255.9</ele>
    <time>2026-04-04T15:32:25Z</time>
   </trkpt>
   <trkpt lat="47.5710430" lon="7.5825010">
    <ele>255.9</ele>
    <time>2026-04-04T15:32:26Z</time>
   </trkpt>
   <trkpt lat="47.5710390" lon="7.5824420">
    <ele>255.9</ele>
    <time>2026-04-04T15:32:27Z</time>
   </trkpt>
   <trkpt lat="47.5710370" lon="7.5823810">
    <ele>255.9</ele>
    <time>2026-04-04T15:32:28Z</time>
   </trkpt>
   <trkpt lat="47.5710400" lon="7.5823240">
    <ele>256.0</ele>
    <time>2026-04-04T15:32:29Z</time>
   </trkpt>
   <trkpt lat="47.5710450" lon="7.5822690">
    <ele>256.0</ele>
    <time>2026-04-04T15:32:30Z</time>
   </trkpt>
   <trkpt lat="47.5710510" lon="7.5822160">
    <ele>256.1</ele>
    <time>2026-04-04T15:32:31Z</time>
   </trkpt>
   <trkpt lat="47.5710580" lon="7.5821660">
    <ele>256.1</ele>
    <time>2026-04-04T15:32:32Z</time>
   </trkpt>
   <trkpt lat="47.5710600" lon="7.5821160">
    <ele>256.2</ele>
    <time>2026-04-04T15:32:33Z</time>
   </trkpt>
   <trkpt lat="47.5710590" lon="7.5820650">
    <ele>256.2</ele>
    <time>2026-04-04T15:32:34Z</time>
   </trkpt>
   <trkpt lat="47.5710570" lon="7.5820150">
    <ele>256.3</ele>
    <time>2026-04-04T15:32:35Z</time>
   </trkpt>
   <trkpt lat="47.5710520" lon="7.5819660">
    <ele>256.3</ele>
    <time>2026-04-04T15:32:36Z</time>
   </trkpt>
   <trkpt lat="47.5710470" lon="7.5819180">
    <ele>256.4</ele>
    <time>2026-04-04T15:32:37Z</time>
   </trkpt>
   <trkpt lat="47.5710430" lon="7.5818690">
    <ele>256.4</ele>
    <time>2026-04-04T15:32:38Z</time>
   </trkpt>
   <trkpt lat="47.5710420" lon="7.5818190">
    <ele>256.5</ele>
    <time>2026-04-04T15:32:39Z</time>
   </trkpt>
   <trkpt lat="47.5710470" lon="7.5817690">
    <ele>256.5</ele>
    <time>2026-04-04T15:32:40Z</time>
   </trkpt>
   <trkpt lat="47.5710570" lon="7.5817210">
    <ele>256.5</ele>
    <time>2026-04-04T15:32:41Z</time>
   </trkpt>
   <trkpt lat="47.5710700" lon="7.5816750">
    <ele>256.5</ele>
    <time>2026-04-04T15:32:42Z</time>
   </trkpt>
   <trkpt lat="47.5710820" lon="7.5816310">
    <ele>256.6</ele>
    <time>2026-04-04T15:32:43Z</time>
   </trkpt>
   <trkpt lat="47.5710920" lon="7.5815860">
    <ele>256.6</ele>
    <time>2026-04-04T15:32:44Z</time>
   </trkpt>
   <trkpt lat="47.5710980" lon="7.5815400">
    <ele>256.6</ele>
    <time>2026-04-04T15:32:45Z</time>
   </trkpt>
   <trkpt lat="47.5711030" lon="7.5814940">
    <ele>256.7</ele>
    <time>2026-04-04T15:32:46Z</time>
   </trkpt>
   <trkpt lat="47.5711160" lon="7.5814510">
    <ele>256.7</ele>
    <time>2026-04-04T15:32:47Z</time>
   </trkpt>
   <trkpt lat="47.5711240" lon="7.5814060">
    <ele>256.7</ele>
    <time>2026-04-04T15:32:48Z</time>
   </trkpt>
   <trkpt lat="47.5711240" lon="7.5813600">
    <ele>256.8</ele>
    <time>2026-04-04T15:32:49Z</time>
   </trkpt>
   <trkpt lat="47.5711130" lon="7.5813160">
    <ele>256.8</ele>
    <time>2026-04-04T15:32:50Z</time>
   </trkpt>
   <trkpt lat="47.5710930" lon="7.5812840">
    <ele>256.9</ele>
    <time>2026-04-04T15:32:51Z</time>
   </trkpt>
   <trkpt lat="47.5710540" lon="7.5812740">
    <ele>257.0</ele>
    <time>2026-04-04T15:32:52Z</time>
   </trkpt>
   <trkpt lat="47.5710390" lon="7.5812740">
    <ele>257.0</ele>
    <time>2026-04-04T15:32:53Z</time>
   </trkpt>
   <trkpt lat="47.5710050" lon="7.5812850">
    <ele>257.1</ele>
    <time>2026-04-04T15:32:54Z</time>
   </trkpt>
   <trkpt lat="47.5709950" lon="7.5812890">
    <ele>257.1</ele>
    <time>2026-04-04T15:32:55Z</time>
   </trkpt>
   <trkpt lat="47.5709780" lon="7.5813100">
    <ele>257.1</ele>
    <time>2026-04-04T15:32:56Z</time>
   </trkpt>
   <trkpt lat="47.5709720" lon="7.5813220">
    <ele>257.1</ele>
    <time>2026-04-04T15:32:57Z</time>
   </trkpt>
   <trkpt lat="47.5709670" lon="7.5813350">
    <ele>257.2</ele>
    <time>2026-04-04T15:32:58Z</time>
   </trkpt>
   <trkpt lat="47.5709560" lon="7.5813750">
    <ele>257.3</ele>
    <time>2026-04-04T15:32:59Z</time>
   </trkpt>
   <trkpt lat="47.5709480" lon="7.5814230">
    <ele>257.3</ele>
    <time>2026-04-04T15:33:00Z</time>
   </trkpt>
   <trkpt lat="47.5709430" lon="7.5814760">
    <ele>257.4</ele>
    <time>2026-04-04T15:33:01Z</time>
   </trkpt>
   <trkpt lat="47.5709380" lon="7.5815290">
    <ele>257.5</ele>
    <time>2026-04-04T15:33:02Z</time>
   </trkpt>
   <trkpt lat="47.5709360" lon="7.5815850">
    <ele>257.5</ele>
    <time>2026-04-04T15:33:03Z</time>
   </trkpt>
   <trkpt lat="47.5709380" lon="7.5816420">
    <ele>257.6</ele>
    <time>2026-04-04T15:33:04Z</time>
   </trkpt>
   <trkpt lat="47.5709390" lon="7.5817000">
    <ele>257.6</ele>
    <time>2026-04-04T15:33:05Z</time>
   </trkpt>
   <trkpt lat="47.5709380" lon="7.5817560">
    <ele>257.7</ele>
    <time>2026-04-04T15:33:06Z</time>
   </trkpt>
   <trkpt lat="47.5709390" lon="7.5818130">
    <ele>257.8</ele>
    <time>2026-04-04T15:33:07Z</time>
   </trkpt>
   <trkpt lat="47.5709400" lon="7.5818720">
    <ele>257.9</ele>
    <time>2026-04-04T15:33:08Z</time>
   </trkpt>
   <trkpt lat="47.5709400" lon="7.5819270">
    <ele>258.0</ele>
    <time>2026-04-04T15:33:09Z</time>
   </trkpt>
   <trkpt lat="47.5709400" lon="7.5819840">
    <ele>258.1</ele>
    <time>2026-04-04T15:33:10Z</time>
   </trkpt>
   <trkpt lat="47.5709410" lon="7.5820420">
    <ele>258.2</ele>
    <time>2026-04-04T15:33:11Z</time>
   </trkpt>
   <trkpt lat="47.5709430" lon="7.5820930">
    <ele>258.3</ele>
    <time>2026-04-04T15:33:12Z</time>
   </trkpt>
   <trkpt lat="47.5709460" lon="7.5821490">
    <ele>258.4</ele>
    <time>2026-04-04T15:33:13Z</time>
   </trkpt>
   <trkpt lat="47.5709470" lon="7.5822050">
    <ele>258.5</ele>
    <time>2026-04-04T15:33:14Z</time>
   </trkpt>
   <trkpt lat="47.5709480" lon="7.5822580">
    <ele>258.6</ele>
    <time>2026-04-04T15:33:15Z</time>
   </trkpt>
   <trkpt lat="47.5709490" lon="7.5823120">
    <ele>258.7</ele>
    <time>2026-04-04T15:33:16Z</time>
   </trkpt>
   <trkpt lat="47.5709500" lon="7.5823640">
    <ele>258.8</ele>
    <time>2026-04-04T15:33:17Z</time>
   </trkpt>
   <trkpt lat="47.5709540" lon="7.5824140">
    <ele>259.0</ele>
    <time>2026-04-04T15:33:18Z</time>
   </trkpt>
   <trkpt lat="47.5709550" lon="7.5824640">
    <ele>259.1</ele>
    <time>2026-04-04T15:33:19Z</time>
   </trkpt>
   <trkpt lat="47.5709540" lon="7.5825120">
    <ele>259.2</ele>
    <time>2026-04-04T15:33:20Z</time>
   </trkpt>
   <trkpt lat="47.5709500" lon="7.5825570">
    <ele>259.3</ele>
    <time>2026-04-04T15:33:21Z</time>
   </trkpt>
   <trkpt lat="47.5709460" lon="7.5826000">
    <ele>259.4</ele>
    <time>2026-04-04T15:33:22Z</time>
   </trkpt>
   <trkpt lat="47.5709420" lon="7.5826560">
    <ele>259.6</ele>
    <time>2026-04-04T15:33:23Z</time>
   </trkpt>
   <trkpt lat="47.5709400" lon="7.5826740">
    <ele>259.6</ele>
    <time>2026-04-04T15:33:24Z</time>
   </trkpt>
   <trkpt lat="47.5709340" lon="7.5827220">
    <ele>259.7</ele>
    <time>2026-04-04T15:33:25Z</time>
   </trkpt>
   <trkpt lat="47.5709310" lon="7.5827370">
    <ele>259.7</ele>
    <time>2026-04-04T15:33:26Z</time>
   </trkpt>
   <trkpt lat="47.5709210" lon="7.5827600">
    <ele>259.8</ele>
    <time>2026-04-04T15:33:27Z</time>
   </trkpt>
   <trkpt lat="47.5709100" lon="7.5827770">
    <ele>259.9</ele>
    <time>2026-04-04T15:33:28Z</time>
   </trkpt>
   <trkpt lat="47.5708990" lon="7.5827900">
    <ele>259.9</ele>
    <time>2026-04-04T15:33:29Z</time>
   </trkpt>
   <trkpt lat="47.5708900" lon="7.5827930">
    <ele>259.9</ele>
    <time>2026-04-04T15:33:30Z</time>
   </trkpt>
   <trkpt lat="47.5708820" lon="7.5827940">
    <ele>259.9</ele>
    <time>2026-04-04T15:33:31Z</time>
   </trkpt>
   <trkpt lat="47.5708780" lon="7.5827930">
    <ele>259.9</ele>
    <time>2026-04-04T15:33:32Z</time>
   </trkpt>
   <trkpt lat="47.5708780" lon="7.5827960">
    <ele>259.9</ele>
    <time>2026-04-04T15:33:33Z</time>
   </trkpt>
   <trkpt lat="47.5708730" lon="7.5827940">
    <ele>259.9</ele>
    <time>2026-04-04T15:33:34Z</time>
   </trkpt>
   <trkpt lat="47.5708660" lon="7.5827910">
    <ele>259.8</ele>
    <time>2026-04-04T15:33:35Z</time>
   </trkpt>
   <trkpt lat="47.5708530" lon="7.5827930">
    <ele>259.8</ele>
    <time>2026-04-04T15:33:36Z</time>
   </trkpt>
   <trkpt lat="47.5708170" lon="7.5827920">
    <ele>259.7</ele>
    <time>2026-04-04T15:33:37Z</time>
   </trkpt>
   <trkpt lat="47.5708040" lon="7.5827910">
    <ele>259.7</ele>
    <time>2026-04-04T15:33:38Z</time>
   </trkpt>
   <trkpt lat="47.5707750" lon="7.5827930">
    <ele>259.7</ele>
    <time>2026-04-04T15:33:39Z</time>
   </trkpt>
   <trkpt lat="47.5707450" lon="7.5827950">
    <ele>259.7</ele>
    <time>2026-04-04T15:33:40Z</time>
   </trkpt>
   <trkpt lat="47.5707160" lon="7.5827970">
    <ele>259.8</ele>
    <time>2026-04-04T15:33:41Z</time>
   </trkpt>
   <trkpt lat="47.5706850" lon="7.5827990">
    <ele>259.8</ele>
    <time>2026-04-04T15:33:42Z</time>
   </trkpt>
   <trkpt lat="47.5706610" lon="7.5828170">
    <ele>259.8</ele>
    <time>2026-04-04T15:33:43Z</time>
   </trkpt>
   <trkpt lat="47.5706450" lon="7.5828510">
    <ele>259.9</ele>
    <time>2026-04-04T15:33:44Z</time>
   </trkpt>
   <trkpt lat="47.5706470" lon="7.5828940">
    <ele>260.0</ele>
    <time>2026-04-04T15:33:45Z</time>
   </trkpt>
   <trkpt lat="47.5706560" lon="7.5829430">
    <ele>260.1</ele>
    <time>2026-04-04T15:33:46Z</time>
   </trkpt>
   <trkpt lat="47.5706670" lon="7.5829900">
    <ele>260.2</ele>
    <time>2026-04-04T15:33:47Z</time>
   </trkpt>
   <trkpt lat="47.5706770" lon="7.5830370">
    <ele>260.3</ele>
    <time>2026-04-04T15:33:48Z</time>
   </trkpt>
   <trkpt lat="47.5706840" lon="7.5830860">
    <ele>260.4</ele>
    <time>2026-04-04T15:33:49Z</time>
   </trkpt>
   <trkpt lat="47.5706870" lon="7.5831350">
    <ele>260.5</ele>
    <time>2026-04-04T15:33:50Z</time>
   </trkpt>
   <trkpt lat="47.5706920" lon="7.5831820">
    <ele>260.6</ele>
    <time>2026-04-04T15:33:51Z</time>
   </trkpt>
   <trkpt lat="47.5706930" lon="7.5832270">
    <ele>260.7</ele>
    <time>2026-04-04T15:33:52Z</time>
   </trkpt>
   <trkpt lat="47.5706920" lon="7.5832720">
    <ele>260.7</ele>
    <time>2026-04-04T15:33:53Z</time>
   </trkpt>
   <trkpt lat="47.5706910" lon="7.5833190">
    <ele>260.8</ele>
    <time>2026-04-04T15:33:54Z</time>
   </trkpt>
   <trkpt lat="47.5706900" lon="7.5833650">
    <ele>260.9</ele>
    <time>2026-04-04T15:33:55Z</time>
   </trkpt>
   <trkpt lat="47.5706890" lon="7.5834130">
    <ele>261.0</ele>
    <time>2026-04-04T15:33:56Z</time>
   </trkpt>
   <trkpt lat="47.5706880" lon="7.5834600">
    <ele>261.1</ele>
    <time>2026-04-04T15:33:57Z</time>
   </trkpt>
   <trkpt lat="47.5706870" lon="7.5835070">
    <ele>261.2</ele>
    <time>2026-04-04T15:33:58Z</time>
   </trkpt>
   <trkpt lat="47.5706870" lon="7.5835560">
    <ele>261.3</ele>
    <time>2026-04-04T15:33:59Z</time>
   </trkpt>
   <trkpt lat="47.5706860" lon="7.5836050">
    <ele>261.4</ele>
    <time>2026-04-04T15:34:00Z</time>
   </trkpt>
   <trkpt lat="47.5706860" lon="7.5836560">
    <ele>261.4</ele>
    <time>2026-04-04T15:34:01Z</time>
   </trkpt>
   <trkpt lat="47.5706870" lon="7.5837070">
    <ele>261.5</ele>
    <time>2026-04-04T15:34:02Z</time>
   </trkpt>
   <trkpt lat="47.5706880" lon="7.5837570">
    <ele>261.6</ele>
    <time>2026-04-04T15:34:03Z</time>
   </trkpt>
   <trkpt lat="47.5706880" lon="7.5838060">
    <ele>261.6</ele>
    <time>2026-04-04T15:34:04Z</time>
   </trkpt>
   <trkpt lat="47.5706870" lon="7.5838550">
    <ele>261.7</ele>
    <time>2026-04-04T15:34:05Z</time>
   </trkpt>
   <trkpt lat="47.5706880" lon="7.5839020">
    <ele>261.8</ele>
    <time>2026-04-04T15:34:06Z</time>
   </trkpt>
   <trkpt lat="47.5706890" lon="7.5839490">
    <ele>261.9</ele>
    <time>2026-04-04T15:34:07Z</time>
   </trkpt>
   <trkpt lat="47.5706870" lon="7.5839990">
    <ele>261.9</ele>
    <time>2026-04-04T15:34:08Z</time>
   </trkpt>
   <trkpt lat="47.5706860" lon="7.5840470">
    <ele>262.0</ele>
    <time>2026-04-04T15:34:09Z</time>
   </trkpt>
   <trkpt lat="47.5706860" lon="7.5840950">
    <ele>262.0</ele>
    <time>2026-04-04T15:34:10Z</time>
   </trkpt>
   <trkpt lat="47.5706860" lon="7.5841420">
    <ele>262.1</ele>
    <time>2026-04-04T15:34:11Z</time>
   </trkpt>
   <trkpt lat="47.5706840" lon="7.5841900">
    <ele>262.1</ele>
    <time>2026-04-04T15:34:12Z</time>
   </trkpt>
   <trkpt lat="47.5706820" lon="7.5842390">
    <ele>262.2</ele>
    <time>2026-04-04T15:34:13Z</time>
   </trkpt>
   <trkpt lat="47.5706810" lon="7.5842900">
    <ele>262.3</ele>
    <time>2026-04-04T15:34:14Z</time>
   </trkpt>
   <trkpt lat="47.5706800" lon="7.5843420">
    <ele>262.3</ele>
    <time>2026-04-04T15:34:15Z</time>
   </trkpt>
   <trkpt lat="47.5706790" lon="7.5843920">
    <ele>262.4</ele>
    <time>2026-04-04T15:34:16Z</time>
   </trkpt>
   <trkpt lat="47.5706770" lon="7.5844450">
    <ele>262.4</ele>
    <time>2026-04-04T15:34:17Z</time>
   </trkpt>
   <trkpt lat="47.5706770" lon="7.5844960">
    <ele>262.5</ele>
    <time>2026-04-04T15:34:18Z</time>
   </trkpt>
   <trkpt lat="47.5706750" lon="7.5845450">
    <ele>262.5</ele>
    <time>2026-04-04T15:34:19Z</time>
   </trkpt>
   <trkpt lat="47.5706740" lon="7.5845950">
    <ele>262.5</ele>
    <time>2026-04-04T15:34:20Z</time>
   </trkpt>
   <trkpt lat="47.5706710" lon="7.5846450">
    <ele>262.5</ele>
    <time>2026-04-04T15:34:21Z</time>
   </trkpt>
   <trkpt lat="47.5706680" lon="7.5846940">
    <ele>262.6</ele>
    <time>2026-04-04T15:34:22Z</time>
   </trkpt>
   <trkpt lat="47.5706670" lon="7.5847440">
    <ele>262.6</ele>
    <time>2026-04-04T15:34:23Z</time>
   </trkpt>
   <trkpt lat="47.5706640" lon="7.5847950">
    <ele>262.6</ele>
    <time>2026-04-04T15:34:24Z</time>
   </trkpt>
   <trkpt lat="47.5706610" lon="7.5848470">
    <ele>262.6</ele>
    <time>2026-04-04T15:34:25Z</time>
   </trkpt>
   <trkpt lat="47.5706590" lon="7.5848990">
    <ele>262.6</ele>
    <time>2026-04-04T15:34:26Z</time>
   </trkpt>
   <trkpt lat="47.5706570" lon="7.5849500">
    <ele>262.6</ele>
    <time>2026-04-04T15:34:27Z</time>
   </trkpt>
   <trkpt lat="47.5706550" lon="7.5850010">
    <ele>262.6</ele>
    <time>2026-04-04T15:34:28Z</time>
   </trkpt>
   <trkpt lat="47.5706560" lon="7.5850520">
    <ele>262.6</ele>
    <time>2026-04-04T15:34:29Z</time>
   </trkpt>
   <trkpt lat="47.5706550" lon="7.5851000">
    <ele>262.6</ele>
    <time>2026-04-04T15:34:30Z</time>
   </trkpt>
   <trkpt lat="47.5706530" lon="7.5851500">
    <ele>262.6</ele>
    <time>2026-04-04T15:34:31Z</time>
   </trkpt>
   <trkpt lat="47.5706500" lon="7.5851990">
    <ele>262.6</ele>
    <time>2026-04-04T15:34:32Z</time>
   </trkpt>
   <trkpt lat="47.5706500" lon="7.5852480">
    <ele>262.6</ele>
    <time>2026-04-04T15:34:33Z</time>
   </trkpt>
   <trkpt lat="47.5706510" lon="7.5852980">
    <ele>262.6</ele>
    <time>2026-04-04T15:34:34Z</time>
   </trkpt>
   <trkpt lat="47.5706510" lon="7.5853510">
    <ele>262.6</ele>
    <time>2026-04-04T15:34:35Z</time>
   </trkpt>
   <trkpt lat="47.5706520" lon="7.5854010">
    <ele>262.6</ele>
    <time>2026-04-04T15:34:36Z</time>
   </trkpt>
   <trkpt lat="47.5706520" lon="7.5854540">
    <ele>262.6</ele>
    <time>2026-04-04T15:34:37Z</time>
   </trkpt>
   <trkpt lat="47.5706530" lon="7.5855040">
    <ele>262.6</ele>
    <time>2026-04-04T15:34:38Z</time>
   </trkpt>
   <trkpt lat="47.5706550" lon="7.5855520">
    <ele>262.6</ele>
    <time>2026-04-04T15:34:39Z</time>
   </trkpt>
   <trkpt lat="47.5706560" lon="7.5856010">
    <ele>262.6</ele>
    <time>2026-04-04T15:34:40Z</time>
   </trkpt>
   <trkpt lat="47.5706570" lon="7.5856520">
    <ele>262.5</ele>
    <time>2026-04-04T15:34:41Z</time>
   </trkpt>
   <trkpt lat="47.5706570" lon="7.5857020">
    <ele>262.5</ele>
    <time>2026-04-04T15:34:42Z</time>
   </trkpt>
   <trkpt lat="47.5706570" lon="7.5857520">
    <ele>262.5</ele>
    <time>2026-04-04T15:34:43Z</time>
   </trkpt>
   <trkpt lat="47.5706570" lon="7.5857990">
    <ele>262.4</ele>
    <time>2026-04-04T15:34:44Z</time>
   </trkpt>
   <trkpt lat="47.5706570" lon="7.5858470">
    <ele>262.4</ele>
    <time>2026-04-04T15:34:45Z</time>
   </trkpt>
   <trkpt lat="47.5706560" lon="7.5858960">
    <ele>262.3</ele>
    <time>2026-04-04T15:34:46Z</time>
   </trkpt>
   <trkpt lat="47.5706550" lon="7.5859490">
    <ele>262.3</ele>
    <time>2026-04-04T15:34:47Z</time>
   </trkpt>
   <trkpt lat="47.5706540" lon="7.5860030">
    <ele>262.2</ele>
    <time>2026-04-04T15:34:48Z</time>
   </trkpt>
   <trkpt lat="47.5706550" lon="7.5860550">
    <ele>262.2</ele>
    <time>2026-04-04T15:34:49Z</time>
   </trkpt>
   <trkpt lat="47.5706530" lon="7.5861050">
    <ele>262.1</ele>
    <time>2026-04-04T15:34:50Z</time>
   </trkpt>
   <trkpt lat="47.5706500" lon="7.5861570">
    <ele>262.1</ele>
    <time>2026-04-04T15:34:51Z</time>
   </trkpt>
   <trkpt lat="47.5706480" lon="7.5862070">
    <ele>262.0</ele>
    <time>2026-04-04T15:34:52Z</time>
   </trkpt>
   <trkpt lat="47.5706500" lon="7.5862580">
    <ele>262.0</ele>
    <time>2026-04-04T15:34:53Z</time>
   </trkpt>
   <trkpt lat="47.5706500" lon="7.5863100">
    <ele>261.9</ele>
    <time>2026-04-04T15:34:54Z</time>
   </trkpt>
   <trkpt lat="47.5706500" lon="7.5863580">
    <ele>261.8</ele>
    <time>2026-04-04T15:34:55Z</time>
   </trkpt>
   <trkpt lat="47.5706490" lon="7.5864090">
    <ele>261.8</ele>
    <time>2026-04-04T15:34:56Z</time>
   </trkpt>
   <trkpt lat="47.5706510" lon="7.5864630">
    <ele>261.7</ele>
    <time>2026-04-04T15:34:57Z</time>
   </trkpt>
   <trkpt lat="47.5706500" lon="7.5865140">
    <ele>261.6</ele>
    <time>2026-04-04T15:34:58Z</time>
   </trkpt>
   <trkpt lat="47.5706490" lon="7.5865690">
    <ele>261.5</ele>
    <time>2026-04-04T15:34:59Z</time>
   </trkpt>
   <trkpt lat="47.5706480" lon="7.5866230">
    <ele>261.5</ele>
    <time>2026-04-04T15:35:00Z</time>
   </trkpt>
   <trkpt lat="47.5706470" lon="7.5866810">
    <ele>261.4</ele>
    <time>2026-04-04T15:35:01Z</time>
   </trkpt>
   <trkpt lat="47.5706470" lon="7.5867430">
    <ele>261.3</ele>
    <time>2026-04-04T15:35:02Z</time>
   </trkpt>
   <trkpt lat="47.5706470" lon="7.5868080">
    <ele>261.2</ele>
    <time>2026-04-04T15:35:03Z</time>
   </trkpt>
   <trkpt lat="47.5706470" lon="7.5868730">
    <ele>261.1</ele>
    <time>2026-04-04T15:35:04Z</time>
   </trkpt>
   <trkpt lat="47.5706460" lon="7.5869380">
    <ele>260.9</ele>
    <time>2026-04-04T15:35:05Z</time>
   </trkpt>
   <trkpt lat="47.5706450" lon="7.5870040">
    <ele>260.8</ele>
    <time>2026-04-04T15:35:06Z</time>
   </trkpt>
   <trkpt lat="47.5706440" lon="7.5870700">
    <ele>260.7</ele>
    <time>2026-04-04T15:35:07Z</time>
   </trkpt>
   <trkpt lat="47.5706470" lon="7.5871240">
    <ele>260.5</ele>
    <time>2026-04-04T15:35:08Z</time>
   </trkpt>
   <trkpt lat="47.5706400" lon="7.5871890">
    <ele>260.4</ele>
    <time>2026-04-04T15:35:09Z</time>
   </trkpt>
   <trkpt lat="47.5706320" lon="7.5872590">
    <ele>260.2</ele>
    <time>2026-04-04T15:35:10Z</time>
   </trkpt>
   <trkpt lat="47.5706140" lon="7.5873250">
    <ele>260.1</ele>
    <time>2026-04-04T15:35:11Z</time>
   </trkpt>
   <trkpt lat="47.5705940" lon="7.5873940">
    <ele>259.9</ele>
    <time>2026-04-04T15:35:12Z</time>
   </trkpt>
   <trkpt lat="47.5705740" lon="7.5874600">
    <ele>259.7</ele>
    <time>2026-04-04T15:35:13Z</time>
   </trkpt>
   <trkpt lat="47.5705590" lon="7.5875280">
    <ele>259.5</ele>
    <time>2026-04-04T15:35:14Z</time>
   </trkpt>
   <trkpt lat="47.5705490" lon="7.5875980">
    <ele>259.4</ele>
    <time>2026-04-04T15:35:15Z</time>
   </trkpt>
   <trkpt lat="47.5705450" lon="7.5876720">
    <ele>259.2</ele>
    <time>2026-04-04T15:35:16Z</time>
   </trkpt>
   <trkpt lat="47.5705390" lon="7.5877430">
    <ele>259.0</ele>
    <time>2026-04-04T15:35:17Z</time>
   </trkpt>
   <trkpt lat="47.5705390" lon="7.5878220">
    <ele>258.8</ele>
    <time>2026-04-04T15:35:18Z</time>
   </trkpt>
   <trkpt lat="47.5705360" lon="7.5878950">
    <ele>258.6</ele>
    <time>2026-04-04T15:35:19Z</time>
   </trkpt>
   <trkpt lat="47.5705330" lon="7.5879810">
    <ele>258.4</ele>
    <time>2026-04-04T15:35:20Z</time>
   </trkpt>
   <trkpt lat="47.5705340" lon="7.5880640">
    <ele>258.1</ele>
    <time>2026-04-04T15:35:21Z</time>
   </trkpt>
   <trkpt lat="47.5705400" lon="7.5881470">
    <ele>257.9</ele>
    <time>2026-04-04T15:35:22Z</time>
   </trkpt>
   <trkpt lat="47.5705490" lon="7.5882270">
    <ele>257.7</ele>
    <time>2026-04-04T15:35:23Z</time>
   </trkpt>
   <trkpt lat="47.5705460" lon="7.5883200">
    <ele>257.5</ele>
    <time>2026-04-04T15:35:24Z</time>
   </trkpt>
   <trkpt lat="47.5705470" lon="7.5884010">
    <ele>257.2</ele>
    <time>2026-04-04T15:35:25Z</time>
   </trkpt>
   <trkpt lat="47.5705440" lon="7.5884900">
    <ele>257.0</ele>
    <time>2026-04-04T15:35:26Z</time>
   </trkpt>
   <trkpt lat="47.5705470" lon="7.5885760">
    <ele>256.8</ele>
    <time>2026-04-04T15:35:27Z</time>
   </trkpt>
   <trkpt lat="47.5705480" lon="7.5886610">
    <ele>256.6</ele>
    <time>2026-04-04T15:35:28Z</time>
   </trkpt>
   <trkpt lat="47.5705490" lon="7.5887490">
    <ele>256.3</ele>
    <time>2026-04-04T15:35:29Z</time>
   </trkpt>
   <trkpt lat="47.5705480" lon="7.5888370">
    <ele>256.1</ele>
    <time>2026-04-04T15:35:30Z</time>
   </trkpt>
   <trkpt lat="47.5705500" lon="7.5889160">
    <ele>255.8</ele>
    <time>2026-04-04T15:35:31Z</time>
   </trkpt>
   <trkpt lat="47.5705520" lon="7.5890040">
    <ele>255.6</ele>
    <time>2026-04-04T15:35:32Z</time>
   </trkpt>
   <trkpt lat="47.5705510" lon="7.5890760">
    <ele>255.4</ele>
    <time>2026-04-04T15:35:33Z</time>
   </trkpt>
   <trkpt lat="47.5705560" lon="7.5891590">
    <ele>255.1</ele>
    <time>2026-04-04T15:35:34Z</time>
   </trkpt>
   <trkpt lat="47.5705600" lon="7.5892440">
    <ele>254.9</ele>
    <time>2026-04-04T15:35:35Z</time>
   </trkpt>
   <trkpt lat="47.5705620" lon="7.5893290">
    <ele>254.7</ele>
    <time>2026-04-04T15:35:36Z</time>
   </trkpt>
   <trkpt lat="47.5705590" lon="7.5894030">
    <ele>254.6</ele>
    <time>2026-04-04T15:35:37Z</time>
   </trkpt>
   <trkpt lat="47.5705620" lon="7.5894750">
    <ele>254.6</ele>
    <time>2026-04-04T15:35:38Z</time>
   </trkpt>
   <trkpt lat="47.5705640" lon="7.5895470">
    <ele>254.5</ele>
    <time>2026-04-04T15:35:39Z</time>
   </trkpt>
   <trkpt lat="47.5705690" lon="7.5896110">
    <ele>254.5</ele>
    <time>2026-04-04T15:35:40Z</time>
   </trkpt>
   <trkpt lat="47.5705710" lon="7.5896710">
    <ele>254.4</ele>
    <time>2026-04-04T15:35:41Z</time>
   </trkpt>
   <trkpt lat="47.5705670" lon="7.5897360">
    <ele>254.4</ele>
    <time>2026-04-04T15:35:42Z</time>
   </trkpt>
   <trkpt lat="47.5705660" lon="7.5897970">
    <ele>254.3</ele>
    <time>2026-04-04T15:35:43Z</time>
   </trkpt>
   <trkpt lat="47.5705550" lon="7.5898530">
    <ele>254.3</ele>
    <time>2026-04-04T15:35:44Z</time>
   </trkpt>
   <trkpt lat="47.5705330" lon="7.5898880">
    <ele>254.3</ele>
    <time>2026-04-04T15:35:45Z</time>
   </trkpt>
   <trkpt lat="47.5704980" lon="7.5899040">
    <ele>254.2</ele>
    <time>2026-04-04T15:35:46Z</time>
   </trkpt>
   <trkpt lat="47.5704630" lon="7.5899130">
    <ele>254.1</ele>
    <time>2026-04-04T15:35:47Z</time>
   </trkpt>
   <trkpt lat="47.5704290" lon="7.5899180">
    <ele>254.0</ele>
    <time>2026-04-04T15:35:48Z</time>
   </trkpt>
   <trkpt lat="47.5703960" lon="7.5899180">
    <ele>254.0</ele>
    <time>2026-04-04T15:35:49Z</time>
   </trkpt>
   <trkpt lat="47.5703630" lon="7.5899160">
    <ele>253.9</ele>
    <time>2026-04-04T15:35:50Z</time>
   </trkpt>
   <trkpt lat="47.5703300" lon="7.5899130">
    <ele>253.9</ele>
    <time>2026-04-04T15:35:51Z</time>
   </trkpt>
   <trkpt lat="47.5702970" lon="7.5898990">
    <ele>253.8</ele>
    <time>2026-04-04T15:35:52Z</time>
   </trkpt>
   <trkpt lat="47.5702660" lon="7.5898690">
    <ele>253.8</ele>
    <time>2026-04-04T15:35:53Z</time>
   </trkpt>
   <trkpt lat="47.5702510" lon="7.5898230">
    <ele>253.7</ele>
    <time>2026-04-04T15:35:54Z</time>
   </trkpt>
   <trkpt lat="47.5702480" lon="7.5897680">
    <ele>253.6</ele>
    <time>2026-04-04T15:35:55Z</time>
   </trkpt>
   <trkpt lat="47.5702490" lon="7.5897090">
    <ele>253.6</ele>
    <time>2026-04-04T15:35:56Z</time>
   </trkpt>
   <trkpt lat="47.5702460" lon="7.5896530">
    <ele>253.5</ele>
    <time>2026-04-04T15:35:57Z</time>
   </trkpt>
   <trkpt lat="47.5702410" lon="7.5895990">
    <ele>253.4</ele>
    <time>2026-04-04T15:35:58Z</time>
   </trkpt>
   <trkpt lat="47.5702330" lon="7.5895420">
    <ele>253.4</ele>
    <time>2026-04-04T15:35:59Z</time>
   </trkpt>
   <trkpt lat="47.5702270" lon="7.5894860">
    <ele>253.3</ele>
    <time>2026-04-04T15:36:00Z</time>
   </trkpt>
   <trkpt lat="47.5702240" lon="7.5894320">
    <ele>253.3</ele>
    <time>2026-04-04T15:36:01Z</time>
   </trkpt>
   <trkpt lat="47.5702220" lon="7.5893740">
    <ele>253.2</ele>
    <time>2026-04-04T15:36:02Z</time>
   </trkpt>
   <trkpt lat="47.5702190" lon="7.5893170">
    <ele>253.1</ele>
    <time>2026-04-04T15:36:03Z</time>
   </trkpt>
   <trkpt lat="47.5702140" lon="7.5892630">
    <ele>253.1</ele>
    <time>2026-04-04T15:36:04Z</time>
   </trkpt>
   <trkpt lat="47.5702090" lon="7.5892070">
    <ele>253.0</ele>
    <time>2026-04-04T15:36:05Z</time>
   </trkpt>
   <trkpt lat="47.5702040" lon="7.5891490">
    <ele>253.0</ele>
    <time>2026-04-04T15:36:06Z</time>
   </trkpt>
   <trkpt lat="47.5701980" lon="7.5890930">
    <ele>252.9</ele>
    <time>2026-04-04T15:36:07Z</time>
   </trkpt>
   <trkpt lat="47.5701950" lon="7.5890340">
    <ele>252.8</ele>
    <time>2026-04-04T15:36:08Z</time>
   </trkpt>
   <trkpt lat="47.5701920" lon="7.5889770">
    <ele>252.8</ele>
    <time>2026-04-04T15:36:09Z</time>
   </trkpt>
   <trkpt lat="47.5701870" lon="7.5889240">
    <ele>252.7</ele>
    <time>2026-04-04T15:36:10Z</time>
   </trkpt>
   <trkpt lat="47.5701820" lon="7.5888720">
    <ele>252.7</ele>
    <time>2026-04-04T15:36:11Z</time>
   </trkpt>
  </trkseg>
 </trk>
</gpx>
